categoria,titulo,url_album,imagem,ordem_imagem
Brasileirao Serie A,Flamengo 26/27 Originals 2 Trefoil Jersey S-4XL2,https://minkang.x.yupoo.com/albums/251868000?uid=1&isSubCate=false&referrercate=680738,https://photo.yupoo.com/minkang/1f95b6144f/large.jpg,1
Brasileirao Serie A,Flamengo 26/27 Originals 2 Trefoil Jersey S-4XL2,https://minkang.x.yupoo.com/albums/251868000?uid=1&isSubCate=false&referrercate=680738,https://photo.yupoo.com/minkang/c1b5cadb2e/large.jpg,2
Brasileirao Serie A,Flamengo 26/27 Originals 2 Trefoil Jersey S-4XL2,https://minkang.x.yupoo.com/albums/251868000?uid=1&isSubCate=false&referrercate=680738,https://photo.yupoo.com/minkang/1f95b6144f/square.jpg,3
Brasileirao Serie A,Flamengo 26/27 Originals 2 Trefoil Jersey S-4XL2,https://minkang.x.yupoo.com/albums/251868000?uid=1&isSubCate=false&referrercate=680738,https://photo.yupoo.com/minkang/c1b5cadb2e/square.jpg,4
Brasileirao Serie A,Corinthians 26/27 Special Edition Jersey S-4XL2,https://minkang.x.yupoo.com/albums/251869613?uid=1&isSubCate=false&referrercate=680738,https://photo.yupoo.com/minkang/7350faf3a0/large.jpg,1
Brasileirao Serie A,Corinthians 26/27 Special Edition Jersey S-4XL2,https://minkang.x.yupoo.com/albums/251869613?uid=1&isSubCate=false&referrercate=680738,https://photo.yupoo.com/minkang/f1eaa24e11/large.jpg,2
Brasileirao Serie A,Corinthians 26/27 Special Edition Jersey S-4XL2,https://minkang.x.yupoo.com/albums/251869613?uid=1&isSubCate=false&referrercate=680738,https://photo.yupoo.com/minkang/7350faf3a0/square.jpg,3
Brasileirao Serie A,Corinthians 26/27 Special Edition Jersey S-4XL2,https://minkang.x.yupoo.com/albums/251869613?uid=1&isSubCate=false&referrercate=680738,https://photo.yupoo.com/minkang/f1eaa24e11/square.jpg,4
Brasileirao Serie A,Corinthians 26/27 Pre-Match Jersey S-4XL2,https://minkang.x.yupoo.com/albums/251869603?uid=1&isSubCate=false&referrercate=680738,https://photo.yupoo.com/minkang/c6e1d52d4a/large.jpg,1
Brasileirao Serie A,Corinthians 26/27 Pre-Match Jersey S-4XL2,https://minkang.x.yupoo.com/albums/251869603?uid=1&isSubCate=false&referrercate=680738,https://photo.yupoo.com/minkang/fc3f3c440e/large.jpg,2
Brasileirao Serie A,Corinthians 26/27 Pre-Match Jersey S-4XL2,https://minkang.x.yupoo.com/albums/251869603?uid=1&isSubCate=false&referrercate=680738,https://photo.yupoo.com/minkang/fc3f3c440e/square.jpg,3
Brasileirao Serie A,Corinthians 26/27 Pre-Match Jersey S-4XL2,https://minkang.x.yupoo.com/albums/251869603?uid=1&isSubCate=false&referrercate=680738,https://photo.yupoo.com/minkang/c6e1d52d4a/square.jpg,4
Brasileirao Serie A,Corinthians 26/27 Special Edition Player Version Jersey - Yellow S-4XL2,https://minkang.x.yupoo.com/albums/251869710?uid=1&isSubCate=false&referrercate=680738,https://photo.yupoo.com/minkang/0f8f3ef387/large.jpg,1
Brasileirao Serie A,Corinthians 26/27 Special Edition Player Version Jersey - Yellow S-4XL2,https://minkang.x.yupoo.com/albums/251869710?uid=1&isSubCate=false&referrercate=680738,https://photo.yupoo.com/minkang/cf794396bb/large.jpg,2
Brasileirao Serie A,Corinthians 26/27 Special Edition Player Version Jersey - Yellow S-4XL2,https://minkang.x.yupoo.com/albums/251869710?uid=1&isSubCate=false&referrercate=680738,https://photo.yupoo.com/minkang/cf794396bb/square.jpg,3
Brasileirao Serie A,Corinthians 26/27 Special Edition Player Version Jersey - Yellow S-4XL2,https://minkang.x.yupoo.com/albums/251869710?uid=1&isSubCate=false&referrercate=680738,https://photo.yupoo.com/minkang/0f8f3ef387/square.jpg,4
Brasileirao Serie A,Corinthians 26/27 Special Edition Player Version Jersey - Black S-4XL2,https://minkang.x.yupoo.com/albums/251869636?uid=1&isSubCate=false&referrercate=680738,https://photo.yupoo.com/minkang/c8905d1ffb/large.jpg,1
Brasileirao Serie A,Corinthians 26/27 Special Edition Player Version Jersey - Black S-4XL2,https://minkang.x.yupoo.com/albums/251869636?uid=1&isSubCate=false&referrercate=680738,https://photo.yupoo.com/minkang/85e23a0378/large.jpg,2
Brasileirao Serie A,Corinthians 26/27 Special Edition Player Version Jersey - Black S-4XL2,https://minkang.x.yupoo.com/albums/251869636?uid=1&isSubCate=false&referrercate=680738,https://photo.yupoo.com/minkang/85e23a0378/square.jpg,3
Brasileirao Serie A,Corinthians 26/27 Special Edition Player Version Jersey - Black S-4XL2,https://minkang.x.yupoo.com/albums/251869636?uid=1&isSubCate=false&referrercate=680738,https://photo.yupoo.com/minkang/c8905d1ffb/square.jpg,4
Brasileirao Serie A,Botafogo 26/27 home jersey S-4XL2,https://minkang.x.yupoo.com/albums/252314403?uid=1&isSubCate=false&referrercate=680738,https://photo.yupoo.com/minkang/2f5e239d22/large.jpg,1
Brasileirao Serie A,Botafogo 26/27 home jersey S-4XL2,https://minkang.x.yupoo.com/albums/252314403?uid=1&isSubCate=false&referrercate=680738,https://photo.yupoo.com/minkang/e6e2108d45/large.jpg,2
Brasileirao Serie A,Botafogo 26/27 home jersey S-4XL2,https://minkang.x.yupoo.com/albums/252314403?uid=1&isSubCate=false&referrercate=680738,https://photo.yupoo.com/minkang/e6e2108d45/square.jpg,3
Brasileirao Serie A,Botafogo 26/27 home jersey S-4XL2,https://minkang.x.yupoo.com/albums/252314403?uid=1&isSubCate=false&referrercate=680738,https://photo.yupoo.com/minkang/2f5e239d22/square.jpg,4
Brasileirao Serie A,Flamengo 26/27 Away Jersey (Version with Sponsor Logos) S-4XL2,https://minkang.x.yupoo.com/albums/252314641?uid=1&isSubCate=false&referrercate=680738,https://photo.yupoo.com/minkang/86746fe18b/large.jpg,1
Brasileirao Serie A,Flamengo 26/27 Away Jersey (Version with Sponsor Logos) S-4XL2,https://minkang.x.yupoo.com/albums/252314641?uid=1&isSubCate=false&referrercate=680738,https://photo.yupoo.com/minkang/9bb8f9ea18/large.jpg,2
Brasileirao Serie A,Flamengo 26/27 Away Jersey (Version with Sponsor Logos) S-4XL2,https://minkang.x.yupoo.com/albums/252314641?uid=1&isSubCate=false&referrercate=680738,https://photo.yupoo.com/minkang/9bb8f9ea18/square.jpg,3
Brasileirao Serie A,Flamengo 26/27 Away Jersey (Version with Sponsor Logos) S-4XL2,https://minkang.x.yupoo.com/albums/252314641?uid=1&isSubCate=false&referrercate=680738,https://photo.yupoo.com/minkang/86746fe18b/square.jpg,4
Brasileirao Serie A,Juventus 26/27 away jersey S-4XL2,https://minkang.x.yupoo.com/albums/252315379?uid=1&isSubCate=false&referrercate=680738,https://photo.yupoo.com/minkang/a07ba226b7/large.jpg,1
Brasileirao Serie A,Juventus 26/27 away jersey S-4XL2,https://minkang.x.yupoo.com/albums/252315379?uid=1&isSubCate=false&referrercate=680738,https://photo.yupoo.com/minkang/7a2c048965/large.jpg,2
Brasileirao Serie A,Juventus 26/27 away jersey S-4XL2,https://minkang.x.yupoo.com/albums/252315379?uid=1&isSubCate=false&referrercate=680738,https://photo.yupoo.com/minkang/7a2c048965/square.jpg,3
Brasileirao Serie A,Juventus 26/27 away jersey S-4XL2,https://minkang.x.yupoo.com/albums/252315379?uid=1&isSubCate=false&referrercate=680738,https://photo.yupoo.com/minkang/a07ba226b7/square.jpg,4
Brasileirao Serie A,Nacional 26/27 Home Jersey S-4XL2,https://minkang.x.yupoo.com/albums/252315407?uid=1&isSubCate=false&referrercate=680738,https://photo.yupoo.com/minkang/a5c51188de/large.jpg,1
Brasileirao Serie A,Nacional 26/27 Home Jersey S-4XL2,https://minkang.x.yupoo.com/albums/252315407?uid=1&isSubCate=false&referrercate=680738,https://photo.yupoo.com/minkang/2d1fbe4987/large.jpg,2
Brasileirao Serie A,Nacional 26/27 Home Jersey S-4XL2,https://minkang.x.yupoo.com/albums/252315407?uid=1&isSubCate=false&referrercate=680738,https://photo.yupoo.com/minkang/2d1fbe4987/square.jpg,3
Brasileirao Serie A,Nacional 26/27 Home Jersey S-4XL2,https://minkang.x.yupoo.com/albums/252315407?uid=1&isSubCate=false&referrercate=680738,https://photo.yupoo.com/minkang/a5c51188de/square.jpg,4
Brasileirao Serie A,Flamengo 26/27 Third Away Match Jersey S-4XL8,https://minkang.x.yupoo.com/albums/252342950?uid=1&isSubCate=false&referrercate=680738,https://photo.yupoo.com/minkang/266d5ae70c/large.jpg,1
Brasileirao Serie A,Flamengo 26/27 Third Away Match Jersey S-4XL8,https://minkang.x.yupoo.com/albums/252342950?uid=1&isSubCate=false&referrercate=680738,https://photo.yupoo.com/minkang/fd5bf6d961/large.jpg,2
Brasileirao Serie A,Flamengo 26/27 Third Away Match Jersey S-4XL8,https://minkang.x.yupoo.com/albums/252342950?uid=1&isSubCate=false&referrercate=680738,https://photo.yupoo.com/minkang/88b303cb01/large.jpg,3
Brasileirao Serie A,Flamengo 26/27 Third Away Match Jersey S-4XL8,https://minkang.x.yupoo.com/albums/252342950?uid=1&isSubCate=false&referrercate=680738,https://photo.yupoo.com/minkang/625c889051/large.jpg,4
Brasileirao Serie A,Flamengo 26/27 Third Away Match Jersey S-4XL8,https://minkang.x.yupoo.com/albums/252342950?uid=1&isSubCate=false&referrercate=680738,https://photo.yupoo.com/minkang/aad653ca0c/large.jpg,5
Brasileirao Serie A,Flamengo 26/27 Third Away Match Jersey S-4XL8,https://minkang.x.yupoo.com/albums/252342950?uid=1&isSubCate=false&referrercate=680738,https://photo.yupoo.com/minkang/33eb418988/large.jpg,6
Brasileirao Serie A,Flamengo 26/27 Third Away Match Jersey S-4XL8,https://minkang.x.yupoo.com/albums/252342950?uid=1&isSubCate=false&referrercate=680738,https://photo.yupoo.com/minkang/b31a7e9bcb/large.jpg,7
Brasileirao Serie A,Flamengo 26/27 Third Away Match Jersey S-4XL8,https://minkang.x.yupoo.com/albums/252342950?uid=1&isSubCate=false&referrercate=680738,https://photo.yupoo.com/minkang/747efe07c9/large.jpg,8
Brasileirao Serie A,Flamengo 26/27 Third Away Match Jersey S-4XL8,https://minkang.x.yupoo.com/albums/252342950?uid=1&isSubCate=false&referrercate=680738,https://photo.yupoo.com/minkang/266d5ae70c/square.jpg,9
Brasileirao Serie A,Flamengo 26/27 Third Away Match Jersey S-4XL8,https://minkang.x.yupoo.com/albums/252342950?uid=1&isSubCate=false&referrercate=680738,https://photo.yupoo.com/minkang/fd5bf6d961/square.jpg,10
Brasileirao Serie A,Flamengo 26/27 Third Away Match Jersey S-4XL8,https://minkang.x.yupoo.com/albums/252342950?uid=1&isSubCate=false&referrercate=680738,https://photo.yupoo.com/minkang/88b303cb01/square.jpg,11
Brasileirao Serie A,Flamengo 26/27 Third Away Match Jersey S-4XL8,https://minkang.x.yupoo.com/albums/252342950?uid=1&isSubCate=false&referrercate=680738,https://photo.yupoo.com/minkang/625c889051/square.jpg,12
Brasileirao Serie A,Flamengo 26/27 Third Away Match Jersey S-4XL8,https://minkang.x.yupoo.com/albums/252342950?uid=1&isSubCate=false&referrercate=680738,https://photo.yupoo.com/minkang/aad653ca0c/square.jpg,13
Brasileirao Serie A,Flamengo 26/27 Third Away Match Jersey S-4XL8,https://minkang.x.yupoo.com/albums/252342950?uid=1&isSubCate=false&referrercate=680738,https://photo.yupoo.com/minkang/33eb418988/square.jpg,14
Brasileirao Serie A,Flamengo 26/27 Third Away Match Jersey S-4XL8,https://minkang.x.yupoo.com/albums/252342950?uid=1&isSubCate=false&referrercate=680738,https://photo.yupoo.com/minkang/b31a7e9bcb/square.jpg,15
Brasileirao Serie A,Flamengo 26/27 Third Away Match Jersey S-4XL8,https://minkang.x.yupoo.com/albums/252342950?uid=1&isSubCate=false&referrercate=680738,https://photo.yupoo.com/minkang/747efe07c9/square.jpg,16
Brasileirao Serie A,Bahia 26/27 Member Jersey S-4XL7,https://minkang.x.yupoo.com/albums/252343301?uid=1&isSubCate=false&referrercate=680738,https://photo.yupoo.com/minkang/1459e20b17/large.jpg,1
Brasileirao Serie A,Bahia 26/27 Member Jersey S-4XL7,https://minkang.x.yupoo.com/albums/252343301?uid=1&isSubCate=false&referrercate=680738,https://photo.yupoo.com/minkang/f023e4ef38/large.jpg,2
Brasileirao Serie A,Bahia 26/27 Member Jersey S-4XL7,https://minkang.x.yupoo.com/albums/252343301?uid=1&isSubCate=false&referrercate=680738,https://photo.yupoo.com/minkang/a436703556/large.jpg,3
Brasileirao Serie A,Bahia 26/27 Member Jersey S-4XL7,https://minkang.x.yupoo.com/albums/252343301?uid=1&isSubCate=false&referrercate=680738,https://photo.yupoo.com/minkang/57062d5bac/large.jpg,4
Brasileirao Serie A,Bahia 26/27 Member Jersey S-4XL7,https://minkang.x.yupoo.com/albums/252343301?uid=1&isSubCate=false&referrercate=680738,https://photo.yupoo.com/minkang/3e03609dcc/large.jpg,5
Brasileirao Serie A,Bahia 26/27 Member Jersey S-4XL7,https://minkang.x.yupoo.com/albums/252343301?uid=1&isSubCate=false&referrercate=680738,https://photo.yupoo.com/minkang/1b09caebeb/large.jpg,6
Brasileirao Serie A,Bahia 26/27 Member Jersey S-4XL7,https://minkang.x.yupoo.com/albums/252343301?uid=1&isSubCate=false&referrercate=680738,https://photo.yupoo.com/minkang/58d8c287ef/large.jpg,7
Brasileirao Serie A,Bahia 26/27 Member Jersey S-4XL7,https://minkang.x.yupoo.com/albums/252343301?uid=1&isSubCate=false&referrercate=680738,https://photo.yupoo.com/minkang/f023e4ef38/square.jpg,8
Brasileirao Serie A,Bahia 26/27 Member Jersey S-4XL7,https://minkang.x.yupoo.com/albums/252343301?uid=1&isSubCate=false&referrercate=680738,https://photo.yupoo.com/minkang/1459e20b17/square.jpg,9
Brasileirao Serie A,Bahia 26/27 Member Jersey S-4XL7,https://minkang.x.yupoo.com/albums/252343301?uid=1&isSubCate=false&referrercate=680738,https://photo.yupoo.com/minkang/a436703556/square.jpg,10
Brasileirao Serie A,Bahia 26/27 Member Jersey S-4XL7,https://minkang.x.yupoo.com/albums/252343301?uid=1&isSubCate=false&referrercate=680738,https://photo.yupoo.com/minkang/57062d5bac/square.jpg,11
Brasileirao Serie A,Bahia 26/27 Member Jersey S-4XL7,https://minkang.x.yupoo.com/albums/252343301?uid=1&isSubCate=false&referrercate=680738,https://photo.yupoo.com/minkang/3e03609dcc/square.jpg,12
Brasileirao Serie A,Bahia 26/27 Member Jersey S-4XL7,https://minkang.x.yupoo.com/albums/252343301?uid=1&isSubCate=false&referrercate=680738,https://photo.yupoo.com/minkang/1b09caebeb/square.jpg,13
Brasileirao Serie A,Bahia 26/27 Member Jersey S-4XL7,https://minkang.x.yupoo.com/albums/252343301?uid=1&isSubCate=false&referrercate=680738,https://photo.yupoo.com/minkang/58d8c287ef/square.jpg,14
Brasileirao Serie A,Remo 26/27 Goalkeeper Jersey S-4XL8,https://minkang.x.yupoo.com/albums/252343369?uid=1&isSubCate=false&referrercate=680738,https://photo.yupoo.com/minkang/e87fdb120d/large.jpg,1
Brasileirao Serie A,Remo 26/27 Goalkeeper Jersey S-4XL8,https://minkang.x.yupoo.com/albums/252343369?uid=1&isSubCate=false&referrercate=680738,https://photo.yupoo.com/minkang/094684586e/large.jpg,2
Brasileirao Serie A,Remo 26/27 Goalkeeper Jersey S-4XL8,https://minkang.x.yupoo.com/albums/252343369?uid=1&isSubCate=false&referrercate=680738,https://photo.yupoo.com/minkang/5634d1bceb/large.jpg,3
Brasileirao Serie A,Remo 26/27 Goalkeeper Jersey S-4XL8,https://minkang.x.yupoo.com/albums/252343369?uid=1&isSubCate=false&referrercate=680738,https://photo.yupoo.com/minkang/36f248c507/large.jpg,4
Brasileirao Serie A,Remo 26/27 Goalkeeper Jersey S-4XL8,https://minkang.x.yupoo.com/albums/252343369?uid=1&isSubCate=false&referrercate=680738,https://photo.yupoo.com/minkang/9c2e21368b/large.jpg,5
Brasileirao Serie A,Remo 26/27 Goalkeeper Jersey S-4XL8,https://minkang.x.yupoo.com/albums/252343369?uid=1&isSubCate=false&referrercate=680738,https://photo.yupoo.com/minkang/d6650127c9/large.jpg,6
Brasileirao Serie A,Remo 26/27 Goalkeeper Jersey S-4XL8,https://minkang.x.yupoo.com/albums/252343369?uid=1&isSubCate=false&referrercate=680738,https://photo.yupoo.com/minkang/730b369390/large.jpg,7
Brasileirao Serie A,Remo 26/27 Goalkeeper Jersey S-4XL8,https://minkang.x.yupoo.com/albums/252343369?uid=1&isSubCate=false&referrercate=680738,https://photo.yupoo.com/minkang/ae0316cbf8/large.jpg,8
Brasileirao Serie A,Remo 26/27 Goalkeeper Jersey S-4XL8,https://minkang.x.yupoo.com/albums/252343369?uid=1&isSubCate=false&referrercate=680738,https://photo.yupoo.com/minkang/e87fdb120d/square.jpg,9
Brasileirao Serie A,Remo 26/27 Goalkeeper Jersey S-4XL8,https://minkang.x.yupoo.com/albums/252343369?uid=1&isSubCate=false&referrercate=680738,https://photo.yupoo.com/minkang/094684586e/square.jpg,10
Brasileirao Serie A,Remo 26/27 Goalkeeper Jersey S-4XL8,https://minkang.x.yupoo.com/albums/252343369?uid=1&isSubCate=false&referrercate=680738,https://photo.yupoo.com/minkang/5634d1bceb/square.jpg,11
Brasileirao Serie A,Remo 26/27 Goalkeeper Jersey S-4XL8,https://minkang.x.yupoo.com/albums/252343369?uid=1&isSubCate=false&referrercate=680738,https://photo.yupoo.com/minkang/36f248c507/square.jpg,12
Brasileirao Serie A,Remo 26/27 Goalkeeper Jersey S-4XL8,https://minkang.x.yupoo.com/albums/252343369?uid=1&isSubCate=false&referrercate=680738,https://photo.yupoo.com/minkang/9c2e21368b/square.jpg,13
Brasileirao Serie A,Remo 26/27 Goalkeeper Jersey S-4XL8,https://minkang.x.yupoo.com/albums/252343369?uid=1&isSubCate=false&referrercate=680738,https://photo.yupoo.com/minkang/d6650127c9/square.jpg,14
Brasileirao Serie A,Remo 26/27 Goalkeeper Jersey S-4XL8,https://minkang.x.yupoo.com/albums/252343369?uid=1&isSubCate=false&referrercate=680738,https://photo.yupoo.com/minkang/730b369390/square.jpg,15
Brasileirao Serie A,Remo 26/27 Goalkeeper Jersey S-4XL8,https://minkang.x.yupoo.com/albums/252343369?uid=1&isSubCate=false&referrercate=680738,https://photo.yupoo.com/minkang/ae0316cbf8/square.jpg,16
Brasileirao Serie A,Fluminense 26/27 Third Jersey S-4XL8,https://minkang.x.yupoo.com/albums/252343679?uid=1&isSubCate=false&referrercate=680738,https://photo.yupoo.com/minkang/95c5c2a567/large.jpg,1
Brasileirao Serie A,Fluminense 26/27 Third Jersey S-4XL8,https://minkang.x.yupoo.com/albums/252343679?uid=1&isSubCate=false&referrercate=680738,https://photo.yupoo.com/minkang/9484e2521a/large.jpg,2
Brasileirao Serie A,Fluminense 26/27 Third Jersey S-4XL8,https://minkang.x.yupoo.com/albums/252343679?uid=1&isSubCate=false&referrercate=680738,https://photo.yupoo.com/minkang/b9643cf90f/large.jpg,3
Brasileirao Serie A,Fluminense 26/27 Third Jersey S-4XL8,https://minkang.x.yupoo.com/albums/252343679?uid=1&isSubCate=false&referrercate=680738,https://photo.yupoo.com/minkang/2d0c7054d5/large.jpg,4
Brasileirao Serie A,Fluminense 26/27 Third Jersey S-4XL8,https://minkang.x.yupoo.com/albums/252343679?uid=1&isSubCate=false&referrercate=680738,https://photo.yupoo.com/minkang/08ec1963ca/large.jpg,5
Brasileirao Serie A,Fluminense 26/27 Third Jersey S-4XL8,https://minkang.x.yupoo.com/albums/252343679?uid=1&isSubCate=false&referrercate=680738,https://photo.yupoo.com/minkang/70bc71419c/large.jpg,6
Brasileirao Serie A,Fluminense 26/27 Third Jersey S-4XL8,https://minkang.x.yupoo.com/albums/252343679?uid=1&isSubCate=false&referrercate=680738,https://photo.yupoo.com/minkang/dc2ed057a3/large.jpg,7
Brasileirao Serie A,Fluminense 26/27 Third Jersey S-4XL8,https://minkang.x.yupoo.com/albums/252343679?uid=1&isSubCate=false&referrercate=680738,https://photo.yupoo.com/minkang/d6be26fe8c/large.jpg,8
Brasileirao Serie A,Fluminense 26/27 Third Jersey S-4XL8,https://minkang.x.yupoo.com/albums/252343679?uid=1&isSubCate=false&referrercate=680738,https://photo.yupoo.com/minkang/9484e2521a/square.jpg,9
Brasileirao Serie A,Fluminense 26/27 Third Jersey S-4XL8,https://minkang.x.yupoo.com/albums/252343679?uid=1&isSubCate=false&referrercate=680738,https://photo.yupoo.com/minkang/95c5c2a567/square.jpg,10
Brasileirao Serie A,Fluminense 26/27 Third Jersey S-4XL8,https://minkang.x.yupoo.com/albums/252343679?uid=1&isSubCate=false&referrercate=680738,https://photo.yupoo.com/minkang/b9643cf90f/square.jpg,11
Brasileirao Serie A,Fluminense 26/27 Third Jersey S-4XL8,https://minkang.x.yupoo.com/albums/252343679?uid=1&isSubCate=false&referrercate=680738,https://photo.yupoo.com/minkang/2d0c7054d5/square.jpg,12
Brasileirao Serie A,Fluminense 26/27 Third Jersey S-4XL8,https://minkang.x.yupoo.com/albums/252343679?uid=1&isSubCate=false&referrercate=680738,https://photo.yupoo.com/minkang/08ec1963ca/square.jpg,13
Brasileirao Serie A,Fluminense 26/27 Third Jersey S-4XL8,https://minkang.x.yupoo.com/albums/252343679?uid=1&isSubCate=false&referrercate=680738,https://photo.yupoo.com/minkang/70bc71419c/square.jpg,14
Brasileirao Serie A,Fluminense 26/27 Third Jersey S-4XL8,https://minkang.x.yupoo.com/albums/252343679?uid=1&isSubCate=false&referrercate=680738,https://photo.yupoo.com/minkang/dc2ed057a3/square.jpg,15
Brasileirao Serie A,Fluminense 26/27 Third Jersey S-4XL8,https://minkang.x.yupoo.com/albums/252343679?uid=1&isSubCate=false&referrercate=680738,https://photo.yupoo.com/minkang/d6be26fe8c/square.jpg,16
Brasileirao Serie A,Bahia 26/27 Special Edition Jersey S-4XL7,https://minkang.x.yupoo.com/albums/252343750?uid=1&isSubCate=false&referrercate=680738,https://photo.yupoo.com/minkang/44fa7f5263/large.jpg,1
Brasileirao Serie A,Bahia 26/27 Special Edition Jersey S-4XL7,https://minkang.x.yupoo.com/albums/252343750?uid=1&isSubCate=false&referrercate=680738,https://photo.yupoo.com/minkang/377ca7d1e0/large.jpg,2
Brasileirao Serie A,Bahia 26/27 Special Edition Jersey S-4XL7,https://minkang.x.yupoo.com/albums/252343750?uid=1&isSubCate=false&referrercate=680738,https://photo.yupoo.com/minkang/a7a2c7fee3/large.jpg,3
Brasileirao Serie A,Bahia 26/27 Special Edition Jersey S-4XL7,https://minkang.x.yupoo.com/albums/252343750?uid=1&isSubCate=false&referrercate=680738,https://photo.yupoo.com/minkang/701cf7a231/large.jpg,4
Brasileirao Serie A,Bahia 26/27 Special Edition Jersey S-4XL7,https://minkang.x.yupoo.com/albums/252343750?uid=1&isSubCate=false&referrercate=680738,https://photo.yupoo.com/minkang/bf8092280b/large.jpg,5
Brasileirao Serie A,Bahia 26/27 Special Edition Jersey S-4XL7,https://minkang.x.yupoo.com/albums/252343750?uid=1&isSubCate=false&referrercate=680738,https://photo.yupoo.com/minkang/6ce1be89e9/large.jpg,6
Brasileirao Serie A,Bahia 26/27 Special Edition Jersey S-4XL7,https://minkang.x.yupoo.com/albums/252343750?uid=1&isSubCate=false&referrercate=680738,https://photo.yupoo.com/minkang/bbdbd7c4a3/large.jpg,7
Brasileirao Serie A,Bahia 26/27 Special Edition Jersey S-4XL7,https://minkang.x.yupoo.com/albums/252343750?uid=1&isSubCate=false&referrercate=680738,https://photo.yupoo.com/minkang/44fa7f5263/square.jpg,8
Brasileirao Serie A,Bahia 26/27 Special Edition Jersey S-4XL7,https://minkang.x.yupoo.com/albums/252343750?uid=1&isSubCate=false&referrercate=680738,https://photo.yupoo.com/minkang/377ca7d1e0/square.jpg,9
Brasileirao Serie A,Bahia 26/27 Special Edition Jersey S-4XL7,https://minkang.x.yupoo.com/albums/252343750?uid=1&isSubCate=false&referrercate=680738,https://photo.yupoo.com/minkang/a7a2c7fee3/square.jpg,10
Brasileirao Serie A,Bahia 26/27 Special Edition Jersey S-4XL7,https://minkang.x.yupoo.com/albums/252343750?uid=1&isSubCate=false&referrercate=680738,https://photo.yupoo.com/minkang/701cf7a231/square.jpg,11
Brasileirao Serie A,Bahia 26/27 Special Edition Jersey S-4XL7,https://minkang.x.yupoo.com/albums/252343750?uid=1&isSubCate=false&referrercate=680738,https://photo.yupoo.com/minkang/bf8092280b/square.jpg,12
Brasileirao Serie A,Bahia 26/27 Special Edition Jersey S-4XL7,https://minkang.x.yupoo.com/albums/252343750?uid=1&isSubCate=false&referrercate=680738,https://photo.yupoo.com/minkang/6ce1be89e9/square.jpg,13
Brasileirao Serie A,Bahia 26/27 Special Edition Jersey S-4XL7,https://minkang.x.yupoo.com/albums/252343750?uid=1&isSubCate=false&referrercate=680738,https://photo.yupoo.com/minkang/bbdbd7c4a3/square.jpg,14
Brasileirao Serie A,Fluminense 26/27 Third Womens Jersey S-XXL7,https://minkang.x.yupoo.com/albums/252344079?uid=1&isSubCate=false&referrercate=680738,https://photo.yupoo.com/minkang/cb979d944d/large.jpg,1
Brasileirao Serie A,Fluminense 26/27 Third Womens Jersey S-XXL7,https://minkang.x.yupoo.com/albums/252344079?uid=1&isSubCate=false&referrercate=680738,https://photo.yupoo.com/minkang/27bf6cacc1/large.jpg,2
Brasileirao Serie A,Fluminense 26/27 Third Womens Jersey S-XXL7,https://minkang.x.yupoo.com/albums/252344079?uid=1&isSubCate=false&referrercate=680738,https://photo.yupoo.com/minkang/29c8edf192/large.jpg,3
Brasileirao Serie A,Fluminense 26/27 Third Womens Jersey S-XXL7,https://minkang.x.yupoo.com/albums/252344079?uid=1&isSubCate=false&referrercate=680738,https://photo.yupoo.com/minkang/ce6fe48e94/large.jpg,4
Brasileirao Serie A,Fluminense 26/27 Third Womens Jersey S-XXL7,https://minkang.x.yupoo.com/albums/252344079?uid=1&isSubCate=false&referrercate=680738,https://photo.yupoo.com/minkang/c3ee7d773a/large.jpg,5
Brasileirao Serie A,Fluminense 26/27 Third Womens Jersey S-XXL7,https://minkang.x.yupoo.com/albums/252344079?uid=1&isSubCate=false&referrercate=680738,https://photo.yupoo.com/minkang/1b6f1fe757/large.jpg,6
Brasileirao Serie A,Fluminense 26/27 Third Womens Jersey S-XXL7,https://minkang.x.yupoo.com/albums/252344079?uid=1&isSubCate=false&referrercate=680738,https://photo.yupoo.com/minkang/2a689a12fe/large.jpg,7
Brasileirao Serie A,Fluminense 26/27 Third Womens Jersey S-XXL7,https://minkang.x.yupoo.com/albums/252344079?uid=1&isSubCate=false&referrercate=680738,https://photo.yupoo.com/minkang/cb979d944d/square.jpg,8
Brasileirao Serie A,Fluminense 26/27 Third Womens Jersey S-XXL7,https://minkang.x.yupoo.com/albums/252344079?uid=1&isSubCate=false&referrercate=680738,https://photo.yupoo.com/minkang/27bf6cacc1/square.jpg,9
Brasileirao Serie A,Fluminense 26/27 Third Womens Jersey S-XXL7,https://minkang.x.yupoo.com/albums/252344079?uid=1&isSubCate=false&referrercate=680738,https://photo.yupoo.com/minkang/29c8edf192/square.jpg,10
Brasileirao Serie A,Fluminense 26/27 Third Womens Jersey S-XXL7,https://minkang.x.yupoo.com/albums/252344079?uid=1&isSubCate=false&referrercate=680738,https://photo.yupoo.com/minkang/ce6fe48e94/square.jpg,11
Brasileirao Serie A,Fluminense 26/27 Third Womens Jersey S-XXL7,https://minkang.x.yupoo.com/albums/252344079?uid=1&isSubCate=false&referrercate=680738,https://photo.yupoo.com/minkang/c3ee7d773a/square.jpg,12
Brasileirao Serie A,Fluminense 26/27 Third Womens Jersey S-XXL7,https://minkang.x.yupoo.com/albums/252344079?uid=1&isSubCate=false&referrercate=680738,https://photo.yupoo.com/minkang/1b6f1fe757/square.jpg,13
Brasileirao Serie A,Fluminense 26/27 Third Womens Jersey S-XXL7,https://minkang.x.yupoo.com/albums/252344079?uid=1&isSubCate=false&referrercate=680738,https://photo.yupoo.com/minkang/2a689a12fe/square.jpg,14
Brasileirao Serie A,Flamengo 26/27 Third Womens Jersey S-XXL7,https://minkang.x.yupoo.com/albums/252344157?uid=1&isSubCate=false&referrercate=680738,https://photo.yupoo.com/minkang/c702553bdf/large.jpg,1
Brasileirao Serie A,Flamengo 26/27 Third Womens Jersey S-XXL7,https://minkang.x.yupoo.com/albums/252344157?uid=1&isSubCate=false&referrercate=680738,https://photo.yupoo.com/minkang/3fa0618466/large.jpg,2
Brasileirao Serie A,Flamengo 26/27 Third Womens Jersey S-XXL7,https://minkang.x.yupoo.com/albums/252344157?uid=1&isSubCate=false&referrercate=680738,https://photo.yupoo.com/minkang/86aa11bd01/large.jpg,3
Brasileirao Serie A,Flamengo 26/27 Third Womens Jersey S-XXL7,https://minkang.x.yupoo.com/albums/252344157?uid=1&isSubCate=false&referrercate=680738,https://photo.yupoo.com/minkang/f82ca9b6e8/large.jpg,4
Brasileirao Serie A,Flamengo 26/27 Third Womens Jersey S-XXL7,https://minkang.x.yupoo.com/albums/252344157?uid=1&isSubCate=false&referrercate=680738,https://photo.yupoo.com/minkang/d3011c6f0d/large.jpg,5
Brasileirao Serie A,Flamengo 26/27 Third Womens Jersey S-XXL7,https://minkang.x.yupoo.com/albums/252344157?uid=1&isSubCate=false&referrercate=680738,https://photo.yupoo.com/minkang/463af955e2/large.jpg,6
Brasileirao Serie A,Flamengo 26/27 Third Womens Jersey S-XXL7,https://minkang.x.yupoo.com/albums/252344157?uid=1&isSubCate=false&referrercate=680738,https://photo.yupoo.com/minkang/6900bfd57f/large.jpg,7
Brasileirao Serie A,Flamengo 26/27 Third Womens Jersey S-XXL7,https://minkang.x.yupoo.com/albums/252344157?uid=1&isSubCate=false&referrercate=680738,https://photo.yupoo.com/minkang/c702553bdf/square.jpg,8
Brasileirao Serie A,Flamengo 26/27 Third Womens Jersey S-XXL7,https://minkang.x.yupoo.com/albums/252344157?uid=1&isSubCate=false&referrercate=680738,https://photo.yupoo.com/minkang/3fa0618466/square.jpg,9
Brasileirao Serie A,Flamengo 26/27 Third Womens Jersey S-XXL7,https://minkang.x.yupoo.com/albums/252344157?uid=1&isSubCate=false&referrercate=680738,https://photo.yupoo.com/minkang/86aa11bd01/square.jpg,10
Brasileirao Serie A,Flamengo 26/27 Third Womens Jersey S-XXL7,https://minkang.x.yupoo.com/albums/252344157?uid=1&isSubCate=false&referrercate=680738,https://photo.yupoo.com/minkang/f82ca9b6e8/square.jpg,11
Brasileirao Serie A,Flamengo 26/27 Third Womens Jersey S-XXL7,https://minkang.x.yupoo.com/albums/252344157?uid=1&isSubCate=false&referrercate=680738,https://photo.yupoo.com/minkang/d3011c6f0d/square.jpg,12
Brasileirao Serie A,Flamengo 26/27 Third Womens Jersey S-XXL7,https://minkang.x.yupoo.com/albums/252344157?uid=1&isSubCate=false&referrercate=680738,https://photo.yupoo.com/minkang/463af955e2/square.jpg,13
Brasileirao Serie A,Flamengo 26/27 Third Womens Jersey S-XXL7,https://minkang.x.yupoo.com/albums/252344157?uid=1&isSubCate=false&referrercate=680738,https://photo.yupoo.com/minkang/6900bfd57f/square.jpg,14
Brasileirao Serie A,Corinthians 26/27 Pre-Match Jersey S-4XL6,https://minkang.x.yupoo.com/albums/252346256?uid=1&isSubCate=false&referrercate=680738,https://photo.yupoo.com/minkang/772a990d2a/large.jpg,1
Brasileirao Serie A,Corinthians 26/27 Pre-Match Jersey S-4XL6,https://minkang.x.yupoo.com/albums/252346256?uid=1&isSubCate=false&referrercate=680738,https://photo.yupoo.com/minkang/8a32a782fc/large.jpg,2
Brasileirao Serie A,Corinthians 26/27 Pre-Match Jersey S-4XL6,https://minkang.x.yupoo.com/albums/252346256?uid=1&isSubCate=false&referrercate=680738,https://photo.yupoo.com/minkang/f71f57a08c/large.jpg,3
Brasileirao Serie A,Corinthians 26/27 Pre-Match Jersey S-4XL6,https://minkang.x.yupoo.com/albums/252346256?uid=1&isSubCate=false&referrercate=680738,https://photo.yupoo.com/minkang/a2046a1ad4/large.jpg,4
Brasileirao Serie A,Corinthians 26/27 Pre-Match Jersey S-4XL6,https://minkang.x.yupoo.com/albums/252346256?uid=1&isSubCate=false&referrercate=680738,https://photo.yupoo.com/minkang/0bf5d1666f/large.jpg,5
Brasileirao Serie A,Corinthians 26/27 Pre-Match Jersey S-4XL6,https://minkang.x.yupoo.com/albums/252346256?uid=1&isSubCate=false&referrercate=680738,https://photo.yupoo.com/minkang/ecc290f096/large.jpg,6
Brasileirao Serie A,Corinthians 26/27 Pre-Match Jersey S-4XL6,https://minkang.x.yupoo.com/albums/252346256?uid=1&isSubCate=false&referrercate=680738,https://photo.yupoo.com/minkang/772a990d2a/square.jpg,7
Brasileirao Serie A,Corinthians 26/27 Pre-Match Jersey S-4XL6,https://minkang.x.yupoo.com/albums/252346256?uid=1&isSubCate=false&referrercate=680738,https://photo.yupoo.com/minkang/8a32a782fc/square.jpg,8
Brasileirao Serie A,Corinthians 26/27 Pre-Match Jersey S-4XL6,https://minkang.x.yupoo.com/albums/252346256?uid=1&isSubCate=false&referrercate=680738,https://photo.yupoo.com/minkang/f71f57a08c/square.jpg,9
Brasileirao Serie A,Corinthians 26/27 Pre-Match Jersey S-4XL6,https://minkang.x.yupoo.com/albums/252346256?uid=1&isSubCate=false&referrercate=680738,https://photo.yupoo.com/minkang/a2046a1ad4/square.jpg,10
Brasileirao Serie A,Corinthians 26/27 Pre-Match Jersey S-4XL6,https://minkang.x.yupoo.com/albums/252346256?uid=1&isSubCate=false&referrercate=680738,https://photo.yupoo.com/minkang/0bf5d1666f/square.jpg,11
Brasileirao Serie A,Corinthians 26/27 Pre-Match Jersey S-4XL6,https://minkang.x.yupoo.com/albums/252346256?uid=1&isSubCate=false&referrercate=680738,https://photo.yupoo.com/minkang/ecc290f096/square.jpg,12
Brasileirao Serie A,Botafogo 26/27 Away GK Jersey S-4XL10,https://minkang.x.yupoo.com/albums/252346459?uid=1&isSubCate=false&referrercate=680738,https://photo.yupoo.com/minkang/dc525c877b/large.jpg,1
Brasileirao Serie A,Botafogo 26/27 Away GK Jersey S-4XL10,https://minkang.x.yupoo.com/albums/252346459?uid=1&isSubCate=false&referrercate=680738,https://photo.yupoo.com/minkang/71fa65c592/large.jpg,2
Brasileirao Serie A,Botafogo 26/27 Away GK Jersey S-4XL10,https://minkang.x.yupoo.com/albums/252346459?uid=1&isSubCate=false&referrercate=680738,https://photo.yupoo.com/minkang/bd086ff71a/large.jpg,3
Brasileirao Serie A,Botafogo 26/27 Away GK Jersey S-4XL10,https://minkang.x.yupoo.com/albums/252346459?uid=1&isSubCate=false&referrercate=680738,https://photo.yupoo.com/minkang/f1b0026c3a/large.jpg,4
Brasileirao Serie A,Botafogo 26/27 Away GK Jersey S-4XL10,https://minkang.x.yupoo.com/albums/252346459?uid=1&isSubCate=false&referrercate=680738,https://photo.yupoo.com/minkang/634089e61b/large.jpg,5
Brasileirao Serie A,Botafogo 26/27 Away GK Jersey S-4XL10,https://minkang.x.yupoo.com/albums/252346459?uid=1&isSubCate=false&referrercate=680738,https://photo.yupoo.com/minkang/96bea94a58/large.jpg,6
Brasileirao Serie A,Botafogo 26/27 Away GK Jersey S-4XL10,https://minkang.x.yupoo.com/albums/252346459?uid=1&isSubCate=false&referrercate=680738,https://photo.yupoo.com/minkang/407e194a3b/large.jpg,7
Brasileirao Serie A,Botafogo 26/27 Away GK Jersey S-4XL10,https://minkang.x.yupoo.com/albums/252346459?uid=1&isSubCate=false&referrercate=680738,https://photo.yupoo.com/minkang/692c33f6d6/large.jpg,8
Brasileirao Serie A,Botafogo 26/27 Away GK Jersey S-4XL10,https://minkang.x.yupoo.com/albums/252346459?uid=1&isSubCate=false&referrercate=680738,https://photo.yupoo.com/minkang/649a28a849/large.jpg,9
Brasileirao Serie A,Botafogo 26/27 Away GK Jersey S-4XL10,https://minkang.x.yupoo.com/albums/252346459?uid=1&isSubCate=false&referrercate=680738,https://photo.yupoo.com/minkang/e1007a2d9e/large.jpg,10
Brasileirao Serie A,Botafogo 26/27 Away GK Jersey S-4XL10,https://minkang.x.yupoo.com/albums/252346459?uid=1&isSubCate=false&referrercate=680738,https://photo.yupoo.com/minkang/dc525c877b/square.jpg,11
Brasileirao Serie A,Botafogo 26/27 Away GK Jersey S-4XL10,https://minkang.x.yupoo.com/albums/252346459?uid=1&isSubCate=false&referrercate=680738,https://photo.yupoo.com/minkang/71fa65c592/square.jpg,12
Brasileirao Serie A,Botafogo 26/27 Away GK Jersey S-4XL10,https://minkang.x.yupoo.com/albums/252346459?uid=1&isSubCate=false&referrercate=680738,https://photo.yupoo.com/minkang/bd086ff71a/square.jpg,13
Brasileirao Serie A,Botafogo 26/27 Away GK Jersey S-4XL10,https://minkang.x.yupoo.com/albums/252346459?uid=1&isSubCate=false&referrercate=680738,https://photo.yupoo.com/minkang/f1b0026c3a/square.jpg,14
Brasileirao Serie A,Botafogo 26/27 Away GK Jersey S-4XL10,https://minkang.x.yupoo.com/albums/252346459?uid=1&isSubCate=false&referrercate=680738,https://photo.yupoo.com/minkang/634089e61b/square.jpg,15
Brasileirao Serie A,Botafogo 26/27 Away GK Jersey S-4XL10,https://minkang.x.yupoo.com/albums/252346459?uid=1&isSubCate=false&referrercate=680738,https://photo.yupoo.com/minkang/96bea94a58/square.jpg,16
Brasileirao Serie A,Botafogo 26/27 Away GK Jersey S-4XL10,https://minkang.x.yupoo.com/albums/252346459?uid=1&isSubCate=false&referrercate=680738,https://photo.yupoo.com/minkang/407e194a3b/square.jpg,17
Brasileirao Serie A,Botafogo 26/27 Away GK Jersey S-4XL10,https://minkang.x.yupoo.com/albums/252346459?uid=1&isSubCate=false&referrercate=680738,https://photo.yupoo.com/minkang/692c33f6d6/square.jpg,18
Brasileirao Serie A,Botafogo 26/27 Away GK Jersey S-4XL10,https://minkang.x.yupoo.com/albums/252346459?uid=1&isSubCate=false&referrercate=680738,https://photo.yupoo.com/minkang/649a28a849/square.jpg,19
Brasileirao Serie A,Botafogo 26/27 Away GK Jersey S-4XL10,https://minkang.x.yupoo.com/albums/252346459?uid=1&isSubCate=false&referrercate=680738,https://photo.yupoo.com/minkang/e1007a2d9e/square.jpg,20
Brasileirao Serie A,Flamengo 26/27 Goalkeeper Orange Jersey S-2XL2,https://minkang.x.yupoo.com/albums/252347792?uid=1&isSubCate=false&referrercate=680738,https://photo.yupoo.com/minkang/851c5228b6/large.jpg,1
Brasileirao Serie A,Flamengo 26/27 Goalkeeper Orange Jersey S-2XL2,https://minkang.x.yupoo.com/albums/252347792?uid=1&isSubCate=false&referrercate=680738,https://photo.yupoo.com/minkang/ab3de3d124/large.jpg,2
Brasileirao Serie A,Flamengo 26/27 Goalkeeper Orange Jersey S-2XL2,https://minkang.x.yupoo.com/albums/252347792?uid=1&isSubCate=false&referrercate=680738,https://photo.yupoo.com/minkang/ab3de3d124/square.jpg,3
Brasileirao Serie A,Flamengo 26/27 Goalkeeper Orange Jersey S-2XL2,https://minkang.x.yupoo.com/albums/252347792?uid=1&isSubCate=false&referrercate=680738,https://photo.yupoo.com/minkang/851c5228b6/square.jpg,4
Brasileirao Serie A,Juventus 26/27 Third Away Jersey S-4XL2,https://minkang.x.yupoo.com/albums/252347799?uid=1&isSubCate=false&referrercate=680738,https://photo.yupoo.com/minkang/6509060e2f/large.jpg,1
Brasileirao Serie A,Juventus 26/27 Third Away Jersey S-4XL2,https://minkang.x.yupoo.com/albums/252347799?uid=1&isSubCate=false&referrercate=680738,https://photo.yupoo.com/minkang/c8df0bee35/large.jpg,2
Brasileirao Serie A,Juventus 26/27 Third Away Jersey S-4XL2,https://minkang.x.yupoo.com/albums/252347799?uid=1&isSubCate=false&referrercate=680738,https://photo.yupoo.com/minkang/c8df0bee35/square.jpg,3
Brasileirao Serie A,Juventus 26/27 Third Away Jersey S-4XL2,https://minkang.x.yupoo.com/albums/252347799?uid=1&isSubCate=false&referrercate=680738,https://photo.yupoo.com/minkang/6509060e2f/square.jpg,4
Brasileirao Serie A,Red Bull Bragantino 26/27 Home Jersey S-4XL2,https://minkang.x.yupoo.com/albums/251867166?uid=1&isSubCate=false&referrercate=680738,https://photo.yupoo.com/minkang/6f32219634/large.jpg,1
Brasileirao Serie A,Red Bull Bragantino 26/27 Home Jersey S-4XL2,https://minkang.x.yupoo.com/albums/251867166?uid=1&isSubCate=false&referrercate=680738,https://photo.yupoo.com/minkang/92e8992c2e/large.jpg,2
Brasileirao Serie A,Red Bull Bragantino 26/27 Home Jersey S-4XL2,https://minkang.x.yupoo.com/albums/251867166?uid=1&isSubCate=false&referrercate=680738,https://photo.yupoo.com/minkang/92e8992c2e/square.jpg,3
Brasileirao Serie A,Red Bull Bragantino 26/27 Home Jersey S-4XL2,https://minkang.x.yupoo.com/albums/251867166?uid=1&isSubCate=false&referrercate=680738,https://photo.yupoo.com/minkang/6f32219634/square.jpg,4
Brasileirao Serie A,Flamengo 26/27 US Pack Full-Button Baseball Jersey S-4XL2,https://minkang.x.yupoo.com/albums/251866809?uid=1&isSubCate=false&referrercate=680738,https://photo.yupoo.com/minkang/9a04f35148/large.jpg,1
Brasileirao Serie A,Flamengo 26/27 US Pack Full-Button Baseball Jersey S-4XL2,https://minkang.x.yupoo.com/albums/251866809?uid=1&isSubCate=false&referrercate=680738,https://photo.yupoo.com/minkang/ae91cf5e84/large.jpg,2
Brasileirao Serie A,Flamengo 26/27 US Pack Full-Button Baseball Jersey S-4XL2,https://minkang.x.yupoo.com/albums/251866809?uid=1&isSubCate=false&referrercate=680738,https://photo.yupoo.com/minkang/ae91cf5e84/square.jpg,3
Brasileirao Serie A,Flamengo 26/27 US Pack Full-Button Baseball Jersey S-4XL2,https://minkang.x.yupoo.com/albums/251866809?uid=1&isSubCate=false&referrercate=680738,https://photo.yupoo.com/minkang/9a04f35148/square.jpg,4
Brasileirao Serie A,Bahia 26/27 Special Edition - Yellow Jersey S-4XL7,https://minkang.x.yupoo.com/albums/251850402?uid=1&isSubCate=false&referrercate=680738,https://photo.yupoo.com/minkang/e021135387/large.jpg,1
Brasileirao Serie A,Bahia 26/27 Special Edition - Yellow Jersey S-4XL7,https://minkang.x.yupoo.com/albums/251850402?uid=1&isSubCate=false&referrercate=680738,https://photo.yupoo.com/minkang/a34336d41a/large.jpg,2
Brasileirao Serie A,Bahia 26/27 Special Edition - Yellow Jersey S-4XL7,https://minkang.x.yupoo.com/albums/251850402?uid=1&isSubCate=false&referrercate=680738,https://photo.yupoo.com/minkang/5fc0e30a0a/large.jpg,3
Brasileirao Serie A,Bahia 26/27 Special Edition - Yellow Jersey S-4XL7,https://minkang.x.yupoo.com/albums/251850402?uid=1&isSubCate=false&referrercate=680738,https://photo.yupoo.com/minkang/26ad13d16d/large.jpg,4
Brasileirao Serie A,Bahia 26/27 Special Edition - Yellow Jersey S-4XL7,https://minkang.x.yupoo.com/albums/251850402?uid=1&isSubCate=false&referrercate=680738,https://photo.yupoo.com/minkang/7370dc9e98/large.jpg,5
Brasileirao Serie A,Bahia 26/27 Special Edition - Yellow Jersey S-4XL7,https://minkang.x.yupoo.com/albums/251850402?uid=1&isSubCate=false&referrercate=680738,https://photo.yupoo.com/minkang/176ae1c701/large.jpg,6
Brasileirao Serie A,Bahia 26/27 Special Edition - Yellow Jersey S-4XL7,https://minkang.x.yupoo.com/albums/251850402?uid=1&isSubCate=false&referrercate=680738,https://photo.yupoo.com/minkang/018003b9fb/large.jpg,7
Brasileirao Serie A,Bahia 26/27 Special Edition - Yellow Jersey S-4XL7,https://minkang.x.yupoo.com/albums/251850402?uid=1&isSubCate=false&referrercate=680738,https://photo.yupoo.com/minkang/e021135387/square.jpg,8
Brasileirao Serie A,Bahia 26/27 Special Edition - Yellow Jersey S-4XL7,https://minkang.x.yupoo.com/albums/251850402?uid=1&isSubCate=false&referrercate=680738,https://photo.yupoo.com/minkang/a34336d41a/square.jpg,9
Brasileirao Serie A,Bahia 26/27 Special Edition - Yellow Jersey S-4XL7,https://minkang.x.yupoo.com/albums/251850402?uid=1&isSubCate=false&referrercate=680738,https://photo.yupoo.com/minkang/5fc0e30a0a/square.jpg,10
Brasileirao Serie A,Bahia 26/27 Special Edition - Yellow Jersey S-4XL7,https://minkang.x.yupoo.com/albums/251850402?uid=1&isSubCate=false&referrercate=680738,https://photo.yupoo.com/minkang/26ad13d16d/square.jpg,11
Brasileirao Serie A,Bahia 26/27 Special Edition - Yellow Jersey S-4XL7,https://minkang.x.yupoo.com/albums/251850402?uid=1&isSubCate=false&referrercate=680738,https://photo.yupoo.com/minkang/7370dc9e98/square.jpg,12
Brasileirao Serie A,Bahia 26/27 Special Edition - Yellow Jersey S-4XL7,https://minkang.x.yupoo.com/albums/251850402?uid=1&isSubCate=false&referrercate=680738,https://photo.yupoo.com/minkang/176ae1c701/square.jpg,13
Brasileirao Serie A,Bahia 26/27 Special Edition - Yellow Jersey S-4XL7,https://minkang.x.yupoo.com/albums/251850402?uid=1&isSubCate=false&referrercate=680738,https://photo.yupoo.com/minkang/018003b9fb/square.jpg,14
Brasileirao Serie A,Remo 26/27 Goalkeeper - Green Jersey S-4XL8,https://minkang.x.yupoo.com/albums/251850123?uid=1&isSubCate=false&referrercate=680738,https://photo.yupoo.com/minkang/6dcfbc4d7f/large.jpg,1
Brasileirao Serie A,Remo 26/27 Goalkeeper - Green Jersey S-4XL8,https://minkang.x.yupoo.com/albums/251850123?uid=1&isSubCate=false&referrercate=680738,https://photo.yupoo.com/minkang/ac9673872b/large.jpg,2
Brasileirao Serie A,Remo 26/27 Goalkeeper - Green Jersey S-4XL8,https://minkang.x.yupoo.com/albums/251850123?uid=1&isSubCate=false&referrercate=680738,https://photo.yupoo.com/minkang/741147c93a/large.jpg,3
Brasileirao Serie A,Remo 26/27 Goalkeeper - Green Jersey S-4XL8,https://minkang.x.yupoo.com/albums/251850123?uid=1&isSubCate=false&referrercate=680738,https://photo.yupoo.com/minkang/07e5e58683/large.jpg,4
Brasileirao Serie A,Remo 26/27 Goalkeeper - Green Jersey S-4XL8,https://minkang.x.yupoo.com/albums/251850123?uid=1&isSubCate=false&referrercate=680738,https://photo.yupoo.com/minkang/577a1b507a/large.jpg,5
Brasileirao Serie A,Remo 26/27 Goalkeeper - Green Jersey S-4XL8,https://minkang.x.yupoo.com/albums/251850123?uid=1&isSubCate=false&referrercate=680738,https://photo.yupoo.com/minkang/67b1c6dca3/large.jpg,6
Brasileirao Serie A,Remo 26/27 Goalkeeper - Green Jersey S-4XL8,https://minkang.x.yupoo.com/albums/251850123?uid=1&isSubCate=false&referrercate=680738,https://photo.yupoo.com/minkang/e8f5c3beb5/large.jpg,7
Brasileirao Serie A,Remo 26/27 Goalkeeper - Green Jersey S-4XL8,https://minkang.x.yupoo.com/albums/251850123?uid=1&isSubCate=false&referrercate=680738,https://photo.yupoo.com/minkang/4ca434c9a9/large.jpg,8
Brasileirao Serie A,Remo 26/27 Goalkeeper - Green Jersey S-4XL8,https://minkang.x.yupoo.com/albums/251850123?uid=1&isSubCate=false&referrercate=680738,https://photo.yupoo.com/minkang/6dcfbc4d7f/square.jpg,9
Brasileirao Serie A,Remo 26/27 Goalkeeper - Green Jersey S-4XL8,https://minkang.x.yupoo.com/albums/251850123?uid=1&isSubCate=false&referrercate=680738,https://photo.yupoo.com/minkang/ac9673872b/square.jpg,10
Brasileirao Serie A,Remo 26/27 Goalkeeper - Green Jersey S-4XL8,https://minkang.x.yupoo.com/albums/251850123?uid=1&isSubCate=false&referrercate=680738,https://photo.yupoo.com/minkang/741147c93a/square.jpg,11
Brasileirao Serie A,Remo 26/27 Goalkeeper - Green Jersey S-4XL8,https://minkang.x.yupoo.com/albums/251850123?uid=1&isSubCate=false&referrercate=680738,https://photo.yupoo.com/minkang/07e5e58683/square.jpg,12
Brasileirao Serie A,Remo 26/27 Goalkeeper - Green Jersey S-4XL8,https://minkang.x.yupoo.com/albums/251850123?uid=1&isSubCate=false&referrercate=680738,https://photo.yupoo.com/minkang/577a1b507a/square.jpg,13
Brasileirao Serie A,Remo 26/27 Goalkeeper - Green Jersey S-4XL8,https://minkang.x.yupoo.com/albums/251850123?uid=1&isSubCate=false&referrercate=680738,https://photo.yupoo.com/minkang/67b1c6dca3/square.jpg,14
Brasileirao Serie A,Remo 26/27 Goalkeeper - Green Jersey S-4XL8,https://minkang.x.yupoo.com/albums/251850123?uid=1&isSubCate=false&referrercate=680738,https://photo.yupoo.com/minkang/e8f5c3beb5/square.jpg,15
Brasileirao Serie A,Remo 26/27 Goalkeeper - Green Jersey S-4XL8,https://minkang.x.yupoo.com/albums/251850123?uid=1&isSubCate=false&referrercate=680738,https://photo.yupoo.com/minkang/4ca434c9a9/square.jpg,16
Brasileirao Serie A,Flamengo 26/27 Third Away Women's Jersey Sizes S-4XL7,https://minkang.x.yupoo.com/albums/251849746?uid=1&isSubCate=false&referrercate=680738,https://photo.yupoo.com/minkang/baf961c203/large.jpg,1
Brasileirao Serie A,Flamengo 26/27 Third Away Women's Jersey Sizes S-4XL7,https://minkang.x.yupoo.com/albums/251849746?uid=1&isSubCate=false&referrercate=680738,https://photo.yupoo.com/minkang/a1a6e0b667/large.jpg,2
Brasileirao Serie A,Flamengo 26/27 Third Away Women's Jersey Sizes S-4XL7,https://minkang.x.yupoo.com/albums/251849746?uid=1&isSubCate=false&referrercate=680738,https://photo.yupoo.com/minkang/7ff5f14bdd/large.jpg,3
Brasileirao Serie A,Flamengo 26/27 Third Away Women's Jersey Sizes S-4XL7,https://minkang.x.yupoo.com/albums/251849746?uid=1&isSubCate=false&referrercate=680738,https://photo.yupoo.com/minkang/f79cfbbb6d/large.jpg,4
Brasileirao Serie A,Flamengo 26/27 Third Away Women's Jersey Sizes S-4XL7,https://minkang.x.yupoo.com/albums/251849746?uid=1&isSubCate=false&referrercate=680738,https://photo.yupoo.com/minkang/980143dcc1/large.jpg,5
Brasileirao Serie A,Flamengo 26/27 Third Away Women's Jersey Sizes S-4XL7,https://minkang.x.yupoo.com/albums/251849746?uid=1&isSubCate=false&referrercate=680738,https://photo.yupoo.com/minkang/d1fa0ce294/large.jpg,6
Brasileirao Serie A,Flamengo 26/27 Third Away Women's Jersey Sizes S-4XL7,https://minkang.x.yupoo.com/albums/251849746?uid=1&isSubCate=false&referrercate=680738,https://photo.yupoo.com/minkang/1df3258512/large.jpg,7
Brasileirao Serie A,Flamengo 26/27 Third Away Women's Jersey Sizes S-4XL7,https://minkang.x.yupoo.com/albums/251849746?uid=1&isSubCate=false&referrercate=680738,https://photo.yupoo.com/minkang/baf961c203/square.jpg,8
Brasileirao Serie A,Flamengo 26/27 Third Away Women's Jersey Sizes S-4XL7,https://minkang.x.yupoo.com/albums/251849746?uid=1&isSubCate=false&referrercate=680738,https://photo.yupoo.com/minkang/a1a6e0b667/square.jpg,9
Brasileirao Serie A,Flamengo 26/27 Third Away Women's Jersey Sizes S-4XL7,https://minkang.x.yupoo.com/albums/251849746?uid=1&isSubCate=false&referrercate=680738,https://photo.yupoo.com/minkang/7ff5f14bdd/square.jpg,10
Brasileirao Serie A,Flamengo 26/27 Third Away Women's Jersey Sizes S-4XL7,https://minkang.x.yupoo.com/albums/251849746?uid=1&isSubCate=false&referrercate=680738,https://photo.yupoo.com/minkang/f79cfbbb6d/square.jpg,11
Brasileirao Serie A,Flamengo 26/27 Third Away Women's Jersey Sizes S-4XL7,https://minkang.x.yupoo.com/albums/251849746?uid=1&isSubCate=false&referrercate=680738,https://photo.yupoo.com/minkang/980143dcc1/square.jpg,12
Brasileirao Serie A,Flamengo 26/27 Third Away Women's Jersey Sizes S-4XL7,https://minkang.x.yupoo.com/albums/251849746?uid=1&isSubCate=false&referrercate=680738,https://photo.yupoo.com/minkang/d1fa0ce294/square.jpg,13
Brasileirao Serie A,Flamengo 26/27 Third Away Women's Jersey Sizes S-4XL7,https://minkang.x.yupoo.com/albums/251849746?uid=1&isSubCate=false&referrercate=680738,https://photo.yupoo.com/minkang/1df3258512/square.jpg,14
Brasileirao Serie A,Fluminense 26/27 Third Away Women's Jersey S-4XL7,https://minkang.x.yupoo.com/albums/251849532?uid=1&isSubCate=false&referrercate=680738,https://photo.yupoo.com/minkang/1daa5775a1/large.jpg,1
Brasileirao Serie A,Fluminense 26/27 Third Away Women's Jersey S-4XL7,https://minkang.x.yupoo.com/albums/251849532?uid=1&isSubCate=false&referrercate=680738,https://photo.yupoo.com/minkang/eff950c71f/large.jpg,2
Brasileirao Serie A,Fluminense 26/27 Third Away Women's Jersey S-4XL7,https://minkang.x.yupoo.com/albums/251849532?uid=1&isSubCate=false&referrercate=680738,https://photo.yupoo.com/minkang/2efa3a7400/large.jpg,3
Brasileirao Serie A,Fluminense 26/27 Third Away Women's Jersey S-4XL7,https://minkang.x.yupoo.com/albums/251849532?uid=1&isSubCate=false&referrercate=680738,https://photo.yupoo.com/minkang/b58183c88e/large.jpg,4
Brasileirao Serie A,Fluminense 26/27 Third Away Women's Jersey S-4XL7,https://minkang.x.yupoo.com/albums/251849532?uid=1&isSubCate=false&referrercate=680738,https://photo.yupoo.com/minkang/b3a0af2ce7/large.jpg,5
Brasileirao Serie A,Fluminense 26/27 Third Away Women's Jersey S-4XL7,https://minkang.x.yupoo.com/albums/251849532?uid=1&isSubCate=false&referrercate=680738,https://photo.yupoo.com/minkang/e12690cc7a/large.jpg,6
Brasileirao Serie A,Fluminense 26/27 Third Away Women's Jersey S-4XL7,https://minkang.x.yupoo.com/albums/251849532?uid=1&isSubCate=false&referrercate=680738,https://photo.yupoo.com/minkang/e54ef161d6/large.jpg,7
Brasileirao Serie A,Fluminense 26/27 Third Away Women's Jersey S-4XL7,https://minkang.x.yupoo.com/albums/251849532?uid=1&isSubCate=false&referrercate=680738,https://photo.yupoo.com/minkang/1daa5775a1/square.jpg,8
Brasileirao Serie A,Fluminense 26/27 Third Away Women's Jersey S-4XL7,https://minkang.x.yupoo.com/albums/251849532?uid=1&isSubCate=false&referrercate=680738,https://photo.yupoo.com/minkang/eff950c71f/square.jpg,9
Brasileirao Serie A,Fluminense 26/27 Third Away Women's Jersey S-4XL7,https://minkang.x.yupoo.com/albums/251849532?uid=1&isSubCate=false&referrercate=680738,https://photo.yupoo.com/minkang/2efa3a7400/square.jpg,10
Brasileirao Serie A,Fluminense 26/27 Third Away Women's Jersey S-4XL7,https://minkang.x.yupoo.com/albums/251849532?uid=1&isSubCate=false&referrercate=680738,https://photo.yupoo.com/minkang/b58183c88e/square.jpg,11
Brasileirao Serie A,Fluminense 26/27 Third Away Women's Jersey S-4XL7,https://minkang.x.yupoo.com/albums/251849532?uid=1&isSubCate=false&referrercate=680738,https://photo.yupoo.com/minkang/b3a0af2ce7/square.jpg,12
Brasileirao Serie A,Fluminense 26/27 Third Away Women's Jersey S-4XL7,https://minkang.x.yupoo.com/albums/251849532?uid=1&isSubCate=false&referrercate=680738,https://photo.yupoo.com/minkang/e12690cc7a/square.jpg,13
Brasileirao Serie A,Fluminense 26/27 Third Away Women's Jersey S-4XL7,https://minkang.x.yupoo.com/albums/251849532?uid=1&isSubCate=false&referrercate=680738,https://photo.yupoo.com/minkang/e54ef161d6/square.jpg,14
Brasileirao Serie A,Fluminense 26/27 Third Away Jersey S-4XL8,https://minkang.x.yupoo.com/albums/251849179?uid=1&isSubCate=false&referrercate=680738,https://photo.yupoo.com/minkang/50662d1328/large.jpg,1
Brasileirao Serie A,Fluminense 26/27 Third Away Jersey S-4XL8,https://minkang.x.yupoo.com/albums/251849179?uid=1&isSubCate=false&referrercate=680738,https://photo.yupoo.com/minkang/ba98115dca/large.jpg,2
Brasileirao Serie A,Fluminense 26/27 Third Away Jersey S-4XL8,https://minkang.x.yupoo.com/albums/251849179?uid=1&isSubCate=false&referrercate=680738,https://photo.yupoo.com/minkang/495ca686f4/large.jpg,3
Brasileirao Serie A,Fluminense 26/27 Third Away Jersey S-4XL8,https://minkang.x.yupoo.com/albums/251849179?uid=1&isSubCate=false&referrercate=680738,https://photo.yupoo.com/minkang/9b8fa86727/large.jpg,4
Brasileirao Serie A,Fluminense 26/27 Third Away Jersey S-4XL8,https://minkang.x.yupoo.com/albums/251849179?uid=1&isSubCate=false&referrercate=680738,https://photo.yupoo.com/minkang/686a724cb7/large.jpg,5
Brasileirao Serie A,Fluminense 26/27 Third Away Jersey S-4XL8,https://minkang.x.yupoo.com/albums/251849179?uid=1&isSubCate=false&referrercate=680738,https://photo.yupoo.com/minkang/0d34f6f9a3/large.jpg,6
Brasileirao Serie A,Fluminense 26/27 Third Away Jersey S-4XL8,https://minkang.x.yupoo.com/albums/251849179?uid=1&isSubCate=false&referrercate=680738,https://photo.yupoo.com/minkang/b2077ff39b/large.jpg,7
Brasileirao Serie A,Fluminense 26/27 Third Away Jersey S-4XL8,https://minkang.x.yupoo.com/albums/251849179?uid=1&isSubCate=false&referrercate=680738,https://photo.yupoo.com/minkang/6bb3f5d0ba/large.jpg,8
Brasileirao Serie A,Fluminense 26/27 Third Away Jersey S-4XL8,https://minkang.x.yupoo.com/albums/251849179?uid=1&isSubCate=false&referrercate=680738,https://photo.yupoo.com/minkang/ba98115dca/square.jpg,9
Brasileirao Serie A,Fluminense 26/27 Third Away Jersey S-4XL8,https://minkang.x.yupoo.com/albums/251849179?uid=1&isSubCate=false&referrercate=680738,https://photo.yupoo.com/minkang/50662d1328/square.jpg,10
Brasileirao Serie A,Fluminense 26/27 Third Away Jersey S-4XL8,https://minkang.x.yupoo.com/albums/251849179?uid=1&isSubCate=false&referrercate=680738,https://photo.yupoo.com/minkang/495ca686f4/square.jpg,11
Brasileirao Serie A,Fluminense 26/27 Third Away Jersey S-4XL8,https://minkang.x.yupoo.com/albums/251849179?uid=1&isSubCate=false&referrercate=680738,https://photo.yupoo.com/minkang/9b8fa86727/square.jpg,12
Brasileirao Serie A,Fluminense 26/27 Third Away Jersey S-4XL8,https://minkang.x.yupoo.com/albums/251849179?uid=1&isSubCate=false&referrercate=680738,https://photo.yupoo.com/minkang/686a724cb7/square.jpg,13
Brasileirao Serie A,Fluminense 26/27 Third Away Jersey S-4XL8,https://minkang.x.yupoo.com/albums/251849179?uid=1&isSubCate=false&referrercate=680738,https://photo.yupoo.com/minkang/0d34f6f9a3/square.jpg,14
Brasileirao Serie A,Fluminense 26/27 Third Away Jersey S-4XL8,https://minkang.x.yupoo.com/albums/251849179?uid=1&isSubCate=false&referrercate=680738,https://photo.yupoo.com/minkang/b2077ff39b/square.jpg,15
Brasileirao Serie A,Fluminense 26/27 Third Away Jersey S-4XL8,https://minkang.x.yupoo.com/albums/251849179?uid=1&isSubCate=false&referrercate=680738,https://photo.yupoo.com/minkang/6bb3f5d0ba/square.jpg,16
Brasileirao Serie A,Bahia 26/27 White Jersey S-4XL7,https://minkang.x.yupoo.com/albums/251849022?uid=1&isSubCate=false&referrercate=680738,https://photo.yupoo.com/minkang/258f06c8c0/large.jpg,1
Brasileirao Serie A,Bahia 26/27 White Jersey S-4XL7,https://minkang.x.yupoo.com/albums/251849022?uid=1&isSubCate=false&referrercate=680738,https://photo.yupoo.com/minkang/78052adaff/large.jpg,2
Brasileirao Serie A,Bahia 26/27 White Jersey S-4XL7,https://minkang.x.yupoo.com/albums/251849022?uid=1&isSubCate=false&referrercate=680738,https://photo.yupoo.com/minkang/7c3de04284/large.jpg,3
Brasileirao Serie A,Bahia 26/27 White Jersey S-4XL7,https://minkang.x.yupoo.com/albums/251849022?uid=1&isSubCate=false&referrercate=680738,https://photo.yupoo.com/minkang/8d7c416bf5/large.jpg,4
Brasileirao Serie A,Bahia 26/27 White Jersey S-4XL7,https://minkang.x.yupoo.com/albums/251849022?uid=1&isSubCate=false&referrercate=680738,https://photo.yupoo.com/minkang/6a35b5e75b/large.jpg,5
Brasileirao Serie A,Bahia 26/27 White Jersey S-4XL7,https://minkang.x.yupoo.com/albums/251849022?uid=1&isSubCate=false&referrercate=680738,https://photo.yupoo.com/minkang/f754f61cc4/large.jpg,6
Brasileirao Serie A,Bahia 26/27 White Jersey S-4XL7,https://minkang.x.yupoo.com/albums/251849022?uid=1&isSubCate=false&referrercate=680738,https://photo.yupoo.com/minkang/6a9bc09eef/large.jpg,7
Brasileirao Serie A,Bahia 26/27 White Jersey S-4XL7,https://minkang.x.yupoo.com/albums/251849022?uid=1&isSubCate=false&referrercate=680738,https://photo.yupoo.com/minkang/258f06c8c0/square.jpg,8
Brasileirao Serie A,Bahia 26/27 White Jersey S-4XL7,https://minkang.x.yupoo.com/albums/251849022?uid=1&isSubCate=false&referrercate=680738,https://photo.yupoo.com/minkang/78052adaff/square.jpg,9
Brasileirao Serie A,Bahia 26/27 White Jersey S-4XL7,https://minkang.x.yupoo.com/albums/251849022?uid=1&isSubCate=false&referrercate=680738,https://photo.yupoo.com/minkang/7c3de04284/square.jpg,10
Brasileirao Serie A,Bahia 26/27 White Jersey S-4XL7,https://minkang.x.yupoo.com/albums/251849022?uid=1&isSubCate=false&referrercate=680738,https://photo.yupoo.com/minkang/8d7c416bf5/square.jpg,11
Brasileirao Serie A,Bahia 26/27 White Jersey S-4XL7,https://minkang.x.yupoo.com/albums/251849022?uid=1&isSubCate=false&referrercate=680738,https://photo.yupoo.com/minkang/6a35b5e75b/square.jpg,12
Brasileirao Serie A,Bahia 26/27 White Jersey S-4XL7,https://minkang.x.yupoo.com/albums/251849022?uid=1&isSubCate=false&referrercate=680738,https://photo.yupoo.com/minkang/f754f61cc4/square.jpg,13
Brasileirao Serie A,Bahia 26/27 White Jersey S-4XL7,https://minkang.x.yupoo.com/albums/251849022?uid=1&isSubCate=false&referrercate=680738,https://photo.yupoo.com/minkang/6a9bc09eef/square.jpg,14
Brasileirao Serie A,Flamengo 26/27 Third Away Jersey S-4XL8,https://minkang.x.yupoo.com/albums/251848813?uid=1&isSubCate=false&referrercate=680738,https://photo.yupoo.com/minkang/f15b2c4e82/large.jpg,1
Brasileirao Serie A,Flamengo 26/27 Third Away Jersey S-4XL8,https://minkang.x.yupoo.com/albums/251848813?uid=1&isSubCate=false&referrercate=680738,https://photo.yupoo.com/minkang/ae7db9824f/large.jpg,2
Brasileirao Serie A,Flamengo 26/27 Third Away Jersey S-4XL8,https://minkang.x.yupoo.com/albums/251848813?uid=1&isSubCate=false&referrercate=680738,https://photo.yupoo.com/minkang/e3dc619fd2/large.jpg,3
Brasileirao Serie A,Flamengo 26/27 Third Away Jersey S-4XL8,https://minkang.x.yupoo.com/albums/251848813?uid=1&isSubCate=false&referrercate=680738,https://photo.yupoo.com/minkang/41a0c0f02b/large.jpg,4
Brasileirao Serie A,Flamengo 26/27 Third Away Jersey S-4XL8,https://minkang.x.yupoo.com/albums/251848813?uid=1&isSubCate=false&referrercate=680738,https://photo.yupoo.com/minkang/9208791ce0/large.jpg,5
Brasileirao Serie A,Flamengo 26/27 Third Away Jersey S-4XL8,https://minkang.x.yupoo.com/albums/251848813?uid=1&isSubCate=false&referrercate=680738,https://photo.yupoo.com/minkang/6a95127c34/large.jpg,6
Brasileirao Serie A,Flamengo 26/27 Third Away Jersey S-4XL8,https://minkang.x.yupoo.com/albums/251848813?uid=1&isSubCate=false&referrercate=680738,https://photo.yupoo.com/minkang/b72220f6af/large.jpg,7
Brasileirao Serie A,Flamengo 26/27 Third Away Jersey S-4XL8,https://minkang.x.yupoo.com/albums/251848813?uid=1&isSubCate=false&referrercate=680738,https://photo.yupoo.com/minkang/3059685caf/large.jpg,8
Brasileirao Serie A,Flamengo 26/27 Third Away Jersey S-4XL8,https://minkang.x.yupoo.com/albums/251848813?uid=1&isSubCate=false&referrercate=680738,https://photo.yupoo.com/minkang/f15b2c4e82/square.jpg,9
Brasileirao Serie A,Flamengo 26/27 Third Away Jersey S-4XL8,https://minkang.x.yupoo.com/albums/251848813?uid=1&isSubCate=false&referrercate=680738,https://photo.yupoo.com/minkang/ae7db9824f/square.jpg,10
Brasileirao Serie A,Flamengo 26/27 Third Away Jersey S-4XL8,https://minkang.x.yupoo.com/albums/251848813?uid=1&isSubCate=false&referrercate=680738,https://photo.yupoo.com/minkang/e3dc619fd2/square.jpg,11
Brasileirao Serie A,Flamengo 26/27 Third Away Jersey S-4XL8,https://minkang.x.yupoo.com/albums/251848813?uid=1&isSubCate=false&referrercate=680738,https://photo.yupoo.com/minkang/41a0c0f02b/square.jpg,12
Brasileirao Serie A,Flamengo 26/27 Third Away Jersey S-4XL8,https://minkang.x.yupoo.com/albums/251848813?uid=1&isSubCate=false&referrercate=680738,https://photo.yupoo.com/minkang/9208791ce0/square.jpg,13
Brasileirao Serie A,Flamengo 26/27 Third Away Jersey S-4XL8,https://minkang.x.yupoo.com/albums/251848813?uid=1&isSubCate=false&referrercate=680738,https://photo.yupoo.com/minkang/6a95127c34/square.jpg,14
Brasileirao Serie A,Flamengo 26/27 Third Away Jersey S-4XL8,https://minkang.x.yupoo.com/albums/251848813?uid=1&isSubCate=false&referrercate=680738,https://photo.yupoo.com/minkang/b72220f6af/square.jpg,15
Brasileirao Serie A,Flamengo 26/27 Third Away Jersey S-4XL8,https://minkang.x.yupoo.com/albums/251848813?uid=1&isSubCate=false&referrercate=680738,https://photo.yupoo.com/minkang/3059685caf/square.jpg,16
Brasileirao Serie A,São Paulo 26/27 Third Away Jersey S-4XL11,https://minkang.x.yupoo.com/albums/251848604?uid=1&isSubCate=false&referrercate=680738,https://photo.yupoo.com/minkang/cb6b8e634b/large.jpg,1
Brasileirao Serie A,São Paulo 26/27 Third Away Jersey S-4XL11,https://minkang.x.yupoo.com/albums/251848604?uid=1&isSubCate=false&referrercate=680738,https://photo.yupoo.com/minkang/d48bd91aea/large.jpg,2
Brasileirao Serie A,São Paulo 26/27 Third Away Jersey S-4XL11,https://minkang.x.yupoo.com/albums/251848604?uid=1&isSubCate=false&referrercate=680738,https://photo.yupoo.com/minkang/56034878ce/large.jpg,3
Brasileirao Serie A,São Paulo 26/27 Third Away Jersey S-4XL11,https://minkang.x.yupoo.com/albums/251848604?uid=1&isSubCate=false&referrercate=680738,https://photo.yupoo.com/minkang/70749eb554/large.jpg,4
Brasileirao Serie A,São Paulo 26/27 Third Away Jersey S-4XL11,https://minkang.x.yupoo.com/albums/251848604?uid=1&isSubCate=false&referrercate=680738,https://photo.yupoo.com/minkang/88eeae9752/large.jpg,5
Brasileirao Serie A,São Paulo 26/27 Third Away Jersey S-4XL11,https://minkang.x.yupoo.com/albums/251848604?uid=1&isSubCate=false&referrercate=680738,https://photo.yupoo.com/minkang/ee24b81692/large.jpg,6
Brasileirao Serie A,São Paulo 26/27 Third Away Jersey S-4XL11,https://minkang.x.yupoo.com/albums/251848604?uid=1&isSubCate=false&referrercate=680738,https://photo.yupoo.com/minkang/7a63a453e2/large.jpg,7
Brasileirao Serie A,São Paulo 26/27 Third Away Jersey S-4XL11,https://minkang.x.yupoo.com/albums/251848604?uid=1&isSubCate=false&referrercate=680738,https://photo.yupoo.com/minkang/5dd351ed46/large.jpg,8
Brasileirao Serie A,São Paulo 26/27 Third Away Jersey S-4XL11,https://minkang.x.yupoo.com/albums/251848604?uid=1&isSubCate=false&referrercate=680738,https://photo.yupoo.com/minkang/5db3add84d/large.jpg,9
Brasileirao Serie A,São Paulo 26/27 Third Away Jersey S-4XL11,https://minkang.x.yupoo.com/albums/251848604?uid=1&isSubCate=false&referrercate=680738,https://photo.yupoo.com/minkang/7f26c3ced2/large.jpg,10
Brasileirao Serie A,São Paulo 26/27 Third Away Jersey S-4XL11,https://minkang.x.yupoo.com/albums/251848604?uid=1&isSubCate=false&referrercate=680738,https://photo.yupoo.com/minkang/1c1c6faa64/large.jpg,11
Brasileirao Serie A,São Paulo 26/27 Third Away Jersey S-4XL11,https://minkang.x.yupoo.com/albums/251848604?uid=1&isSubCate=false&referrercate=680738,https://photo.yupoo.com/minkang/cb6b8e634b/square.jpg,12
Brasileirao Serie A,São Paulo 26/27 Third Away Jersey S-4XL11,https://minkang.x.yupoo.com/albums/251848604?uid=1&isSubCate=false&referrercate=680738,https://photo.yupoo.com/minkang/d48bd91aea/square.jpg,13
Brasileirao Serie A,São Paulo 26/27 Third Away Jersey S-4XL11,https://minkang.x.yupoo.com/albums/251848604?uid=1&isSubCate=false&referrercate=680738,https://photo.yupoo.com/minkang/56034878ce/square.jpg,14
Brasileirao Serie A,São Paulo 26/27 Third Away Jersey S-4XL11,https://minkang.x.yupoo.com/albums/251848604?uid=1&isSubCate=false&referrercate=680738,https://photo.yupoo.com/minkang/70749eb554/square.jpg,15
Brasileirao Serie A,São Paulo 26/27 Third Away Jersey S-4XL11,https://minkang.x.yupoo.com/albums/251848604?uid=1&isSubCate=false&referrercate=680738,https://photo.yupoo.com/minkang/88eeae9752/square.jpg,16
Brasileirao Serie A,São Paulo 26/27 Third Away Jersey S-4XL11,https://minkang.x.yupoo.com/albums/251848604?uid=1&isSubCate=false&referrercate=680738,https://photo.yupoo.com/minkang/ee24b81692/square.jpg,17
Brasileirao Serie A,São Paulo 26/27 Third Away Jersey S-4XL11,https://minkang.x.yupoo.com/albums/251848604?uid=1&isSubCate=false&referrercate=680738,https://photo.yupoo.com/minkang/7a63a453e2/square.jpg,18
Brasileirao Serie A,São Paulo 26/27 Third Away Jersey S-4XL11,https://minkang.x.yupoo.com/albums/251848604?uid=1&isSubCate=false&referrercate=680738,https://photo.yupoo.com/minkang/5dd351ed46/square.jpg,19
Brasileirao Serie A,São Paulo 26/27 Third Away Jersey S-4XL11,https://minkang.x.yupoo.com/albums/251848604?uid=1&isSubCate=false&referrercate=680738,https://photo.yupoo.com/minkang/5db3add84d/square.jpg,20
Brasileirao Serie A,São Paulo 26/27 Third Away Jersey S-4XL11,https://minkang.x.yupoo.com/albums/251848604?uid=1&isSubCate=false&referrercate=680738,https://photo.yupoo.com/minkang/7f26c3ced2/square.jpg,21
Brasileirao Serie A,São Paulo 26/27 Third Away Jersey S-4XL11,https://minkang.x.yupoo.com/albums/251848604?uid=1&isSubCate=false&referrercate=680738,https://photo.yupoo.com/minkang/1c1c6faa64/square.jpg,22
Brasileirao Serie A,Santos 26/27 Away Kids Kit Jersey Size: 16-2812,https://minkang.x.yupoo.com/albums/251102772?uid=1&isSubCate=false&referrercate=680738,https://photo.yupoo.com/minkang/fe9c82863b/large.jpg,1
Brasileirao Serie A,Santos 26/27 Away Kids Kit Jersey Size: 16-2812,https://minkang.x.yupoo.com/albums/251102772?uid=1&isSubCate=false&referrercate=680738,https://photo.yupoo.com/minkang/f9015cfb2e/large.jpg,2
Brasileirao Serie A,Santos 26/27 Away Kids Kit Jersey Size: 16-2812,https://minkang.x.yupoo.com/albums/251102772?uid=1&isSubCate=false&referrercate=680738,https://photo.yupoo.com/minkang/f7bc5920d5/large.jpg,3
Brasileirao Serie A,Santos 26/27 Away Kids Kit Jersey Size: 16-2812,https://minkang.x.yupoo.com/albums/251102772?uid=1&isSubCate=false&referrercate=680738,https://photo.yupoo.com/minkang/9500606b62/large.jpg,4
Brasileirao Serie A,Santos 26/27 Away Kids Kit Jersey Size: 16-2812,https://minkang.x.yupoo.com/albums/251102772?uid=1&isSubCate=false&referrercate=680738,https://photo.yupoo.com/minkang/aa26cb4cd9/large.jpg,5
Brasileirao Serie A,Santos 26/27 Away Kids Kit Jersey Size: 16-2812,https://minkang.x.yupoo.com/albums/251102772?uid=1&isSubCate=false&referrercate=680738,https://photo.yupoo.com/minkang/acf8608c4f/large.jpg,6
Brasileirao Serie A,Santos 26/27 Away Kids Kit Jersey Size: 16-2812,https://minkang.x.yupoo.com/albums/251102772?uid=1&isSubCate=false&referrercate=680738,https://photo.yupoo.com/minkang/f43de2d922/large.jpg,7
Brasileirao Serie A,Santos 26/27 Away Kids Kit Jersey Size: 16-2812,https://minkang.x.yupoo.com/albums/251102772?uid=1&isSubCate=false&referrercate=680738,https://photo.yupoo.com/minkang/e446a52644/large.jpg,8
Brasileirao Serie A,Santos 26/27 Away Kids Kit Jersey Size: 16-2812,https://minkang.x.yupoo.com/albums/251102772?uid=1&isSubCate=false&referrercate=680738,https://photo.yupoo.com/minkang/b4d7b244ab/large.jpg,9
Brasileirao Serie A,Santos 26/27 Away Kids Kit Jersey Size: 16-2812,https://minkang.x.yupoo.com/albums/251102772?uid=1&isSubCate=false&referrercate=680738,https://photo.yupoo.com/minkang/f05164d618/large.jpg,10
Brasileirao Serie A,Santos 26/27 Away Kids Kit Jersey Size: 16-2812,https://minkang.x.yupoo.com/albums/251102772?uid=1&isSubCate=false&referrercate=680738,https://photo.yupoo.com/minkang/67979d4d05/large.jpg,11
Brasileirao Serie A,Santos 26/27 Away Kids Kit Jersey Size: 16-2812,https://minkang.x.yupoo.com/albums/251102772?uid=1&isSubCate=false&referrercate=680738,https://photo.yupoo.com/minkang/57a061ce81/large.jpg,12
Brasileirao Serie A,Santos 26/27 Away Kids Kit Jersey Size: 16-2812,https://minkang.x.yupoo.com/albums/251102772?uid=1&isSubCate=false&referrercate=680738,https://photo.yupoo.com/minkang/fe9c82863b/square.jpg,13
Brasileirao Serie A,Santos 26/27 Away Kids Kit Jersey Size: 16-2812,https://minkang.x.yupoo.com/albums/251102772?uid=1&isSubCate=false&referrercate=680738,https://photo.yupoo.com/minkang/f9015cfb2e/square.jpg,14
Brasileirao Serie A,Santos 26/27 Away Kids Kit Jersey Size: 16-2812,https://minkang.x.yupoo.com/albums/251102772?uid=1&isSubCate=false&referrercate=680738,https://photo.yupoo.com/minkang/f7bc5920d5/square.jpg,15
Brasileirao Serie A,Santos 26/27 Away Kids Kit Jersey Size: 16-2812,https://minkang.x.yupoo.com/albums/251102772?uid=1&isSubCate=false&referrercate=680738,https://photo.yupoo.com/minkang/9500606b62/square.jpg,16
Brasileirao Serie A,Santos 26/27 Away Kids Kit Jersey Size: 16-2812,https://minkang.x.yupoo.com/albums/251102772?uid=1&isSubCate=false&referrercate=680738,https://photo.yupoo.com/minkang/aa26cb4cd9/square.jpg,17
Brasileirao Serie A,Santos 26/27 Away Kids Kit Jersey Size: 16-2812,https://minkang.x.yupoo.com/albums/251102772?uid=1&isSubCate=false&referrercate=680738,https://photo.yupoo.com/minkang/acf8608c4f/square.jpg,18
Brasileirao Serie A,Santos 26/27 Away Kids Kit Jersey Size: 16-2812,https://minkang.x.yupoo.com/albums/251102772?uid=1&isSubCate=false&referrercate=680738,https://photo.yupoo.com/minkang/f43de2d922/square.jpg,19
Brasileirao Serie A,Santos 26/27 Away Kids Kit Jersey Size: 16-2812,https://minkang.x.yupoo.com/albums/251102772?uid=1&isSubCate=false&referrercate=680738,https://photo.yupoo.com/minkang/e446a52644/square.jpg,20
Brasileirao Serie A,Santos 26/27 Away Kids Kit Jersey Size: 16-2812,https://minkang.x.yupoo.com/albums/251102772?uid=1&isSubCate=false&referrercate=680738,https://photo.yupoo.com/minkang/b4d7b244ab/square.jpg,21
Brasileirao Serie A,Santos 26/27 Away Kids Kit Jersey Size: 16-2812,https://minkang.x.yupoo.com/albums/251102772?uid=1&isSubCate=false&referrercate=680738,https://photo.yupoo.com/minkang/f05164d618/square.jpg,22
Brasileirao Serie A,Santos 26/27 Away Kids Kit Jersey Size: 16-2812,https://minkang.x.yupoo.com/albums/251102772?uid=1&isSubCate=false&referrercate=680738,https://photo.yupoo.com/minkang/67979d4d05/square.jpg,23
Brasileirao Serie A,Santos 26/27 Away Kids Kit Jersey Size: 16-2812,https://minkang.x.yupoo.com/albums/251102772?uid=1&isSubCate=false&referrercate=680738,https://photo.yupoo.com/minkang/57a061ce81/square.jpg,24
Brasileirao Serie A,Bahia 26/27 White Women's Jersey S-XXL7,https://minkang.x.yupoo.com/albums/251102306?uid=1&isSubCate=false&referrercate=680738,https://photo.yupoo.com/minkang/d7cc268806/large.jpg,1
Brasileirao Serie A,Bahia 26/27 White Women's Jersey S-XXL7,https://minkang.x.yupoo.com/albums/251102306?uid=1&isSubCate=false&referrercate=680738,https://photo.yupoo.com/minkang/8c62f8472a/large.jpg,2
Brasileirao Serie A,Bahia 26/27 White Women's Jersey S-XXL7,https://minkang.x.yupoo.com/albums/251102306?uid=1&isSubCate=false&referrercate=680738,https://photo.yupoo.com/minkang/b7181f74cf/large.jpg,3
Brasileirao Serie A,Bahia 26/27 White Women's Jersey S-XXL7,https://minkang.x.yupoo.com/albums/251102306?uid=1&isSubCate=false&referrercate=680738,https://photo.yupoo.com/minkang/7b3237759d/large.jpg,4
Brasileirao Serie A,Bahia 26/27 White Women's Jersey S-XXL7,https://minkang.x.yupoo.com/albums/251102306?uid=1&isSubCate=false&referrercate=680738,https://photo.yupoo.com/minkang/e33625bcc1/large.jpg,5
Brasileirao Serie A,Bahia 26/27 White Women's Jersey S-XXL7,https://minkang.x.yupoo.com/albums/251102306?uid=1&isSubCate=false&referrercate=680738,https://photo.yupoo.com/minkang/717f28676e/large.jpg,6
Brasileirao Serie A,Bahia 26/27 White Women's Jersey S-XXL7,https://minkang.x.yupoo.com/albums/251102306?uid=1&isSubCate=false&referrercate=680738,https://photo.yupoo.com/minkang/e006e42f7e/large.jpg,7
Brasileirao Serie A,Bahia 26/27 White Women's Jersey S-XXL7,https://minkang.x.yupoo.com/albums/251102306?uid=1&isSubCate=false&referrercate=680738,https://photo.yupoo.com/minkang/8c62f8472a/square.jpg,8
Brasileirao Serie A,Bahia 26/27 White Women's Jersey S-XXL7,https://minkang.x.yupoo.com/albums/251102306?uid=1&isSubCate=false&referrercate=680738,https://photo.yupoo.com/minkang/d7cc268806/square.jpg,9
Brasileirao Serie A,Bahia 26/27 White Women's Jersey S-XXL7,https://minkang.x.yupoo.com/albums/251102306?uid=1&isSubCate=false&referrercate=680738,https://photo.yupoo.com/minkang/b7181f74cf/square.jpg,10
Brasileirao Serie A,Bahia 26/27 White Women's Jersey S-XXL7,https://minkang.x.yupoo.com/albums/251102306?uid=1&isSubCate=false&referrercate=680738,https://photo.yupoo.com/minkang/7b3237759d/square.jpg,11
Brasileirao Serie A,Bahia 26/27 White Women's Jersey S-XXL7,https://minkang.x.yupoo.com/albums/251102306?uid=1&isSubCate=false&referrercate=680738,https://photo.yupoo.com/minkang/e33625bcc1/square.jpg,12
Brasileirao Serie A,Bahia 26/27 White Women's Jersey S-XXL7,https://minkang.x.yupoo.com/albums/251102306?uid=1&isSubCate=false&referrercate=680738,https://photo.yupoo.com/minkang/717f28676e/square.jpg,13
Brasileirao Serie A,Bahia 26/27 White Women's Jersey S-XXL7,https://minkang.x.yupoo.com/albums/251102306?uid=1&isSubCate=false&referrercate=680738,https://photo.yupoo.com/minkang/e006e42f7e/square.jpg,14
Brasileirao Serie A,Botafogo 26/27 White Women's Jersey S-XXL9,https://minkang.x.yupoo.com/albums/251102149?uid=1&isSubCate=false&referrercate=680738,https://photo.yupoo.com/minkang/695491e815/large.jpg,1
Brasileirao Serie A,Botafogo 26/27 White Women's Jersey S-XXL9,https://minkang.x.yupoo.com/albums/251102149?uid=1&isSubCate=false&referrercate=680738,https://photo.yupoo.com/minkang/60446e2396/large.jpg,2
Brasileirao Serie A,Botafogo 26/27 White Women's Jersey S-XXL9,https://minkang.x.yupoo.com/albums/251102149?uid=1&isSubCate=false&referrercate=680738,https://photo.yupoo.com/minkang/af0250a8e5/large.jpg,3
Brasileirao Serie A,Botafogo 26/27 White Women's Jersey S-XXL9,https://minkang.x.yupoo.com/albums/251102149?uid=1&isSubCate=false&referrercate=680738,https://photo.yupoo.com/minkang/1bb51fe859/large.jpg,4
Brasileirao Serie A,Botafogo 26/27 White Women's Jersey S-XXL9,https://minkang.x.yupoo.com/albums/251102149?uid=1&isSubCate=false&referrercate=680738,https://photo.yupoo.com/minkang/a315be97ce/large.jpg,5
Brasileirao Serie A,Botafogo 26/27 White Women's Jersey S-XXL9,https://minkang.x.yupoo.com/albums/251102149?uid=1&isSubCate=false&referrercate=680738,https://photo.yupoo.com/minkang/5fae8ff448/large.jpg,6
Brasileirao Serie A,Botafogo 26/27 White Women's Jersey S-XXL9,https://minkang.x.yupoo.com/albums/251102149?uid=1&isSubCate=false&referrercate=680738,https://photo.yupoo.com/minkang/5365f1116c/large.jpg,7
Brasileirao Serie A,Botafogo 26/27 White Women's Jersey S-XXL9,https://minkang.x.yupoo.com/albums/251102149?uid=1&isSubCate=false&referrercate=680738,https://photo.yupoo.com/minkang/efa538b7b9/large.jpg,8
Brasileirao Serie A,Botafogo 26/27 White Women's Jersey S-XXL9,https://minkang.x.yupoo.com/albums/251102149?uid=1&isSubCate=false&referrercate=680738,https://photo.yupoo.com/minkang/dd6a6d5f1a/large.jpg,9
Brasileirao Serie A,Botafogo 26/27 White Women's Jersey S-XXL9,https://minkang.x.yupoo.com/albums/251102149?uid=1&isSubCate=false&referrercate=680738,https://photo.yupoo.com/minkang/60446e2396/square.jpg,10
Brasileirao Serie A,Botafogo 26/27 White Women's Jersey S-XXL9,https://minkang.x.yupoo.com/albums/251102149?uid=1&isSubCate=false&referrercate=680738,https://photo.yupoo.com/minkang/695491e815/square.jpg,11
Brasileirao Serie A,Botafogo 26/27 White Women's Jersey S-XXL9,https://minkang.x.yupoo.com/albums/251102149?uid=1&isSubCate=false&referrercate=680738,https://photo.yupoo.com/minkang/af0250a8e5/square.jpg,12
Brasileirao Serie A,Botafogo 26/27 White Women's Jersey S-XXL9,https://minkang.x.yupoo.com/albums/251102149?uid=1&isSubCate=false&referrercate=680738,https://photo.yupoo.com/minkang/1bb51fe859/square.jpg,13
Brasileirao Serie A,Botafogo 26/27 White Women's Jersey S-XXL9,https://minkang.x.yupoo.com/albums/251102149?uid=1&isSubCate=false&referrercate=680738,https://photo.yupoo.com/minkang/a315be97ce/square.jpg,14
Brasileirao Serie A,Botafogo 26/27 White Women's Jersey S-XXL9,https://minkang.x.yupoo.com/albums/251102149?uid=1&isSubCate=false&referrercate=680738,https://photo.yupoo.com/minkang/5fae8ff448/square.jpg,15
Brasileirao Serie A,Botafogo 26/27 White Women's Jersey S-XXL9,https://minkang.x.yupoo.com/albums/251102149?uid=1&isSubCate=false&referrercate=680738,https://photo.yupoo.com/minkang/5365f1116c/square.jpg,16
Brasileirao Serie A,Botafogo 26/27 White Women's Jersey S-XXL9,https://minkang.x.yupoo.com/albums/251102149?uid=1&isSubCate=false&referrercate=680738,https://photo.yupoo.com/minkang/efa538b7b9/square.jpg,17
Brasileirao Serie A,Botafogo 26/27 White Women's Jersey S-XXL9,https://minkang.x.yupoo.com/albums/251102149?uid=1&isSubCate=false&referrercate=680738,https://photo.yupoo.com/minkang/dd6a6d5f1a/square.jpg,18
Brasileirao Serie A,Botafogo 26/27 training vest black Jersey S-4XL7,https://minkang.x.yupoo.com/albums/251099734?uid=1&isSubCate=false&referrercate=680738,https://photo.yupoo.com/minkang/59ab2e319e/large.jpg,1
Brasileirao Serie A,Botafogo 26/27 training vest black Jersey S-4XL7,https://minkang.x.yupoo.com/albums/251099734?uid=1&isSubCate=false&referrercate=680738,https://photo.yupoo.com/minkang/f1ebf4ef15/large.jpg,2
Brasileirao Serie A,Botafogo 26/27 training vest black Jersey S-4XL7,https://minkang.x.yupoo.com/albums/251099734?uid=1&isSubCate=false&referrercate=680738,https://photo.yupoo.com/minkang/3a787d6802/large.jpg,3
Brasileirao Serie A,Botafogo 26/27 training vest black Jersey S-4XL7,https://minkang.x.yupoo.com/albums/251099734?uid=1&isSubCate=false&referrercate=680738,https://photo.yupoo.com/minkang/4b41593287/large.jpg,4
Brasileirao Serie A,Botafogo 26/27 training vest black Jersey S-4XL7,https://minkang.x.yupoo.com/albums/251099734?uid=1&isSubCate=false&referrercate=680738,https://photo.yupoo.com/minkang/3aebc89b73/large.jpg,5
Brasileirao Serie A,Botafogo 26/27 training vest black Jersey S-4XL7,https://minkang.x.yupoo.com/albums/251099734?uid=1&isSubCate=false&referrercate=680738,https://photo.yupoo.com/minkang/909ef53e96/large.jpg,6
Brasileirao Serie A,Botafogo 26/27 training vest black Jersey S-4XL7,https://minkang.x.yupoo.com/albums/251099734?uid=1&isSubCate=false&referrercate=680738,https://photo.yupoo.com/minkang/a6ad5bfbc6/large.jpg,7
Brasileirao Serie A,Botafogo 26/27 training vest black Jersey S-4XL7,https://minkang.x.yupoo.com/albums/251099734?uid=1&isSubCate=false&referrercate=680738,https://photo.yupoo.com/minkang/f1ebf4ef15/square.jpg,8
Brasileirao Serie A,Botafogo 26/27 training vest black Jersey S-4XL7,https://minkang.x.yupoo.com/albums/251099734?uid=1&isSubCate=false&referrercate=680738,https://photo.yupoo.com/minkang/59ab2e319e/square.jpg,9
Brasileirao Serie A,Botafogo 26/27 training vest black Jersey S-4XL7,https://minkang.x.yupoo.com/albums/251099734?uid=1&isSubCate=false&referrercate=680738,https://photo.yupoo.com/minkang/3a787d6802/square.jpg,10
Brasileirao Serie A,Botafogo 26/27 training vest black Jersey S-4XL7,https://minkang.x.yupoo.com/albums/251099734?uid=1&isSubCate=false&referrercate=680738,https://photo.yupoo.com/minkang/4b41593287/square.jpg,11
Brasileirao Serie A,Botafogo 26/27 training vest black Jersey S-4XL7,https://minkang.x.yupoo.com/albums/251099734?uid=1&isSubCate=false&referrercate=680738,https://photo.yupoo.com/minkang/3aebc89b73/square.jpg,12
Brasileirao Serie A,Botafogo 26/27 training vest black Jersey S-4XL7,https://minkang.x.yupoo.com/albums/251099734?uid=1&isSubCate=false&referrercate=680738,https://photo.yupoo.com/minkang/909ef53e96/square.jpg,13
Brasileirao Serie A,Botafogo 26/27 training vest black Jersey S-4XL7,https://minkang.x.yupoo.com/albums/251099734?uid=1&isSubCate=false&referrercate=680738,https://photo.yupoo.com/minkang/a6ad5bfbc6/square.jpg,14
Brasileirao Serie A,Corinthians 26/27 Home Kids Kit Jersey Size 16-2810,https://minkang.x.yupoo.com/albums/249044887?uid=1&isSubCate=false&referrercate=680738,https://photo.yupoo.com/minkang/954e3fa074/large.jpg,1
Brasileirao Serie A,Corinthians 26/27 Home Kids Kit Jersey Size 16-2810,https://minkang.x.yupoo.com/albums/249044887?uid=1&isSubCate=false&referrercate=680738,https://photo.yupoo.com/minkang/59e7edc1ca/large.jpg,2
Brasileirao Serie A,Corinthians 26/27 Home Kids Kit Jersey Size 16-2810,https://minkang.x.yupoo.com/albums/249044887?uid=1&isSubCate=false&referrercate=680738,https://photo.yupoo.com/minkang/450555977b/large.jpg,3
Brasileirao Serie A,Corinthians 26/27 Home Kids Kit Jersey Size 16-2810,https://minkang.x.yupoo.com/albums/249044887?uid=1&isSubCate=false&referrercate=680738,https://photo.yupoo.com/minkang/3dd1b5ccaf/large.jpg,4
Brasileirao Serie A,Corinthians 26/27 Home Kids Kit Jersey Size 16-2810,https://minkang.x.yupoo.com/albums/249044887?uid=1&isSubCate=false&referrercate=680738,https://photo.yupoo.com/minkang/2cfb4efba9/large.jpg,5
Brasileirao Serie A,Corinthians 26/27 Home Kids Kit Jersey Size 16-2810,https://minkang.x.yupoo.com/albums/249044887?uid=1&isSubCate=false&referrercate=680738,https://photo.yupoo.com/minkang/29282e681a/large.jpg,6
Brasileirao Serie A,Corinthians 26/27 Home Kids Kit Jersey Size 16-2810,https://minkang.x.yupoo.com/albums/249044887?uid=1&isSubCate=false&referrercate=680738,https://photo.yupoo.com/minkang/9bae3068d7/large.jpg,7
Brasileirao Serie A,Corinthians 26/27 Home Kids Kit Jersey Size 16-2810,https://minkang.x.yupoo.com/albums/249044887?uid=1&isSubCate=false&referrercate=680738,https://photo.yupoo.com/minkang/044e56a2a5/large.jpg,8
Brasileirao Serie A,Corinthians 26/27 Home Kids Kit Jersey Size 16-2810,https://minkang.x.yupoo.com/albums/249044887?uid=1&isSubCate=false&referrercate=680738,https://photo.yupoo.com/minkang/e8bdc0782f/large.jpg,9
Brasileirao Serie A,Corinthians 26/27 Home Kids Kit Jersey Size 16-2810,https://minkang.x.yupoo.com/albums/249044887?uid=1&isSubCate=false&referrercate=680738,https://photo.yupoo.com/minkang/ae42bc01ec/large.jpg,10
Brasileirao Serie A,Corinthians 26/27 Home Kids Kit Jersey Size 16-2810,https://minkang.x.yupoo.com/albums/249044887?uid=1&isSubCate=false&referrercate=680738,https://photo.yupoo.com/minkang/59e7edc1ca/square.jpg,11
Brasileirao Serie A,Corinthians 26/27 Home Kids Kit Jersey Size 16-2810,https://minkang.x.yupoo.com/albums/249044887?uid=1&isSubCate=false&referrercate=680738,https://photo.yupoo.com/minkang/954e3fa074/square.jpg,12
Brasileirao Serie A,Corinthians 26/27 Home Kids Kit Jersey Size 16-2810,https://minkang.x.yupoo.com/albums/249044887?uid=1&isSubCate=false&referrercate=680738,https://photo.yupoo.com/minkang/450555977b/square.jpg,13
Brasileirao Serie A,Corinthians 26/27 Home Kids Kit Jersey Size 16-2810,https://minkang.x.yupoo.com/albums/249044887?uid=1&isSubCate=false&referrercate=680738,https://photo.yupoo.com/minkang/3dd1b5ccaf/square.jpg,14
Brasileirao Serie A,Corinthians 26/27 Home Kids Kit Jersey Size 16-2810,https://minkang.x.yupoo.com/albums/249044887?uid=1&isSubCate=false&referrercate=680738,https://photo.yupoo.com/minkang/2cfb4efba9/square.jpg,15
Brasileirao Serie A,Corinthians 26/27 Home Kids Kit Jersey Size 16-2810,https://minkang.x.yupoo.com/albums/249044887?uid=1&isSubCate=false&referrercate=680738,https://photo.yupoo.com/minkang/29282e681a/square.jpg,16
Brasileirao Serie A,Corinthians 26/27 Home Kids Kit Jersey Size 16-2810,https://minkang.x.yupoo.com/albums/249044887?uid=1&isSubCate=false&referrercate=680738,https://photo.yupoo.com/minkang/9bae3068d7/square.jpg,17
Brasileirao Serie A,Corinthians 26/27 Home Kids Kit Jersey Size 16-2810,https://minkang.x.yupoo.com/albums/249044887?uid=1&isSubCate=false&referrercate=680738,https://photo.yupoo.com/minkang/044e56a2a5/square.jpg,18
Brasileirao Serie A,Corinthians 26/27 Home Kids Kit Jersey Size 16-2810,https://minkang.x.yupoo.com/albums/249044887?uid=1&isSubCate=false&referrercate=680738,https://photo.yupoo.com/minkang/e8bdc0782f/square.jpg,19
Brasileirao Serie A,Corinthians 26/27 Home Kids Kit Jersey Size 16-2810,https://minkang.x.yupoo.com/albums/249044887?uid=1&isSubCate=false&referrercate=680738,https://photo.yupoo.com/minkang/ae42bc01ec/square.jpg,20
Brasileirao Serie A,Remo 24/25 Home women Jersey S-XL2,https://minkang.x.yupoo.com/albums/249102694?uid=1&isSubCate=false&referrercate=680738,https://photo.yupoo.com/minkang/bc6aa003c2/large.png,1
Brasileirao Serie A,Remo 24/25 Home women Jersey S-XL2,https://minkang.x.yupoo.com/albums/249102694?uid=1&isSubCate=false&referrercate=680738,https://photo.yupoo.com/minkang/71333648bb/large.png,2
Brasileirao Serie A,Remo 24/25 Home women Jersey S-XL2,https://minkang.x.yupoo.com/albums/249102694?uid=1&isSubCate=false&referrercate=680738,https://photo.yupoo.com/minkang/bc6aa003c2/square.png,3
Brasileirao Serie A,Remo 24/25 Home women Jersey S-XL2,https://minkang.x.yupoo.com/albums/249102694?uid=1&isSubCate=false&referrercate=680738,https://photo.yupoo.com/minkang/71333648bb/square.png,4
Brasileirao Serie A,Remo 24/25 Home Jersey S-XXL2,https://minkang.x.yupoo.com/albums/249095901?uid=1&isSubCate=false&referrercate=680738,https://photo.yupoo.com/minkang/351fb44cb4/large.png,1
Brasileirao Serie A,Remo 24/25 Home Jersey S-XXL2,https://minkang.x.yupoo.com/albums/249095901?uid=1&isSubCate=false&referrercate=680738,https://photo.yupoo.com/minkang/9cb7105b6c/large.png,2
Brasileirao Serie A,Remo 24/25 Home Jersey S-XXL2,https://minkang.x.yupoo.com/albums/249095901?uid=1&isSubCate=false&referrercate=680738,https://photo.yupoo.com/minkang/351fb44cb4/square.png,3
Brasileirao Serie A,Remo 24/25 Home Jersey S-XXL2,https://minkang.x.yupoo.com/albums/249095901?uid=1&isSubCate=false&referrercate=680738,https://photo.yupoo.com/minkang/9cb7105b6c/square.png,4
Brasileirao Serie A,Gremio 26/27 Home Long Sleeved Jersey S-4XL10,https://minkang.x.yupoo.com/albums/248665031?uid=1&isSubCate=false&referrercate=680738,https://photo.yupoo.com/minkang/409894eeaf/large.jpg,1
Brasileirao Serie A,Gremio 26/27 Home Long Sleeved Jersey S-4XL10,https://minkang.x.yupoo.com/albums/248665031?uid=1&isSubCate=false&referrercate=680738,https://photo.yupoo.com/minkang/3af921c80b/large.jpg,2
Brasileirao Serie A,Gremio 26/27 Home Long Sleeved Jersey S-4XL10,https://minkang.x.yupoo.com/albums/248665031?uid=1&isSubCate=false&referrercate=680738,https://photo.yupoo.com/minkang/76b6db0967/large.jpg,3
Brasileirao Serie A,Gremio 26/27 Home Long Sleeved Jersey S-4XL10,https://minkang.x.yupoo.com/albums/248665031?uid=1&isSubCate=false&referrercate=680738,https://photo.yupoo.com/minkang/12fe5b2233/large.jpg,4
Brasileirao Serie A,Gremio 26/27 Home Long Sleeved Jersey S-4XL10,https://minkang.x.yupoo.com/albums/248665031?uid=1&isSubCate=false&referrercate=680738,https://photo.yupoo.com/minkang/dc0d902c19/large.jpg,5
Brasileirao Serie A,Gremio 26/27 Home Long Sleeved Jersey S-4XL10,https://minkang.x.yupoo.com/albums/248665031?uid=1&isSubCate=false&referrercate=680738,https://photo.yupoo.com/minkang/9ef0065588/large.jpg,6
Brasileirao Serie A,Gremio 26/27 Home Long Sleeved Jersey S-4XL10,https://minkang.x.yupoo.com/albums/248665031?uid=1&isSubCate=false&referrercate=680738,https://photo.yupoo.com/minkang/c32beb6366/large.jpg,7
Brasileirao Serie A,Gremio 26/27 Home Long Sleeved Jersey S-4XL10,https://minkang.x.yupoo.com/albums/248665031?uid=1&isSubCate=false&referrercate=680738,https://photo.yupoo.com/minkang/2c8853d9b3/large.jpg,8
Brasileirao Serie A,Gremio 26/27 Home Long Sleeved Jersey S-4XL10,https://minkang.x.yupoo.com/albums/248665031?uid=1&isSubCate=false&referrercate=680738,https://photo.yupoo.com/minkang/3f9f892d1b/large.jpg,9
Brasileirao Serie A,Gremio 26/27 Home Long Sleeved Jersey S-4XL10,https://minkang.x.yupoo.com/albums/248665031?uid=1&isSubCate=false&referrercate=680738,https://photo.yupoo.com/minkang/b478bfd363/large.jpg,10
Brasileirao Serie A,Gremio 26/27 Home Long Sleeved Jersey S-4XL10,https://minkang.x.yupoo.com/albums/248665031?uid=1&isSubCate=false&referrercate=680738,https://photo.yupoo.com/minkang/409894eeaf/square.jpg,11
Brasileirao Serie A,Gremio 26/27 Home Long Sleeved Jersey S-4XL10,https://minkang.x.yupoo.com/albums/248665031?uid=1&isSubCate=false&referrercate=680738,https://photo.yupoo.com/minkang/3af921c80b/square.jpg,12
Brasileirao Serie A,Gremio 26/27 Home Long Sleeved Jersey S-4XL10,https://minkang.x.yupoo.com/albums/248665031?uid=1&isSubCate=false&referrercate=680738,https://photo.yupoo.com/minkang/76b6db0967/square.jpg,13
Brasileirao Serie A,Gremio 26/27 Home Long Sleeved Jersey S-4XL10,https://minkang.x.yupoo.com/albums/248665031?uid=1&isSubCate=false&referrercate=680738,https://photo.yupoo.com/minkang/12fe5b2233/square.jpg,14
Brasileirao Serie A,Gremio 26/27 Home Long Sleeved Jersey S-4XL10,https://minkang.x.yupoo.com/albums/248665031?uid=1&isSubCate=false&referrercate=680738,https://photo.yupoo.com/minkang/dc0d902c19/square.jpg,15
Brasileirao Serie A,Gremio 26/27 Home Long Sleeved Jersey S-4XL10,https://minkang.x.yupoo.com/albums/248665031?uid=1&isSubCate=false&referrercate=680738,https://photo.yupoo.com/minkang/9ef0065588/square.jpg,16
Brasileirao Serie A,Gremio 26/27 Home Long Sleeved Jersey S-4XL10,https://minkang.x.yupoo.com/albums/248665031?uid=1&isSubCate=false&referrercate=680738,https://photo.yupoo.com/minkang/c32beb6366/square.jpg,17
Brasileirao Serie A,Gremio 26/27 Home Long Sleeved Jersey S-4XL10,https://minkang.x.yupoo.com/albums/248665031?uid=1&isSubCate=false&referrercate=680738,https://photo.yupoo.com/minkang/2c8853d9b3/square.jpg,18
Brasileirao Serie A,Gremio 26/27 Home Long Sleeved Jersey S-4XL10,https://minkang.x.yupoo.com/albums/248665031?uid=1&isSubCate=false&referrercate=680738,https://photo.yupoo.com/minkang/3f9f892d1b/square.jpg,19
Brasileirao Serie A,Gremio 26/27 Home Long Sleeved Jersey S-4XL10,https://minkang.x.yupoo.com/albums/248665031?uid=1&isSubCate=false&referrercate=680738,https://photo.yupoo.com/minkang/b478bfd363/square.jpg,20
Brasileirao Serie A,Sao Paulo 26/27 Away Kids Kit Jersey Size 16-2813,https://minkang.x.yupoo.com/albums/247796247?uid=1&isSubCate=false&referrercate=680738,https://photo.yupoo.com/minkang/fcc69afec7/large.jpg,1
Brasileirao Serie A,Sao Paulo 26/27 Away Kids Kit Jersey Size 16-2813,https://minkang.x.yupoo.com/albums/247796247?uid=1&isSubCate=false&referrercate=680738,https://photo.yupoo.com/minkang/30e51fc25f/large.jpg,2
Brasileirao Serie A,Sao Paulo 26/27 Away Kids Kit Jersey Size 16-2813,https://minkang.x.yupoo.com/albums/247796247?uid=1&isSubCate=false&referrercate=680738,https://photo.yupoo.com/minkang/1648617d6c/large.jpg,3
Brasileirao Serie A,Sao Paulo 26/27 Away Kids Kit Jersey Size 16-2813,https://minkang.x.yupoo.com/albums/247796247?uid=1&isSubCate=false&referrercate=680738,https://photo.yupoo.com/minkang/6e32a20fe2/large.jpg,4
Brasileirao Serie A,Sao Paulo 26/27 Away Kids Kit Jersey Size 16-2813,https://minkang.x.yupoo.com/albums/247796247?uid=1&isSubCate=false&referrercate=680738,https://photo.yupoo.com/minkang/cf82835e7b/large.jpg,5
Brasileirao Serie A,Sao Paulo 26/27 Away Kids Kit Jersey Size 16-2813,https://minkang.x.yupoo.com/albums/247796247?uid=1&isSubCate=false&referrercate=680738,https://photo.yupoo.com/minkang/2aaee3e4b5/large.jpg,6
Brasileirao Serie A,Sao Paulo 26/27 Away Kids Kit Jersey Size 16-2813,https://minkang.x.yupoo.com/albums/247796247?uid=1&isSubCate=false&referrercate=680738,https://photo.yupoo.com/minkang/a0585f3186/large.jpg,7
Brasileirao Serie A,Sao Paulo 26/27 Away Kids Kit Jersey Size 16-2813,https://minkang.x.yupoo.com/albums/247796247?uid=1&isSubCate=false&referrercate=680738,https://photo.yupoo.com/minkang/732e7a602b/large.jpg,8
Brasileirao Serie A,Sao Paulo 26/27 Away Kids Kit Jersey Size 16-2813,https://minkang.x.yupoo.com/albums/247796247?uid=1&isSubCate=false&referrercate=680738,https://photo.yupoo.com/minkang/3e691c26e6/large.jpg,9
Brasileirao Serie A,Sao Paulo 26/27 Away Kids Kit Jersey Size 16-2813,https://minkang.x.yupoo.com/albums/247796247?uid=1&isSubCate=false&referrercate=680738,https://photo.yupoo.com/minkang/0f6353e38f/large.jpg,10
Brasileirao Serie A,Sao Paulo 26/27 Away Kids Kit Jersey Size 16-2813,https://minkang.x.yupoo.com/albums/247796247?uid=1&isSubCate=false&referrercate=680738,https://photo.yupoo.com/minkang/a4bd97fd39/large.jpg,11
Brasileirao Serie A,Sao Paulo 26/27 Away Kids Kit Jersey Size 16-2813,https://minkang.x.yupoo.com/albums/247796247?uid=1&isSubCate=false&referrercate=680738,https://photo.yupoo.com/minkang/a2bf7ccf30/large.jpg,12
Brasileirao Serie A,Sao Paulo 26/27 Away Kids Kit Jersey Size 16-2813,https://minkang.x.yupoo.com/albums/247796247?uid=1&isSubCate=false&referrercate=680738,https://photo.yupoo.com/minkang/bdd58a6c17/large.jpg,13
Brasileirao Serie A,Sao Paulo 26/27 Away Kids Kit Jersey Size 16-2813,https://minkang.x.yupoo.com/albums/247796247?uid=1&isSubCate=false&referrercate=680738,https://photo.yupoo.com/minkang/30e51fc25f/square.jpg,14
Brasileirao Serie A,Sao Paulo 26/27 Away Kids Kit Jersey Size 16-2813,https://minkang.x.yupoo.com/albums/247796247?uid=1&isSubCate=false&referrercate=680738,https://photo.yupoo.com/minkang/fcc69afec7/square.jpg,15
Brasileirao Serie A,Sao Paulo 26/27 Away Kids Kit Jersey Size 16-2813,https://minkang.x.yupoo.com/albums/247796247?uid=1&isSubCate=false&referrercate=680738,https://photo.yupoo.com/minkang/1648617d6c/square.jpg,16
Brasileirao Serie A,Sao Paulo 26/27 Away Kids Kit Jersey Size 16-2813,https://minkang.x.yupoo.com/albums/247796247?uid=1&isSubCate=false&referrercate=680738,https://photo.yupoo.com/minkang/6e32a20fe2/square.jpg,17
Brasileirao Serie A,Sao Paulo 26/27 Away Kids Kit Jersey Size 16-2813,https://minkang.x.yupoo.com/albums/247796247?uid=1&isSubCate=false&referrercate=680738,https://photo.yupoo.com/minkang/cf82835e7b/square.jpg,18
Brasileirao Serie A,Sao Paulo 26/27 Away Kids Kit Jersey Size 16-2813,https://minkang.x.yupoo.com/albums/247796247?uid=1&isSubCate=false&referrercate=680738,https://photo.yupoo.com/minkang/2aaee3e4b5/square.jpg,19
Brasileirao Serie A,Sao Paulo 26/27 Away Kids Kit Jersey Size 16-2813,https://minkang.x.yupoo.com/albums/247796247?uid=1&isSubCate=false&referrercate=680738,https://photo.yupoo.com/minkang/a0585f3186/square.jpg,20
Brasileirao Serie A,Sao Paulo 26/27 Away Kids Kit Jersey Size 16-2813,https://minkang.x.yupoo.com/albums/247796247?uid=1&isSubCate=false&referrercate=680738,https://photo.yupoo.com/minkang/732e7a602b/square.jpg,21
Brasileirao Serie A,Sao Paulo 26/27 Away Kids Kit Jersey Size 16-2813,https://minkang.x.yupoo.com/albums/247796247?uid=1&isSubCate=false&referrercate=680738,https://photo.yupoo.com/minkang/3e691c26e6/square.jpg,22
Brasileirao Serie A,Sao Paulo 26/27 Away Kids Kit Jersey Size 16-2813,https://minkang.x.yupoo.com/albums/247796247?uid=1&isSubCate=false&referrercate=680738,https://photo.yupoo.com/minkang/0f6353e38f/square.jpg,23
Brasileirao Serie A,Sao Paulo 26/27 Away Kids Kit Jersey Size 16-2813,https://minkang.x.yupoo.com/albums/247796247?uid=1&isSubCate=false&referrercate=680738,https://photo.yupoo.com/minkang/a4bd97fd39/square.jpg,24
Brasileirao Serie A,Sao Paulo 26/27 Away Kids Kit Jersey Size 16-2813,https://minkang.x.yupoo.com/albums/247796247?uid=1&isSubCate=false&referrercate=680738,https://photo.yupoo.com/minkang/a2bf7ccf30/square.jpg,25
Brasileirao Serie A,Sao Paulo 26/27 Away Kids Kit Jersey Size 16-2813,https://minkang.x.yupoo.com/albums/247796247?uid=1&isSubCate=false&referrercate=680738,https://photo.yupoo.com/minkang/bdd58a6c17/square.jpg,26
Brasileirao Serie A,Sport Recife 26/27 Home Womes Jersey S-XXL8,https://minkang.x.yupoo.com/albums/247796202?uid=1&isSubCate=false&referrercate=680738,https://photo.yupoo.com/minkang/7a0204ef64/large.jpg,1
Brasileirao Serie A,Sport Recife 26/27 Home Womes Jersey S-XXL8,https://minkang.x.yupoo.com/albums/247796202?uid=1&isSubCate=false&referrercate=680738,https://photo.yupoo.com/minkang/6fcae2db5f/large.jpg,2
Brasileirao Serie A,Sport Recife 26/27 Home Womes Jersey S-XXL8,https://minkang.x.yupoo.com/albums/247796202?uid=1&isSubCate=false&referrercate=680738,https://photo.yupoo.com/minkang/706251fa8a/large.jpg,3
Brasileirao Serie A,Sport Recife 26/27 Home Womes Jersey S-XXL8,https://minkang.x.yupoo.com/albums/247796202?uid=1&isSubCate=false&referrercate=680738,https://photo.yupoo.com/minkang/5debf939c8/large.jpg,4
Brasileirao Serie A,Sport Recife 26/27 Home Womes Jersey S-XXL8,https://minkang.x.yupoo.com/albums/247796202?uid=1&isSubCate=false&referrercate=680738,https://photo.yupoo.com/minkang/b957fc373c/large.jpg,5
Brasileirao Serie A,Sport Recife 26/27 Home Womes Jersey S-XXL8,https://minkang.x.yupoo.com/albums/247796202?uid=1&isSubCate=false&referrercate=680738,https://photo.yupoo.com/minkang/41d0c3048e/large.jpg,6
Brasileirao Serie A,Sport Recife 26/27 Home Womes Jersey S-XXL8,https://minkang.x.yupoo.com/albums/247796202?uid=1&isSubCate=false&referrercate=680738,https://photo.yupoo.com/minkang/715fd17dc2/large.jpg,7
Brasileirao Serie A,Sport Recife 26/27 Home Womes Jersey S-XXL8,https://minkang.x.yupoo.com/albums/247796202?uid=1&isSubCate=false&referrercate=680738,https://photo.yupoo.com/minkang/b512c0fabc/large.jpg,8
Brasileirao Serie A,Sport Recife 26/27 Home Womes Jersey S-XXL8,https://minkang.x.yupoo.com/albums/247796202?uid=1&isSubCate=false&referrercate=680738,https://photo.yupoo.com/minkang/7a0204ef64/square.jpg,9
Brasileirao Serie A,Sport Recife 26/27 Home Womes Jersey S-XXL8,https://minkang.x.yupoo.com/albums/247796202?uid=1&isSubCate=false&referrercate=680738,https://photo.yupoo.com/minkang/6fcae2db5f/square.jpg,10
Brasileirao Serie A,Sport Recife 26/27 Home Womes Jersey S-XXL8,https://minkang.x.yupoo.com/albums/247796202?uid=1&isSubCate=false&referrercate=680738,https://photo.yupoo.com/minkang/706251fa8a/square.jpg,11
Brasileirao Serie A,Sport Recife 26/27 Home Womes Jersey S-XXL8,https://minkang.x.yupoo.com/albums/247796202?uid=1&isSubCate=false&referrercate=680738,https://photo.yupoo.com/minkang/5debf939c8/square.jpg,12
Brasileirao Serie A,Sport Recife 26/27 Home Womes Jersey S-XXL8,https://minkang.x.yupoo.com/albums/247796202?uid=1&isSubCate=false&referrercate=680738,https://photo.yupoo.com/minkang/b957fc373c/square.jpg,13
Brasileirao Serie A,Sport Recife 26/27 Home Womes Jersey S-XXL8,https://minkang.x.yupoo.com/albums/247796202?uid=1&isSubCate=false&referrercate=680738,https://photo.yupoo.com/minkang/41d0c3048e/square.jpg,14
Brasileirao Serie A,Sport Recife 26/27 Home Womes Jersey S-XXL8,https://minkang.x.yupoo.com/albums/247796202?uid=1&isSubCate=false&referrercate=680738,https://photo.yupoo.com/minkang/715fd17dc2/square.jpg,15
Brasileirao Serie A,Sport Recife 26/27 Home Womes Jersey S-XXL8,https://minkang.x.yupoo.com/albums/247796202?uid=1&isSubCate=false&referrercate=680738,https://photo.yupoo.com/minkang/b512c0fabc/square.jpg,16
Brasileirao Serie A,Flamengo 26/27 Zico Signature World Cup Version Yellow Womens Jersey S-XXL6,https://minkang.x.yupoo.com/albums/247796018?uid=1&isSubCate=false&referrercate=680738,https://photo.yupoo.com/minkang/d0d621ae4c/large.jpg,1
Brasileirao Serie A,Flamengo 26/27 Zico Signature World Cup Version Yellow Womens Jersey S-XXL6,https://minkang.x.yupoo.com/albums/247796018?uid=1&isSubCate=false&referrercate=680738,https://photo.yupoo.com/minkang/ce6b91d37e/large.jpg,2
Brasileirao Serie A,Flamengo 26/27 Zico Signature World Cup Version Yellow Womens Jersey S-XXL6,https://minkang.x.yupoo.com/albums/247796018?uid=1&isSubCate=false&referrercate=680738,https://photo.yupoo.com/minkang/82f865da85/large.jpg,3
Brasileirao Serie A,Flamengo 26/27 Zico Signature World Cup Version Yellow Womens Jersey S-XXL6,https://minkang.x.yupoo.com/albums/247796018?uid=1&isSubCate=false&referrercate=680738,https://photo.yupoo.com/minkang/1e06d244bc/large.jpg,4
Brasileirao Serie A,Flamengo 26/27 Zico Signature World Cup Version Yellow Womens Jersey S-XXL6,https://minkang.x.yupoo.com/albums/247796018?uid=1&isSubCate=false&referrercate=680738,https://photo.yupoo.com/minkang/ed3603f3fe/large.jpg,5
Brasileirao Serie A,Flamengo 26/27 Zico Signature World Cup Version Yellow Womens Jersey S-XXL6,https://minkang.x.yupoo.com/albums/247796018?uid=1&isSubCate=false&referrercate=680738,https://photo.yupoo.com/minkang/05dc73e752/large.jpg,6
Brasileirao Serie A,Flamengo 26/27 Zico Signature World Cup Version Yellow Womens Jersey S-XXL6,https://minkang.x.yupoo.com/albums/247796018?uid=1&isSubCate=false&referrercate=680738,https://photo.yupoo.com/minkang/ce6b91d37e/square.jpg,7
Brasileirao Serie A,Flamengo 26/27 Zico Signature World Cup Version Yellow Womens Jersey S-XXL6,https://minkang.x.yupoo.com/albums/247796018?uid=1&isSubCate=false&referrercate=680738,https://photo.yupoo.com/minkang/d0d621ae4c/square.jpg,8
Brasileirao Serie A,Flamengo 26/27 Zico Signature World Cup Version Yellow Womens Jersey S-XXL6,https://minkang.x.yupoo.com/albums/247796018?uid=1&isSubCate=false&referrercate=680738,https://photo.yupoo.com/minkang/82f865da85/square.jpg,9
Brasileirao Serie A,Flamengo 26/27 Zico Signature World Cup Version Yellow Womens Jersey S-XXL6,https://minkang.x.yupoo.com/albums/247796018?uid=1&isSubCate=false&referrercate=680738,https://photo.yupoo.com/minkang/1e06d244bc/square.jpg,10
Brasileirao Serie A,Flamengo 26/27 Zico Signature World Cup Version Yellow Womens Jersey S-XXL6,https://minkang.x.yupoo.com/albums/247796018?uid=1&isSubCate=false&referrercate=680738,https://photo.yupoo.com/minkang/ed3603f3fe/square.jpg,11
Brasileirao Serie A,Flamengo 26/27 Zico Signature World Cup Version Yellow Womens Jersey S-XXL6,https://minkang.x.yupoo.com/albums/247796018?uid=1&isSubCate=false&referrercate=680738,https://photo.yupoo.com/minkang/05dc73e752/square.jpg,12
Brasileirao Serie A,Vasco da Gama 26/27 Special Edition Jersey - Yellow S-4XL8,https://minkang.x.yupoo.com/albums/247795572?uid=1&isSubCate=false&referrercate=680738,https://photo.yupoo.com/minkang/274b958232/large.jpg,1
Brasileirao Serie A,Vasco da Gama 26/27 Special Edition Jersey - Yellow S-4XL8,https://minkang.x.yupoo.com/albums/247795572?uid=1&isSubCate=false&referrercate=680738,https://photo.yupoo.com/minkang/075b7af7aa/large.jpg,2
Brasileirao Serie A,Vasco da Gama 26/27 Special Edition Jersey - Yellow S-4XL8,https://minkang.x.yupoo.com/albums/247795572?uid=1&isSubCate=false&referrercate=680738,https://photo.yupoo.com/minkang/b5840a4bce/large.jpg,3
Brasileirao Serie A,Vasco da Gama 26/27 Special Edition Jersey - Yellow S-4XL8,https://minkang.x.yupoo.com/albums/247795572?uid=1&isSubCate=false&referrercate=680738,https://photo.yupoo.com/minkang/c9128acfc1/large.jpg,4
Brasileirao Serie A,Vasco da Gama 26/27 Special Edition Jersey - Yellow S-4XL8,https://minkang.x.yupoo.com/albums/247795572?uid=1&isSubCate=false&referrercate=680738,https://photo.yupoo.com/minkang/45203e2c8a/large.jpg,5
Brasileirao Serie A,Vasco da Gama 26/27 Special Edition Jersey - Yellow S-4XL8,https://minkang.x.yupoo.com/albums/247795572?uid=1&isSubCate=false&referrercate=680738,https://photo.yupoo.com/minkang/cc2c03e5c2/large.jpg,6
Brasileirao Serie A,Vasco da Gama 26/27 Special Edition Jersey - Yellow S-4XL8,https://minkang.x.yupoo.com/albums/247795572?uid=1&isSubCate=false&referrercate=680738,https://photo.yupoo.com/minkang/bfc6c06ce6/large.jpg,7
Brasileirao Serie A,Vasco da Gama 26/27 Special Edition Jersey - Yellow S-4XL8,https://minkang.x.yupoo.com/albums/247795572?uid=1&isSubCate=false&referrercate=680738,https://photo.yupoo.com/minkang/a0c127ee6a/large.jpg,8
Brasileirao Serie A,Vasco da Gama 26/27 Special Edition Jersey - Yellow S-4XL8,https://minkang.x.yupoo.com/albums/247795572?uid=1&isSubCate=false&referrercate=680738,https://photo.yupoo.com/minkang/075b7af7aa/square.jpg,9
Brasileirao Serie A,Vasco da Gama 26/27 Special Edition Jersey - Yellow S-4XL8,https://minkang.x.yupoo.com/albums/247795572?uid=1&isSubCate=false&referrercate=680738,https://photo.yupoo.com/minkang/274b958232/square.jpg,10
Brasileirao Serie A,Vasco da Gama 26/27 Special Edition Jersey - Yellow S-4XL8,https://minkang.x.yupoo.com/albums/247795572?uid=1&isSubCate=false&referrercate=680738,https://photo.yupoo.com/minkang/b5840a4bce/square.jpg,11
Brasileirao Serie A,Vasco da Gama 26/27 Special Edition Jersey - Yellow S-4XL8,https://minkang.x.yupoo.com/albums/247795572?uid=1&isSubCate=false&referrercate=680738,https://photo.yupoo.com/minkang/c9128acfc1/square.jpg,12
Brasileirao Serie A,Vasco da Gama 26/27 Special Edition Jersey - Yellow S-4XL8,https://minkang.x.yupoo.com/albums/247795572?uid=1&isSubCate=false&referrercate=680738,https://photo.yupoo.com/minkang/45203e2c8a/square.jpg,13
Brasileirao Serie A,Vasco da Gama 26/27 Special Edition Jersey - Yellow S-4XL8,https://minkang.x.yupoo.com/albums/247795572?uid=1&isSubCate=false&referrercate=680738,https://photo.yupoo.com/minkang/cc2c03e5c2/square.jpg,14
Brasileirao Serie A,Vasco da Gama 26/27 Special Edition Jersey - Yellow S-4XL8,https://minkang.x.yupoo.com/albums/247795572?uid=1&isSubCate=false&referrercate=680738,https://photo.yupoo.com/minkang/bfc6c06ce6/square.jpg,15
Brasileirao Serie A,Vasco da Gama 26/27 Special Edition Jersey - Yellow S-4XL8,https://minkang.x.yupoo.com/albums/247795572?uid=1&isSubCate=false&referrercate=680738,https://photo.yupoo.com/minkang/a0c127ee6a/square.jpg,16
Brasileirao Serie A,Vasco da Gama 26/27 Special Edition Jersey S-4XL8,https://minkang.x.yupoo.com/albums/247795455?uid=1&isSubCate=false&referrercate=680738,https://photo.yupoo.com/minkang/d4200ce975/large.jpg,1
Brasileirao Serie A,Vasco da Gama 26/27 Special Edition Jersey S-4XL8,https://minkang.x.yupoo.com/albums/247795455?uid=1&isSubCate=false&referrercate=680738,https://photo.yupoo.com/minkang/6d1c445ed6/large.jpg,2
Brasileirao Serie A,Vasco da Gama 26/27 Special Edition Jersey S-4XL8,https://minkang.x.yupoo.com/albums/247795455?uid=1&isSubCate=false&referrercate=680738,https://photo.yupoo.com/minkang/004c14bb71/large.jpg,3
Brasileirao Serie A,Vasco da Gama 26/27 Special Edition Jersey S-4XL8,https://minkang.x.yupoo.com/albums/247795455?uid=1&isSubCate=false&referrercate=680738,https://photo.yupoo.com/minkang/d4712db24a/large.jpg,4
Brasileirao Serie A,Vasco da Gama 26/27 Special Edition Jersey S-4XL8,https://minkang.x.yupoo.com/albums/247795455?uid=1&isSubCate=false&referrercate=680738,https://photo.yupoo.com/minkang/cc262809e7/large.jpg,5
Brasileirao Serie A,Vasco da Gama 26/27 Special Edition Jersey S-4XL8,https://minkang.x.yupoo.com/albums/247795455?uid=1&isSubCate=false&referrercate=680738,https://photo.yupoo.com/minkang/2755e69592/large.jpg,6
Brasileirao Serie A,Vasco da Gama 26/27 Special Edition Jersey S-4XL8,https://minkang.x.yupoo.com/albums/247795455?uid=1&isSubCate=false&referrercate=680738,https://photo.yupoo.com/minkang/ba69da7448/large.jpg,7
Brasileirao Serie A,Vasco da Gama 26/27 Special Edition Jersey S-4XL8,https://minkang.x.yupoo.com/albums/247795455?uid=1&isSubCate=false&referrercate=680738,https://photo.yupoo.com/minkang/3e0e676bd9/large.jpg,8
Brasileirao Serie A,Vasco da Gama 26/27 Special Edition Jersey S-4XL8,https://minkang.x.yupoo.com/albums/247795455?uid=1&isSubCate=false&referrercate=680738,https://photo.yupoo.com/minkang/6d1c445ed6/square.jpg,9
Brasileirao Serie A,Vasco da Gama 26/27 Special Edition Jersey S-4XL8,https://minkang.x.yupoo.com/albums/247795455?uid=1&isSubCate=false&referrercate=680738,https://photo.yupoo.com/minkang/d4200ce975/square.jpg,10
Brasileirao Serie A,Vasco da Gama 26/27 Special Edition Jersey S-4XL8,https://minkang.x.yupoo.com/albums/247795455?uid=1&isSubCate=false&referrercate=680738,https://photo.yupoo.com/minkang/004c14bb71/square.jpg,11
Brasileirao Serie A,Vasco da Gama 26/27 Special Edition Jersey S-4XL8,https://minkang.x.yupoo.com/albums/247795455?uid=1&isSubCate=false&referrercate=680738,https://photo.yupoo.com/minkang/d4712db24a/square.jpg,12
Brasileirao Serie A,Vasco da Gama 26/27 Special Edition Jersey S-4XL8,https://minkang.x.yupoo.com/albums/247795455?uid=1&isSubCate=false&referrercate=680738,https://photo.yupoo.com/minkang/cc262809e7/square.jpg,13
Brasileirao Serie A,Vasco da Gama 26/27 Special Edition Jersey S-4XL8,https://minkang.x.yupoo.com/albums/247795455?uid=1&isSubCate=false&referrercate=680738,https://photo.yupoo.com/minkang/2755e69592/square.jpg,14
Brasileirao Serie A,Vasco da Gama 26/27 Special Edition Jersey S-4XL8,https://minkang.x.yupoo.com/albums/247795455?uid=1&isSubCate=false&referrercate=680738,https://photo.yupoo.com/minkang/ba69da7448/square.jpg,15
Brasileirao Serie A,Vasco da Gama 26/27 Special Edition Jersey S-4XL8,https://minkang.x.yupoo.com/albums/247795455?uid=1&isSubCate=false&referrercate=680738,https://photo.yupoo.com/minkang/3e0e676bd9/square.jpg,16
Brasileirao Serie A,Remo 26/27 Goalkeeper Jersey - Maroon S-4XL8,https://minkang.x.yupoo.com/albums/247795265?uid=1&isSubCate=false&referrercate=680738,https://photo.yupoo.com/minkang/2d14ea7fa8/large.jpg,1
Brasileirao Serie A,Remo 26/27 Goalkeeper Jersey - Maroon S-4XL8,https://minkang.x.yupoo.com/albums/247795265?uid=1&isSubCate=false&referrercate=680738,https://photo.yupoo.com/minkang/a6e3425ad8/large.jpg,2
Brasileirao Serie A,Remo 26/27 Goalkeeper Jersey - Maroon S-4XL8,https://minkang.x.yupoo.com/albums/247795265?uid=1&isSubCate=false&referrercate=680738,https://photo.yupoo.com/minkang/3014777a12/large.jpg,3
Brasileirao Serie A,Remo 26/27 Goalkeeper Jersey - Maroon S-4XL8,https://minkang.x.yupoo.com/albums/247795265?uid=1&isSubCate=false&referrercate=680738,https://photo.yupoo.com/minkang/b6901cb9e4/large.jpg,4
Brasileirao Serie A,Remo 26/27 Goalkeeper Jersey - Maroon S-4XL8,https://minkang.x.yupoo.com/albums/247795265?uid=1&isSubCate=false&referrercate=680738,https://photo.yupoo.com/minkang/d36a95a752/large.jpg,5
Brasileirao Serie A,Remo 26/27 Goalkeeper Jersey - Maroon S-4XL8,https://minkang.x.yupoo.com/albums/247795265?uid=1&isSubCate=false&referrercate=680738,https://photo.yupoo.com/minkang/0e07035173/large.jpg,6
Brasileirao Serie A,Remo 26/27 Goalkeeper Jersey - Maroon S-4XL8,https://minkang.x.yupoo.com/albums/247795265?uid=1&isSubCate=false&referrercate=680738,https://photo.yupoo.com/minkang/459ff518bf/large.jpg,7
Brasileirao Serie A,Remo 26/27 Goalkeeper Jersey - Maroon S-4XL8,https://minkang.x.yupoo.com/albums/247795265?uid=1&isSubCate=false&referrercate=680738,https://photo.yupoo.com/minkang/4ce02bd1aa/large.jpg,8
Brasileirao Serie A,Remo 26/27 Goalkeeper Jersey - Maroon S-4XL8,https://minkang.x.yupoo.com/albums/247795265?uid=1&isSubCate=false&referrercate=680738,https://photo.yupoo.com/minkang/a6e3425ad8/square.jpg,9
Brasileirao Serie A,Remo 26/27 Goalkeeper Jersey - Maroon S-4XL8,https://minkang.x.yupoo.com/albums/247795265?uid=1&isSubCate=false&referrercate=680738,https://photo.yupoo.com/minkang/2d14ea7fa8/square.jpg,10
Brasileirao Serie A,Remo 26/27 Goalkeeper Jersey - Maroon S-4XL8,https://minkang.x.yupoo.com/albums/247795265?uid=1&isSubCate=false&referrercate=680738,https://photo.yupoo.com/minkang/3014777a12/square.jpg,11
Brasileirao Serie A,Remo 26/27 Goalkeeper Jersey - Maroon S-4XL8,https://minkang.x.yupoo.com/albums/247795265?uid=1&isSubCate=false&referrercate=680738,https://photo.yupoo.com/minkang/b6901cb9e4/square.jpg,12
Brasileirao Serie A,Remo 26/27 Goalkeeper Jersey - Maroon S-4XL8,https://minkang.x.yupoo.com/albums/247795265?uid=1&isSubCate=false&referrercate=680738,https://photo.yupoo.com/minkang/d36a95a752/square.jpg,13
Brasileirao Serie A,Remo 26/27 Goalkeeper Jersey - Maroon S-4XL8,https://minkang.x.yupoo.com/albums/247795265?uid=1&isSubCate=false&referrercate=680738,https://photo.yupoo.com/minkang/0e07035173/square.jpg,14
Brasileirao Serie A,Remo 26/27 Goalkeeper Jersey - Maroon S-4XL8,https://minkang.x.yupoo.com/albums/247795265?uid=1&isSubCate=false&referrercate=680738,https://photo.yupoo.com/minkang/459ff518bf/square.jpg,15
Brasileirao Serie A,Remo 26/27 Goalkeeper Jersey - Maroon S-4XL8,https://minkang.x.yupoo.com/albums/247795265?uid=1&isSubCate=false&referrercate=680738,https://photo.yupoo.com/minkang/4ce02bd1aa/square.jpg,16
Brasileirao Serie A,Palmeiras 10/11 Home Retro Jersey S-XXL8,https://minkang.x.yupoo.com/albums/247794987?uid=1&isSubCate=false&referrercate=680738,https://photo.yupoo.com/minkang/d1a397bd8f/large.jpg,1
Brasileirao Serie A,Palmeiras 10/11 Home Retro Jersey S-XXL8,https://minkang.x.yupoo.com/albums/247794987?uid=1&isSubCate=false&referrercate=680738,https://photo.yupoo.com/minkang/f519901d03/large.jpg,2
Brasileirao Serie A,Palmeiras 10/11 Home Retro Jersey S-XXL8,https://minkang.x.yupoo.com/albums/247794987?uid=1&isSubCate=false&referrercate=680738,https://photo.yupoo.com/minkang/c266823504/large.jpg,3
Brasileirao Serie A,Palmeiras 10/11 Home Retro Jersey S-XXL8,https://minkang.x.yupoo.com/albums/247794987?uid=1&isSubCate=false&referrercate=680738,https://photo.yupoo.com/minkang/4f29eda0ec/large.jpg,4
Brasileirao Serie A,Palmeiras 10/11 Home Retro Jersey S-XXL8,https://minkang.x.yupoo.com/albums/247794987?uid=1&isSubCate=false&referrercate=680738,https://photo.yupoo.com/minkang/0e4c174ef5/large.jpg,5
Brasileirao Serie A,Palmeiras 10/11 Home Retro Jersey S-XXL8,https://minkang.x.yupoo.com/albums/247794987?uid=1&isSubCate=false&referrercate=680738,https://photo.yupoo.com/minkang/dc6fa4e3f4/large.jpg,6
Brasileirao Serie A,Palmeiras 10/11 Home Retro Jersey S-XXL8,https://minkang.x.yupoo.com/albums/247794987?uid=1&isSubCate=false&referrercate=680738,https://photo.yupoo.com/minkang/29f913a5f5/large.jpg,7
Brasileirao Serie A,Palmeiras 10/11 Home Retro Jersey S-XXL8,https://minkang.x.yupoo.com/albums/247794987?uid=1&isSubCate=false&referrercate=680738,https://photo.yupoo.com/minkang/17921d432e/large.jpg,8
Brasileirao Serie A,Palmeiras 10/11 Home Retro Jersey S-XXL8,https://minkang.x.yupoo.com/albums/247794987?uid=1&isSubCate=false&referrercate=680738,https://photo.yupoo.com/minkang/f519901d03/square.jpg,9
Brasileirao Serie A,Palmeiras 10/11 Home Retro Jersey S-XXL8,https://minkang.x.yupoo.com/albums/247794987?uid=1&isSubCate=false&referrercate=680738,https://photo.yupoo.com/minkang/d1a397bd8f/square.jpg,10
Brasileirao Serie A,Palmeiras 10/11 Home Retro Jersey S-XXL8,https://minkang.x.yupoo.com/albums/247794987?uid=1&isSubCate=false&referrercate=680738,https://photo.yupoo.com/minkang/c266823504/square.jpg,11
Brasileirao Serie A,Palmeiras 10/11 Home Retro Jersey S-XXL8,https://minkang.x.yupoo.com/albums/247794987?uid=1&isSubCate=false&referrercate=680738,https://photo.yupoo.com/minkang/4f29eda0ec/square.jpg,12
Brasileirao Serie A,Palmeiras 10/11 Home Retro Jersey S-XXL8,https://minkang.x.yupoo.com/albums/247794987?uid=1&isSubCate=false&referrercate=680738,https://photo.yupoo.com/minkang/0e4c174ef5/square.jpg,13
Brasileirao Serie A,Palmeiras 10/11 Home Retro Jersey S-XXL8,https://minkang.x.yupoo.com/albums/247794987?uid=1&isSubCate=false&referrercate=680738,https://photo.yupoo.com/minkang/dc6fa4e3f4/square.jpg,14
Brasileirao Serie A,Palmeiras 10/11 Home Retro Jersey S-XXL8,https://minkang.x.yupoo.com/albums/247794987?uid=1&isSubCate=false&referrercate=680738,https://photo.yupoo.com/minkang/29f913a5f5/square.jpg,15
Brasileirao Serie A,Palmeiras 10/11 Home Retro Jersey S-XXL8,https://minkang.x.yupoo.com/albums/247794987?uid=1&isSubCate=false&referrercate=680738,https://photo.yupoo.com/minkang/17921d432e/square.jpg,16
Brasileirao Serie A,Regata Vasco da Gama 2026 Brasil Canaria da Colina Masculina Vest S-4XL7,https://minkang.x.yupoo.com/albums/247794895?uid=1&isSubCate=false&referrercate=680738,https://photo.yupoo.com/minkang/276e4af02d/large.jpg,1
Brasileirao Serie A,Regata Vasco da Gama 2026 Brasil Canaria da Colina Masculina Vest S-4XL7,https://minkang.x.yupoo.com/albums/247794895?uid=1&isSubCate=false&referrercate=680738,https://photo.yupoo.com/minkang/d2e58a86a0/large.jpg,2
Brasileirao Serie A,Regata Vasco da Gama 2026 Brasil Canaria da Colina Masculina Vest S-4XL7,https://minkang.x.yupoo.com/albums/247794895?uid=1&isSubCate=false&referrercate=680738,https://photo.yupoo.com/minkang/a76bc816a7/large.jpg,3
Brasileirao Serie A,Regata Vasco da Gama 2026 Brasil Canaria da Colina Masculina Vest S-4XL7,https://minkang.x.yupoo.com/albums/247794895?uid=1&isSubCate=false&referrercate=680738,https://photo.yupoo.com/minkang/a70a0b8938/large.jpg,4
Brasileirao Serie A,Regata Vasco da Gama 2026 Brasil Canaria da Colina Masculina Vest S-4XL7,https://minkang.x.yupoo.com/albums/247794895?uid=1&isSubCate=false&referrercate=680738,https://photo.yupoo.com/minkang/aada2c7ad8/large.jpg,5
Brasileirao Serie A,Regata Vasco da Gama 2026 Brasil Canaria da Colina Masculina Vest S-4XL7,https://minkang.x.yupoo.com/albums/247794895?uid=1&isSubCate=false&referrercate=680738,https://photo.yupoo.com/minkang/88984ba094/large.jpg,6
Brasileirao Serie A,Regata Vasco da Gama 2026 Brasil Canaria da Colina Masculina Vest S-4XL7,https://minkang.x.yupoo.com/albums/247794895?uid=1&isSubCate=false&referrercate=680738,https://photo.yupoo.com/minkang/7b8418c73c/large.jpg,7
Brasileirao Serie A,Regata Vasco da Gama 2026 Brasil Canaria da Colina Masculina Vest S-4XL7,https://minkang.x.yupoo.com/albums/247794895?uid=1&isSubCate=false&referrercate=680738,https://photo.yupoo.com/minkang/d2e58a86a0/square.jpg,8
Brasileirao Serie A,Regata Vasco da Gama 2026 Brasil Canaria da Colina Masculina Vest S-4XL7,https://minkang.x.yupoo.com/albums/247794895?uid=1&isSubCate=false&referrercate=680738,https://photo.yupoo.com/minkang/276e4af02d/square.jpg,9
Brasileirao Serie A,Regata Vasco da Gama 2026 Brasil Canaria da Colina Masculina Vest S-4XL7,https://minkang.x.yupoo.com/albums/247794895?uid=1&isSubCate=false&referrercate=680738,https://photo.yupoo.com/minkang/a76bc816a7/square.jpg,10
Brasileirao Serie A,Regata Vasco da Gama 2026 Brasil Canaria da Colina Masculina Vest S-4XL7,https://minkang.x.yupoo.com/albums/247794895?uid=1&isSubCate=false&referrercate=680738,https://photo.yupoo.com/minkang/a70a0b8938/square.jpg,11
Brasileirao Serie A,Regata Vasco da Gama 2026 Brasil Canaria da Colina Masculina Vest S-4XL7,https://minkang.x.yupoo.com/albums/247794895?uid=1&isSubCate=false&referrercate=680738,https://photo.yupoo.com/minkang/aada2c7ad8/square.jpg,12
Brasileirao Serie A,Regata Vasco da Gama 2026 Brasil Canaria da Colina Masculina Vest S-4XL7,https://minkang.x.yupoo.com/albums/247794895?uid=1&isSubCate=false&referrercate=680738,https://photo.yupoo.com/minkang/88984ba094/square.jpg,13
Brasileirao Serie A,Regata Vasco da Gama 2026 Brasil Canaria da Colina Masculina Vest S-4XL7,https://minkang.x.yupoo.com/albums/247794895?uid=1&isSubCate=false&referrercate=680738,https://photo.yupoo.com/minkang/7b8418c73c/square.jpg,14
Brasileirao Serie A,Flamengo 26/27 Zico Signature World Cup Version Yellow Jersey S-4XL6,https://minkang.x.yupoo.com/albums/247792070?uid=1&isSubCate=false&referrercate=680738,https://photo.yupoo.com/minkang/5718d736cd/large.jpg,1
Brasileirao Serie A,Flamengo 26/27 Zico Signature World Cup Version Yellow Jersey S-4XL6,https://minkang.x.yupoo.com/albums/247792070?uid=1&isSubCate=false&referrercate=680738,https://photo.yupoo.com/minkang/0eba1b8c98/large.jpg,2
Brasileirao Serie A,Flamengo 26/27 Zico Signature World Cup Version Yellow Jersey S-4XL6,https://minkang.x.yupoo.com/albums/247792070?uid=1&isSubCate=false&referrercate=680738,https://photo.yupoo.com/minkang/7043fef7e9/large.jpg,3
Brasileirao Serie A,Flamengo 26/27 Zico Signature World Cup Version Yellow Jersey S-4XL6,https://minkang.x.yupoo.com/albums/247792070?uid=1&isSubCate=false&referrercate=680738,https://photo.yupoo.com/minkang/62a8deeea8/large.jpg,4
Brasileirao Serie A,Flamengo 26/27 Zico Signature World Cup Version Yellow Jersey S-4XL6,https://minkang.x.yupoo.com/albums/247792070?uid=1&isSubCate=false&referrercate=680738,https://photo.yupoo.com/minkang/944d0437dd/large.jpg,5
Brasileirao Serie A,Flamengo 26/27 Zico Signature World Cup Version Yellow Jersey S-4XL6,https://minkang.x.yupoo.com/albums/247792070?uid=1&isSubCate=false&referrercate=680738,https://photo.yupoo.com/minkang/d132379fd8/large.jpg,6
Brasileirao Serie A,Flamengo 26/27 Zico Signature World Cup Version Yellow Jersey S-4XL6,https://minkang.x.yupoo.com/albums/247792070?uid=1&isSubCate=false&referrercate=680738,https://photo.yupoo.com/minkang/0eba1b8c98/square.jpg,7
Brasileirao Serie A,Flamengo 26/27 Zico Signature World Cup Version Yellow Jersey S-4XL6,https://minkang.x.yupoo.com/albums/247792070?uid=1&isSubCate=false&referrercate=680738,https://photo.yupoo.com/minkang/5718d736cd/square.jpg,8
Brasileirao Serie A,Flamengo 26/27 Zico Signature World Cup Version Yellow Jersey S-4XL6,https://minkang.x.yupoo.com/albums/247792070?uid=1&isSubCate=false&referrercate=680738,https://photo.yupoo.com/minkang/7043fef7e9/square.jpg,9
Brasileirao Serie A,Flamengo 26/27 Zico Signature World Cup Version Yellow Jersey S-4XL6,https://minkang.x.yupoo.com/albums/247792070?uid=1&isSubCate=false&referrercate=680738,https://photo.yupoo.com/minkang/62a8deeea8/square.jpg,10
Brasileirao Serie A,Flamengo 26/27 Zico Signature World Cup Version Yellow Jersey S-4XL6,https://minkang.x.yupoo.com/albums/247792070?uid=1&isSubCate=false&referrercate=680738,https://photo.yupoo.com/minkang/944d0437dd/square.jpg,11
Brasileirao Serie A,Flamengo 26/27 Zico Signature World Cup Version Yellow Jersey S-4XL6,https://minkang.x.yupoo.com/albums/247792070?uid=1&isSubCate=false&referrercate=680738,https://photo.yupoo.com/minkang/d132379fd8/square.jpg,12
Brasileirao Serie A,Flamengo 26/27 Long Sleeved Training uniform Apricot S-XXL9,https://minkang.x.yupoo.com/albums/247791707?uid=1&isSubCate=false&referrercate=680738,https://photo.yupoo.com/minkang/cec2cd3ef8/large.jpg,1
Brasileirao Serie A,Flamengo 26/27 Long Sleeved Training uniform Apricot S-XXL9,https://minkang.x.yupoo.com/albums/247791707?uid=1&isSubCate=false&referrercate=680738,https://photo.yupoo.com/minkang/d622ae7b10/large.jpg,2
Brasileirao Serie A,Flamengo 26/27 Long Sleeved Training uniform Apricot S-XXL9,https://minkang.x.yupoo.com/albums/247791707?uid=1&isSubCate=false&referrercate=680738,https://photo.yupoo.com/minkang/5a3fcce835/large.jpg,3
Brasileirao Serie A,Flamengo 26/27 Long Sleeved Training uniform Apricot S-XXL9,https://minkang.x.yupoo.com/albums/247791707?uid=1&isSubCate=false&referrercate=680738,https://photo.yupoo.com/minkang/1c406da16e/large.jpg,4
Brasileirao Serie A,Flamengo 26/27 Long Sleeved Training uniform Apricot S-XXL9,https://minkang.x.yupoo.com/albums/247791707?uid=1&isSubCate=false&referrercate=680738,https://photo.yupoo.com/minkang/1d348c72dc/large.jpg,5
Brasileirao Serie A,Flamengo 26/27 Long Sleeved Training uniform Apricot S-XXL9,https://minkang.x.yupoo.com/albums/247791707?uid=1&isSubCate=false&referrercate=680738,https://photo.yupoo.com/minkang/822b9d935d/large.jpg,6
Brasileirao Serie A,Flamengo 26/27 Long Sleeved Training uniform Apricot S-XXL9,https://minkang.x.yupoo.com/albums/247791707?uid=1&isSubCate=false&referrercate=680738,https://photo.yupoo.com/minkang/e63594ecdc/large.jpg,7
Brasileirao Serie A,Flamengo 26/27 Long Sleeved Training uniform Apricot S-XXL9,https://minkang.x.yupoo.com/albums/247791707?uid=1&isSubCate=false&referrercate=680738,https://photo.yupoo.com/minkang/379d0df80e/large.jpg,8
Brasileirao Serie A,Flamengo 26/27 Long Sleeved Training uniform Apricot S-XXL9,https://minkang.x.yupoo.com/albums/247791707?uid=1&isSubCate=false&referrercate=680738,https://photo.yupoo.com/minkang/2c68b67109/large.jpg,9
Brasileirao Serie A,Flamengo 26/27 Long Sleeved Training uniform Apricot S-XXL9,https://minkang.x.yupoo.com/albums/247791707?uid=1&isSubCate=false&referrercate=680738,https://photo.yupoo.com/minkang/d622ae7b10/square.jpg,10
Brasileirao Serie A,Flamengo 26/27 Long Sleeved Training uniform Apricot S-XXL9,https://minkang.x.yupoo.com/albums/247791707?uid=1&isSubCate=false&referrercate=680738,https://photo.yupoo.com/minkang/cec2cd3ef8/square.jpg,11
Brasileirao Serie A,Flamengo 26/27 Long Sleeved Training uniform Apricot S-XXL9,https://minkang.x.yupoo.com/albums/247791707?uid=1&isSubCate=false&referrercate=680738,https://photo.yupoo.com/minkang/5a3fcce835/square.jpg,12
Brasileirao Serie A,Flamengo 26/27 Long Sleeved Training uniform Apricot S-XXL9,https://minkang.x.yupoo.com/albums/247791707?uid=1&isSubCate=false&referrercate=680738,https://photo.yupoo.com/minkang/1c406da16e/square.jpg,13
Brasileirao Serie A,Flamengo 26/27 Long Sleeved Training uniform Apricot S-XXL9,https://minkang.x.yupoo.com/albums/247791707?uid=1&isSubCate=false&referrercate=680738,https://photo.yupoo.com/minkang/1d348c72dc/square.jpg,14
Brasileirao Serie A,Flamengo 26/27 Long Sleeved Training uniform Apricot S-XXL9,https://minkang.x.yupoo.com/albums/247791707?uid=1&isSubCate=false&referrercate=680738,https://photo.yupoo.com/minkang/822b9d935d/square.jpg,15
Brasileirao Serie A,Flamengo 26/27 Long Sleeved Training uniform Apricot S-XXL9,https://minkang.x.yupoo.com/albums/247791707?uid=1&isSubCate=false&referrercate=680738,https://photo.yupoo.com/minkang/e63594ecdc/square.jpg,16
Brasileirao Serie A,Flamengo 26/27 Long Sleeved Training uniform Apricot S-XXL9,https://minkang.x.yupoo.com/albums/247791707?uid=1&isSubCate=false&referrercate=680738,https://photo.yupoo.com/minkang/379d0df80e/square.jpg,17
Brasileirao Serie A,Flamengo 26/27 Long Sleeved Training uniform Apricot S-XXL9,https://minkang.x.yupoo.com/albums/247791707?uid=1&isSubCate=false&referrercate=680738,https://photo.yupoo.com/minkang/2c68b67109/square.jpg,18
Brasileirao Serie A,Botafogo 26/27 Third Away Jersey S-4XL10,https://minkang.x.yupoo.com/albums/247780317?uid=1&isSubCate=false&referrercate=680738,https://photo.yupoo.com/minkang/8ab333cdd8/large.jpg,1
Brasileirao Serie A,Botafogo 26/27 Third Away Jersey S-4XL10,https://minkang.x.yupoo.com/albums/247780317?uid=1&isSubCate=false&referrercate=680738,https://photo.yupoo.com/minkang/9b46d6c4b8/large.jpg,2
Brasileirao Serie A,Botafogo 26/27 Third Away Jersey S-4XL10,https://minkang.x.yupoo.com/albums/247780317?uid=1&isSubCate=false&referrercate=680738,https://photo.yupoo.com/minkang/18a9709638/large.jpg,3
Brasileirao Serie A,Botafogo 26/27 Third Away Jersey S-4XL10,https://minkang.x.yupoo.com/albums/247780317?uid=1&isSubCate=false&referrercate=680738,https://photo.yupoo.com/minkang/9599ffde2c/large.jpg,4
Brasileirao Serie A,Botafogo 26/27 Third Away Jersey S-4XL10,https://minkang.x.yupoo.com/albums/247780317?uid=1&isSubCate=false&referrercate=680738,https://photo.yupoo.com/minkang/195e9715a6/large.jpg,5
Brasileirao Serie A,Botafogo 26/27 Third Away Jersey S-4XL10,https://minkang.x.yupoo.com/albums/247780317?uid=1&isSubCate=false&referrercate=680738,https://photo.yupoo.com/minkang/27a17a9ba8/large.jpg,6
Brasileirao Serie A,Botafogo 26/27 Third Away Jersey S-4XL10,https://minkang.x.yupoo.com/albums/247780317?uid=1&isSubCate=false&referrercate=680738,https://photo.yupoo.com/minkang/67f05f2fd9/large.jpg,7
Brasileirao Serie A,Botafogo 26/27 Third Away Jersey S-4XL10,https://minkang.x.yupoo.com/albums/247780317?uid=1&isSubCate=false&referrercate=680738,https://photo.yupoo.com/minkang/8cbc8f045e/large.jpg,8
Brasileirao Serie A,Botafogo 26/27 Third Away Jersey S-4XL10,https://minkang.x.yupoo.com/albums/247780317?uid=1&isSubCate=false&referrercate=680738,https://photo.yupoo.com/minkang/e5ee0c39db/large.jpg,9
Brasileirao Serie A,Botafogo 26/27 Third Away Jersey S-4XL10,https://minkang.x.yupoo.com/albums/247780317?uid=1&isSubCate=false&referrercate=680738,https://photo.yupoo.com/minkang/441da06b16/large.jpg,10
Brasileirao Serie A,Botafogo 26/27 Third Away Jersey S-4XL10,https://minkang.x.yupoo.com/albums/247780317?uid=1&isSubCate=false&referrercate=680738,https://photo.yupoo.com/minkang/9b46d6c4b8/square.jpg,11
Brasileirao Serie A,Botafogo 26/27 Third Away Jersey S-4XL10,https://minkang.x.yupoo.com/albums/247780317?uid=1&isSubCate=false&referrercate=680738,https://photo.yupoo.com/minkang/8ab333cdd8/square.jpg,12
Brasileirao Serie A,Botafogo 26/27 Third Away Jersey S-4XL10,https://minkang.x.yupoo.com/albums/247780317?uid=1&isSubCate=false&referrercate=680738,https://photo.yupoo.com/minkang/18a9709638/square.jpg,13
Brasileirao Serie A,Botafogo 26/27 Third Away Jersey S-4XL10,https://minkang.x.yupoo.com/albums/247780317?uid=1&isSubCate=false&referrercate=680738,https://photo.yupoo.com/minkang/9599ffde2c/square.jpg,14
Brasileirao Serie A,Botafogo 26/27 Third Away Jersey S-4XL10,https://minkang.x.yupoo.com/albums/247780317?uid=1&isSubCate=false&referrercate=680738,https://photo.yupoo.com/minkang/195e9715a6/square.jpg,15
Brasileirao Serie A,Botafogo 26/27 Third Away Jersey S-4XL10,https://minkang.x.yupoo.com/albums/247780317?uid=1&isSubCate=false&referrercate=680738,https://photo.yupoo.com/minkang/27a17a9ba8/square.jpg,16
Brasileirao Serie A,Botafogo 26/27 Third Away Jersey S-4XL10,https://minkang.x.yupoo.com/albums/247780317?uid=1&isSubCate=false&referrercate=680738,https://photo.yupoo.com/minkang/67f05f2fd9/square.jpg,17
Brasileirao Serie A,Botafogo 26/27 Third Away Jersey S-4XL10,https://minkang.x.yupoo.com/albums/247780317?uid=1&isSubCate=false&referrercate=680738,https://photo.yupoo.com/minkang/8cbc8f045e/square.jpg,18
Brasileirao Serie A,Botafogo 26/27 Third Away Jersey S-4XL10,https://minkang.x.yupoo.com/albums/247780317?uid=1&isSubCate=false&referrercate=680738,https://photo.yupoo.com/minkang/e5ee0c39db/square.jpg,19
Brasileirao Serie A,Botafogo 26/27 Third Away Jersey S-4XL10,https://minkang.x.yupoo.com/albums/247780317?uid=1&isSubCate=false&referrercate=680738,https://photo.yupoo.com/minkang/441da06b16/square.jpg,20
Brasileirao Serie A,Botafogo 26/27 Pre-Match Jersey S-4XL8,https://minkang.x.yupoo.com/albums/247779946?uid=1&isSubCate=false&referrercate=680738,https://photo.yupoo.com/minkang/c835d957d3/large.jpg,1
Brasileirao Serie A,Botafogo 26/27 Pre-Match Jersey S-4XL8,https://minkang.x.yupoo.com/albums/247779946?uid=1&isSubCate=false&referrercate=680738,https://photo.yupoo.com/minkang/3c28d1ee09/large.jpg,2
Brasileirao Serie A,Botafogo 26/27 Pre-Match Jersey S-4XL8,https://minkang.x.yupoo.com/albums/247779946?uid=1&isSubCate=false&referrercate=680738,https://photo.yupoo.com/minkang/8deaa812c8/large.jpg,3
Brasileirao Serie A,Botafogo 26/27 Pre-Match Jersey S-4XL8,https://minkang.x.yupoo.com/albums/247779946?uid=1&isSubCate=false&referrercate=680738,https://photo.yupoo.com/minkang/1e60113e4e/large.jpg,4
Brasileirao Serie A,Botafogo 26/27 Pre-Match Jersey S-4XL8,https://minkang.x.yupoo.com/albums/247779946?uid=1&isSubCate=false&referrercate=680738,https://photo.yupoo.com/minkang/1735ae6fe9/large.jpg,5
Brasileirao Serie A,Botafogo 26/27 Pre-Match Jersey S-4XL8,https://minkang.x.yupoo.com/albums/247779946?uid=1&isSubCate=false&referrercate=680738,https://photo.yupoo.com/minkang/f2967d64ce/large.jpg,6
Brasileirao Serie A,Botafogo 26/27 Pre-Match Jersey S-4XL8,https://minkang.x.yupoo.com/albums/247779946?uid=1&isSubCate=false&referrercate=680738,https://photo.yupoo.com/minkang/a26c1e2e3e/large.jpg,7
Brasileirao Serie A,Botafogo 26/27 Pre-Match Jersey S-4XL8,https://minkang.x.yupoo.com/albums/247779946?uid=1&isSubCate=false&referrercate=680738,https://photo.yupoo.com/minkang/fe5433c041/large.jpg,8
Brasileirao Serie A,Botafogo 26/27 Pre-Match Jersey S-4XL8,https://minkang.x.yupoo.com/albums/247779946?uid=1&isSubCate=false&referrercate=680738,https://photo.yupoo.com/minkang/3c28d1ee09/square.jpg,9
Brasileirao Serie A,Botafogo 26/27 Pre-Match Jersey S-4XL8,https://minkang.x.yupoo.com/albums/247779946?uid=1&isSubCate=false&referrercate=680738,https://photo.yupoo.com/minkang/c835d957d3/square.jpg,10
Brasileirao Serie A,Botafogo 26/27 Pre-Match Jersey S-4XL8,https://minkang.x.yupoo.com/albums/247779946?uid=1&isSubCate=false&referrercate=680738,https://photo.yupoo.com/minkang/8deaa812c8/square.jpg,11
Brasileirao Serie A,Botafogo 26/27 Pre-Match Jersey S-4XL8,https://minkang.x.yupoo.com/albums/247779946?uid=1&isSubCate=false&referrercate=680738,https://photo.yupoo.com/minkang/1e60113e4e/square.jpg,12
Brasileirao Serie A,Botafogo 26/27 Pre-Match Jersey S-4XL8,https://minkang.x.yupoo.com/albums/247779946?uid=1&isSubCate=false&referrercate=680738,https://photo.yupoo.com/minkang/1735ae6fe9/square.jpg,13
Brasileirao Serie A,Botafogo 26/27 Pre-Match Jersey S-4XL8,https://minkang.x.yupoo.com/albums/247779946?uid=1&isSubCate=false&referrercate=680738,https://photo.yupoo.com/minkang/f2967d64ce/square.jpg,14
Brasileirao Serie A,Botafogo 26/27 Pre-Match Jersey S-4XL8,https://minkang.x.yupoo.com/albums/247779946?uid=1&isSubCate=false&referrercate=680738,https://photo.yupoo.com/minkang/a26c1e2e3e/square.jpg,15
Brasileirao Serie A,Botafogo 26/27 Pre-Match Jersey S-4XL8,https://minkang.x.yupoo.com/albums/247779946?uid=1&isSubCate=false&referrercate=680738,https://photo.yupoo.com/minkang/fe5433c041/square.jpg,16
Brasileirao Serie A,Botafogo 26/27 Home Jersey S-4XL (Without Sponsors)9,https://minkang.x.yupoo.com/albums/247779390?uid=1&isSubCate=false&referrercate=680738,https://photo.yupoo.com/minkang/64c4105b37/large.jpg,1
Brasileirao Serie A,Botafogo 26/27 Home Jersey S-4XL (Without Sponsors)9,https://minkang.x.yupoo.com/albums/247779390?uid=1&isSubCate=false&referrercate=680738,https://photo.yupoo.com/minkang/f271df3beb/large.jpg,2
Brasileirao Serie A,Botafogo 26/27 Home Jersey S-4XL (Without Sponsors)9,https://minkang.x.yupoo.com/albums/247779390?uid=1&isSubCate=false&referrercate=680738,https://photo.yupoo.com/minkang/a0bb42d8a9/large.jpg,3
Brasileirao Serie A,Botafogo 26/27 Home Jersey S-4XL (Without Sponsors)9,https://minkang.x.yupoo.com/albums/247779390?uid=1&isSubCate=false&referrercate=680738,https://photo.yupoo.com/minkang/7ebed48270/large.jpg,4
Brasileirao Serie A,Botafogo 26/27 Home Jersey S-4XL (Without Sponsors)9,https://minkang.x.yupoo.com/albums/247779390?uid=1&isSubCate=false&referrercate=680738,https://photo.yupoo.com/minkang/1e2b44a22a/large.jpg,5
Brasileirao Serie A,Botafogo 26/27 Home Jersey S-4XL (Without Sponsors)9,https://minkang.x.yupoo.com/albums/247779390?uid=1&isSubCate=false&referrercate=680738,https://photo.yupoo.com/minkang/41dc502059/large.jpg,6
Brasileirao Serie A,Botafogo 26/27 Home Jersey S-4XL (Without Sponsors)9,https://minkang.x.yupoo.com/albums/247779390?uid=1&isSubCate=false&referrercate=680738,https://photo.yupoo.com/minkang/ce835f4ba8/large.jpg,7
Brasileirao Serie A,Botafogo 26/27 Home Jersey S-4XL (Without Sponsors)9,https://minkang.x.yupoo.com/albums/247779390?uid=1&isSubCate=false&referrercate=680738,https://photo.yupoo.com/minkang/1a134a2dab/large.jpg,8
Brasileirao Serie A,Botafogo 26/27 Home Jersey S-4XL (Without Sponsors)9,https://minkang.x.yupoo.com/albums/247779390?uid=1&isSubCate=false&referrercate=680738,https://photo.yupoo.com/minkang/4ade6ad8af/large.jpg,9
Brasileirao Serie A,Botafogo 26/27 Home Jersey S-4XL (Without Sponsors)9,https://minkang.x.yupoo.com/albums/247779390?uid=1&isSubCate=false&referrercate=680738,https://photo.yupoo.com/minkang/f271df3beb/square.jpg,10
Brasileirao Serie A,Botafogo 26/27 Home Jersey S-4XL (Without Sponsors)9,https://minkang.x.yupoo.com/albums/247779390?uid=1&isSubCate=false&referrercate=680738,https://photo.yupoo.com/minkang/64c4105b37/square.jpg,11
Brasileirao Serie A,Botafogo 26/27 Home Jersey S-4XL (Without Sponsors)9,https://minkang.x.yupoo.com/albums/247779390?uid=1&isSubCate=false&referrercate=680738,https://photo.yupoo.com/minkang/a0bb42d8a9/square.jpg,12
Brasileirao Serie A,Botafogo 26/27 Home Jersey S-4XL (Without Sponsors)9,https://minkang.x.yupoo.com/albums/247779390?uid=1&isSubCate=false&referrercate=680738,https://photo.yupoo.com/minkang/7ebed48270/square.jpg,13
Brasileirao Serie A,Botafogo 26/27 Home Jersey S-4XL (Without Sponsors)9,https://minkang.x.yupoo.com/albums/247779390?uid=1&isSubCate=false&referrercate=680738,https://photo.yupoo.com/minkang/1e2b44a22a/square.jpg,14
Brasileirao Serie A,Botafogo 26/27 Home Jersey S-4XL (Without Sponsors)9,https://minkang.x.yupoo.com/albums/247779390?uid=1&isSubCate=false&referrercate=680738,https://photo.yupoo.com/minkang/41dc502059/square.jpg,15
Brasileirao Serie A,Botafogo 26/27 Home Jersey S-4XL (Without Sponsors)9,https://minkang.x.yupoo.com/albums/247779390?uid=1&isSubCate=false&referrercate=680738,https://photo.yupoo.com/minkang/ce835f4ba8/square.jpg,16
Brasileirao Serie A,Botafogo 26/27 Home Jersey S-4XL (Without Sponsors)9,https://minkang.x.yupoo.com/albums/247779390?uid=1&isSubCate=false&referrercate=680738,https://photo.yupoo.com/minkang/1a134a2dab/square.jpg,17
Brasileirao Serie A,Botafogo 26/27 Home Jersey S-4XL (Without Sponsors)9,https://minkang.x.yupoo.com/albums/247779390?uid=1&isSubCate=false&referrercate=680738,https://photo.yupoo.com/minkang/4ade6ad8af/square.jpg,18
Brasileirao Serie A,Atlético Mineiro 26/27 Pre-Match Jersey S-4XL6,https://minkang.x.yupoo.com/albums/247777476?uid=1&isSubCate=false&referrercate=680738,https://photo.yupoo.com/minkang/090e2823e7/large.jpg,1
Brasileirao Serie A,Atlético Mineiro 26/27 Pre-Match Jersey S-4XL6,https://minkang.x.yupoo.com/albums/247777476?uid=1&isSubCate=false&referrercate=680738,https://photo.yupoo.com/minkang/e7121b8232/large.jpg,2
Brasileirao Serie A,Atlético Mineiro 26/27 Pre-Match Jersey S-4XL6,https://minkang.x.yupoo.com/albums/247777476?uid=1&isSubCate=false&referrercate=680738,https://photo.yupoo.com/minkang/999cb73a5b/large.jpg,3
Brasileirao Serie A,Atlético Mineiro 26/27 Pre-Match Jersey S-4XL6,https://minkang.x.yupoo.com/albums/247777476?uid=1&isSubCate=false&referrercate=680738,https://photo.yupoo.com/minkang/a0b5220313/large.jpg,4
Brasileirao Serie A,Atlético Mineiro 26/27 Pre-Match Jersey S-4XL6,https://minkang.x.yupoo.com/albums/247777476?uid=1&isSubCate=false&referrercate=680738,https://photo.yupoo.com/minkang/4425b2ca7f/large.jpg,5
Brasileirao Serie A,Atlético Mineiro 26/27 Pre-Match Jersey S-4XL6,https://minkang.x.yupoo.com/albums/247777476?uid=1&isSubCate=false&referrercate=680738,https://photo.yupoo.com/minkang/17684eafda/large.jpg,6
Brasileirao Serie A,Atlético Mineiro 26/27 Pre-Match Jersey S-4XL6,https://minkang.x.yupoo.com/albums/247777476?uid=1&isSubCate=false&referrercate=680738,https://photo.yupoo.com/minkang/e7121b8232/square.jpg,7
Brasileirao Serie A,Atlético Mineiro 26/27 Pre-Match Jersey S-4XL6,https://minkang.x.yupoo.com/albums/247777476?uid=1&isSubCate=false&referrercate=680738,https://photo.yupoo.com/minkang/090e2823e7/square.jpg,8
Brasileirao Serie A,Atlético Mineiro 26/27 Pre-Match Jersey S-4XL6,https://minkang.x.yupoo.com/albums/247777476?uid=1&isSubCate=false&referrercate=680738,https://photo.yupoo.com/minkang/999cb73a5b/square.jpg,9
Brasileirao Serie A,Atlético Mineiro 26/27 Pre-Match Jersey S-4XL6,https://minkang.x.yupoo.com/albums/247777476?uid=1&isSubCate=false&referrercate=680738,https://photo.yupoo.com/minkang/a0b5220313/square.jpg,10
Brasileirao Serie A,Atlético Mineiro 26/27 Pre-Match Jersey S-4XL6,https://minkang.x.yupoo.com/albums/247777476?uid=1&isSubCate=false&referrercate=680738,https://photo.yupoo.com/minkang/4425b2ca7f/square.jpg,11
Brasileirao Serie A,Atlético Mineiro 26/27 Pre-Match Jersey S-4XL6,https://minkang.x.yupoo.com/albums/247777476?uid=1&isSubCate=false&referrercate=680738,https://photo.yupoo.com/minkang/17684eafda/square.jpg,12
Brasileirao Serie A,Atletico Mineiro 1995 Home Retro Jersey S-XXL7,https://minkang.x.yupoo.com/albums/247776748?uid=1&isSubCate=false&referrercate=680738,https://photo.yupoo.com/minkang/15cdac9cb0/large.jpg,1
Brasileirao Serie A,Atletico Mineiro 1995 Home Retro Jersey S-XXL7,https://minkang.x.yupoo.com/albums/247776748?uid=1&isSubCate=false&referrercate=680738,https://photo.yupoo.com/minkang/e96651af93/large.jpg,2
Brasileirao Serie A,Atletico Mineiro 1995 Home Retro Jersey S-XXL7,https://minkang.x.yupoo.com/albums/247776748?uid=1&isSubCate=false&referrercate=680738,https://photo.yupoo.com/minkang/59376ee6c3/large.jpg,3
Brasileirao Serie A,Atletico Mineiro 1995 Home Retro Jersey S-XXL7,https://minkang.x.yupoo.com/albums/247776748?uid=1&isSubCate=false&referrercate=680738,https://photo.yupoo.com/minkang/a0eb3f0ba8/large.jpg,4
Brasileirao Serie A,Atletico Mineiro 1995 Home Retro Jersey S-XXL7,https://minkang.x.yupoo.com/albums/247776748?uid=1&isSubCate=false&referrercate=680738,https://photo.yupoo.com/minkang/73e834ee2b/large.jpg,5
Brasileirao Serie A,Atletico Mineiro 1995 Home Retro Jersey S-XXL7,https://minkang.x.yupoo.com/albums/247776748?uid=1&isSubCate=false&referrercate=680738,https://photo.yupoo.com/minkang/c3a0344679/large.jpg,6
Brasileirao Serie A,Atletico Mineiro 1995 Home Retro Jersey S-XXL7,https://minkang.x.yupoo.com/albums/247776748?uid=1&isSubCate=false&referrercate=680738,https://photo.yupoo.com/minkang/4a395ff87a/large.jpg,7
Brasileirao Serie A,Atletico Mineiro 1995 Home Retro Jersey S-XXL7,https://minkang.x.yupoo.com/albums/247776748?uid=1&isSubCate=false&referrercate=680738,https://photo.yupoo.com/minkang/e96651af93/square.jpg,8
Brasileirao Serie A,Atletico Mineiro 1995 Home Retro Jersey S-XXL7,https://minkang.x.yupoo.com/albums/247776748?uid=1&isSubCate=false&referrercate=680738,https://photo.yupoo.com/minkang/15cdac9cb0/square.jpg,9
Brasileirao Serie A,Atletico Mineiro 1995 Home Retro Jersey S-XXL7,https://minkang.x.yupoo.com/albums/247776748?uid=1&isSubCate=false&referrercate=680738,https://photo.yupoo.com/minkang/59376ee6c3/square.jpg,10
Brasileirao Serie A,Atletico Mineiro 1995 Home Retro Jersey S-XXL7,https://minkang.x.yupoo.com/albums/247776748?uid=1&isSubCate=false&referrercate=680738,https://photo.yupoo.com/minkang/a0eb3f0ba8/square.jpg,11
Brasileirao Serie A,Atletico Mineiro 1995 Home Retro Jersey S-XXL7,https://minkang.x.yupoo.com/albums/247776748?uid=1&isSubCate=false&referrercate=680738,https://photo.yupoo.com/minkang/73e834ee2b/square.jpg,12
Brasileirao Serie A,Atletico Mineiro 1995 Home Retro Jersey S-XXL7,https://minkang.x.yupoo.com/albums/247776748?uid=1&isSubCate=false&referrercate=680738,https://photo.yupoo.com/minkang/c3a0344679/square.jpg,13
Brasileirao Serie A,Atletico Mineiro 1995 Home Retro Jersey S-XXL7,https://minkang.x.yupoo.com/albums/247776748?uid=1&isSubCate=false&referrercate=680738,https://photo.yupoo.com/minkang/4a395ff87a/square.jpg,14
Brasileirao Serie A,Corinthians 95/96 Home Retro Jersey S-XXL8,https://minkang.x.yupoo.com/albums/247187017?uid=1&isSubCate=false&referrercate=680738,https://photo.yupoo.com/minkang/058810628c/large.jpg,1
Brasileirao Serie A,Corinthians 95/96 Home Retro Jersey S-XXL8,https://minkang.x.yupoo.com/albums/247187017?uid=1&isSubCate=false&referrercate=680738,https://photo.yupoo.com/minkang/29b7c6ba00/large.jpg,2
Brasileirao Serie A,Corinthians 95/96 Home Retro Jersey S-XXL8,https://minkang.x.yupoo.com/albums/247187017?uid=1&isSubCate=false&referrercate=680738,https://photo.yupoo.com/minkang/b747d28ca7/large.jpg,3
Brasileirao Serie A,Corinthians 95/96 Home Retro Jersey S-XXL8,https://minkang.x.yupoo.com/albums/247187017?uid=1&isSubCate=false&referrercate=680738,https://photo.yupoo.com/minkang/aa94b6f4da/large.jpg,4
Brasileirao Serie A,Corinthians 95/96 Home Retro Jersey S-XXL8,https://minkang.x.yupoo.com/albums/247187017?uid=1&isSubCate=false&referrercate=680738,https://photo.yupoo.com/minkang/5ef765e1d0/large.jpg,5
Brasileirao Serie A,Corinthians 95/96 Home Retro Jersey S-XXL8,https://minkang.x.yupoo.com/albums/247187017?uid=1&isSubCate=false&referrercate=680738,https://photo.yupoo.com/minkang/87d0929b74/large.jpg,6
Brasileirao Serie A,Corinthians 95/96 Home Retro Jersey S-XXL8,https://minkang.x.yupoo.com/albums/247187017?uid=1&isSubCate=false&referrercate=680738,https://photo.yupoo.com/minkang/4579407e9a/large.jpg,7
Brasileirao Serie A,Corinthians 95/96 Home Retro Jersey S-XXL8,https://minkang.x.yupoo.com/albums/247187017?uid=1&isSubCate=false&referrercate=680738,https://photo.yupoo.com/minkang/b27b1c5b4f/large.jpg,8
Brasileirao Serie A,Corinthians 95/96 Home Retro Jersey S-XXL8,https://minkang.x.yupoo.com/albums/247187017?uid=1&isSubCate=false&referrercate=680738,https://photo.yupoo.com/minkang/058810628c/square.jpg,9
Brasileirao Serie A,Corinthians 95/96 Home Retro Jersey S-XXL8,https://minkang.x.yupoo.com/albums/247187017?uid=1&isSubCate=false&referrercate=680738,https://photo.yupoo.com/minkang/29b7c6ba00/square.jpg,10
Brasileirao Serie A,Corinthians 95/96 Home Retro Jersey S-XXL8,https://minkang.x.yupoo.com/albums/247187017?uid=1&isSubCate=false&referrercate=680738,https://photo.yupoo.com/minkang/b747d28ca7/square.jpg,11
Brasileirao Serie A,Corinthians 95/96 Home Retro Jersey S-XXL8,https://minkang.x.yupoo.com/albums/247187017?uid=1&isSubCate=false&referrercate=680738,https://photo.yupoo.com/minkang/aa94b6f4da/square.jpg,12
Brasileirao Serie A,Corinthians 95/96 Home Retro Jersey S-XXL8,https://minkang.x.yupoo.com/albums/247187017?uid=1&isSubCate=false&referrercate=680738,https://photo.yupoo.com/minkang/5ef765e1d0/square.jpg,13
Brasileirao Serie A,Corinthians 95/96 Home Retro Jersey S-XXL8,https://minkang.x.yupoo.com/albums/247187017?uid=1&isSubCate=false&referrercate=680738,https://photo.yupoo.com/minkang/87d0929b74/square.jpg,14
Brasileirao Serie A,Corinthians 95/96 Home Retro Jersey S-XXL8,https://minkang.x.yupoo.com/albums/247187017?uid=1&isSubCate=false&referrercate=680738,https://photo.yupoo.com/minkang/4579407e9a/square.jpg,15
Brasileirao Serie A,Corinthians 95/96 Home Retro Jersey S-XXL8,https://minkang.x.yupoo.com/albums/247187017?uid=1&isSubCate=false&referrercate=680738,https://photo.yupoo.com/minkang/b27b1c5b4f/square.jpg,16
Brasileirao Serie A,Corinthians 1982 Home Retro Jersey S-XXL5,https://minkang.x.yupoo.com/albums/246279098?uid=1&isSubCate=false&referrercate=680738,https://photo.yupoo.com/minkang/a3a92046b5/large.jpg,1
Brasileirao Serie A,Corinthians 1982 Home Retro Jersey S-XXL5,https://minkang.x.yupoo.com/albums/246279098?uid=1&isSubCate=false&referrercate=680738,https://photo.yupoo.com/minkang/e2c68f2907/large.jpg,2
Brasileirao Serie A,Corinthians 1982 Home Retro Jersey S-XXL5,https://minkang.x.yupoo.com/albums/246279098?uid=1&isSubCate=false&referrercate=680738,https://photo.yupoo.com/minkang/b84dbe42de/large.jpg,3
Brasileirao Serie A,Corinthians 1982 Home Retro Jersey S-XXL5,https://minkang.x.yupoo.com/albums/246279098?uid=1&isSubCate=false&referrercate=680738,https://photo.yupoo.com/minkang/1a20eb2b44/large.jpg,4
Brasileirao Serie A,Corinthians 1982 Home Retro Jersey S-XXL5,https://minkang.x.yupoo.com/albums/246279098?uid=1&isSubCate=false&referrercate=680738,https://photo.yupoo.com/minkang/e0df410b8b/large.jpg,5
Brasileirao Serie A,Corinthians 1982 Home Retro Jersey S-XXL5,https://minkang.x.yupoo.com/albums/246279098?uid=1&isSubCate=false&referrercate=680738,https://photo.yupoo.com/minkang/e2c68f2907/square.jpg,6
Brasileirao Serie A,Corinthians 1982 Home Retro Jersey S-XXL5,https://minkang.x.yupoo.com/albums/246279098?uid=1&isSubCate=false&referrercate=680738,https://photo.yupoo.com/minkang/b84dbe42de/square.jpg,7
Brasileirao Serie A,Corinthians 1982 Home Retro Jersey S-XXL5,https://minkang.x.yupoo.com/albums/246279098?uid=1&isSubCate=false&referrercate=680738,https://photo.yupoo.com/minkang/1a20eb2b44/square.jpg,8
Brasileirao Serie A,Corinthians 1982 Home Retro Jersey S-XXL5,https://minkang.x.yupoo.com/albums/246279098?uid=1&isSubCate=false&referrercate=680738,https://photo.yupoo.com/minkang/e0df410b8b/square.jpg,9
Brasileirao Serie A,Corinthians 1982 Home Retro Jersey S-XXL5,https://minkang.x.yupoo.com/albums/246279098?uid=1&isSubCate=false&referrercate=680738,https://photo.yupoo.com/minkang/a3a92046b5/square.jpg,10
Brasileirao Serie A,Gremio 2000 Home Retro Jersey S-XXL8,https://minkang.x.yupoo.com/albums/246279950?uid=1&isSubCate=false&referrercate=680738,https://photo.yupoo.com/minkang/ceac3c3490/large.jpg,1
Brasileirao Serie A,Gremio 2000 Home Retro Jersey S-XXL8,https://minkang.x.yupoo.com/albums/246279950?uid=1&isSubCate=false&referrercate=680738,https://photo.yupoo.com/minkang/676dd940f4/large.jpg,2
Brasileirao Serie A,Gremio 2000 Home Retro Jersey S-XXL8,https://minkang.x.yupoo.com/albums/246279950?uid=1&isSubCate=false&referrercate=680738,https://photo.yupoo.com/minkang/08c4242824/large.jpg,3
Brasileirao Serie A,Gremio 2000 Home Retro Jersey S-XXL8,https://minkang.x.yupoo.com/albums/246279950?uid=1&isSubCate=false&referrercate=680738,https://photo.yupoo.com/minkang/bd1d117ed9/large.jpg,4
Brasileirao Serie A,Gremio 2000 Home Retro Jersey S-XXL8,https://minkang.x.yupoo.com/albums/246279950?uid=1&isSubCate=false&referrercate=680738,https://photo.yupoo.com/minkang/aa49314c0d/large.jpg,5
Brasileirao Serie A,Gremio 2000 Home Retro Jersey S-XXL8,https://minkang.x.yupoo.com/albums/246279950?uid=1&isSubCate=false&referrercate=680738,https://photo.yupoo.com/minkang/01d1b59a03/large.jpg,6
Brasileirao Serie A,Gremio 2000 Home Retro Jersey S-XXL8,https://minkang.x.yupoo.com/albums/246279950?uid=1&isSubCate=false&referrercate=680738,https://photo.yupoo.com/minkang/a924bf7d6b/large.jpg,7
Brasileirao Serie A,Gremio 2000 Home Retro Jersey S-XXL8,https://minkang.x.yupoo.com/albums/246279950?uid=1&isSubCate=false&referrercate=680738,https://photo.yupoo.com/minkang/f5b4398bbe/large.jpg,8
Brasileirao Serie A,Gremio 2000 Home Retro Jersey S-XXL8,https://minkang.x.yupoo.com/albums/246279950?uid=1&isSubCate=false&referrercate=680738,https://photo.yupoo.com/minkang/676dd940f4/square.jpg,9
Brasileirao Serie A,Gremio 2000 Home Retro Jersey S-XXL8,https://minkang.x.yupoo.com/albums/246279950?uid=1&isSubCate=false&referrercate=680738,https://photo.yupoo.com/minkang/08c4242824/square.jpg,10
Brasileirao Serie A,Gremio 2000 Home Retro Jersey S-XXL8,https://minkang.x.yupoo.com/albums/246279950?uid=1&isSubCate=false&referrercate=680738,https://photo.yupoo.com/minkang/bd1d117ed9/square.jpg,11
Brasileirao Serie A,Gremio 2000 Home Retro Jersey S-XXL8,https://minkang.x.yupoo.com/albums/246279950?uid=1&isSubCate=false&referrercate=680738,https://photo.yupoo.com/minkang/aa49314c0d/square.jpg,12
Brasileirao Serie A,Gremio 2000 Home Retro Jersey S-XXL8,https://minkang.x.yupoo.com/albums/246279950?uid=1&isSubCate=false&referrercate=680738,https://photo.yupoo.com/minkang/ceac3c3490/square.jpg,13
Brasileirao Serie A,Gremio 2000 Home Retro Jersey S-XXL8,https://minkang.x.yupoo.com/albums/246279950?uid=1&isSubCate=false&referrercate=680738,https://photo.yupoo.com/minkang/01d1b59a03/square.jpg,14
Brasileirao Serie A,Gremio 2000 Home Retro Jersey S-XXL8,https://minkang.x.yupoo.com/albums/246279950?uid=1&isSubCate=false&referrercate=680738,https://photo.yupoo.com/minkang/a924bf7d6b/square.jpg,15
Brasileirao Serie A,Gremio 2000 Home Retro Jersey S-XXL8,https://minkang.x.yupoo.com/albums/246279950?uid=1&isSubCate=false&referrercate=680738,https://photo.yupoo.com/minkang/f5b4398bbe/square.jpg,16
Brasileirao Serie A,Vasco Da Gama 26/27 Away Shorts S-XXL6,https://minkang.x.yupoo.com/albums/245505944?uid=1&isSubCate=false&referrercate=680738,https://photo.yupoo.com/minkang/72cb8d9d09/large.jpg,1
Brasileirao Serie A,Vasco Da Gama 26/27 Away Shorts S-XXL6,https://minkang.x.yupoo.com/albums/245505944?uid=1&isSubCate=false&referrercate=680738,https://photo.yupoo.com/minkang/24d41837e5/large.jpg,2
Brasileirao Serie A,Vasco Da Gama 26/27 Away Shorts S-XXL6,https://minkang.x.yupoo.com/albums/245505944?uid=1&isSubCate=false&referrercate=680738,https://photo.yupoo.com/minkang/db435d6912/large.jpg,3
Brasileirao Serie A,Vasco Da Gama 26/27 Away Shorts S-XXL6,https://minkang.x.yupoo.com/albums/245505944?uid=1&isSubCate=false&referrercate=680738,https://photo.yupoo.com/minkang/b3889a914f/large.jpg,4
Brasileirao Serie A,Vasco Da Gama 26/27 Away Shorts S-XXL6,https://minkang.x.yupoo.com/albums/245505944?uid=1&isSubCate=false&referrercate=680738,https://photo.yupoo.com/minkang/1c4e16232b/large.jpg,5
Brasileirao Serie A,Vasco Da Gama 26/27 Away Shorts S-XXL6,https://minkang.x.yupoo.com/albums/245505944?uid=1&isSubCate=false&referrercate=680738,https://photo.yupoo.com/minkang/8bc3170a10/large.jpg,6
Brasileirao Serie A,Vasco Da Gama 26/27 Away Shorts S-XXL6,https://minkang.x.yupoo.com/albums/245505944?uid=1&isSubCate=false&referrercate=680738,https://photo.yupoo.com/minkang/24d41837e5/square.jpg,7
Brasileirao Serie A,Vasco Da Gama 26/27 Away Shorts S-XXL6,https://minkang.x.yupoo.com/albums/245505944?uid=1&isSubCate=false&referrercate=680738,https://photo.yupoo.com/minkang/72cb8d9d09/square.jpg,8
Brasileirao Serie A,Vasco Da Gama 26/27 Away Shorts S-XXL6,https://minkang.x.yupoo.com/albums/245505944?uid=1&isSubCate=false&referrercate=680738,https://photo.yupoo.com/minkang/db435d6912/square.jpg,9
Brasileirao Serie A,Vasco Da Gama 26/27 Away Shorts S-XXL6,https://minkang.x.yupoo.com/albums/245505944?uid=1&isSubCate=false&referrercate=680738,https://photo.yupoo.com/minkang/b3889a914f/square.jpg,10
Brasileirao Serie A,Vasco Da Gama 26/27 Away Shorts S-XXL6,https://minkang.x.yupoo.com/albums/245505944?uid=1&isSubCate=false&referrercate=680738,https://photo.yupoo.com/minkang/1c4e16232b/square.jpg,11
Brasileirao Serie A,Vasco Da Gama 26/27 Away Shorts S-XXL6,https://minkang.x.yupoo.com/albums/245505944?uid=1&isSubCate=false&referrercate=680738,https://photo.yupoo.com/minkang/8bc3170a10/square.jpg,12
Brasileirao Serie A,Vasco Da Gama 26/27 Home Shorts S-XXL6,https://minkang.x.yupoo.com/albums/245505652?uid=1&isSubCate=false&referrercate=680738,https://photo.yupoo.com/minkang/a4eb8ab870/large.jpg,1
Brasileirao Serie A,Vasco Da Gama 26/27 Home Shorts S-XXL6,https://minkang.x.yupoo.com/albums/245505652?uid=1&isSubCate=false&referrercate=680738,https://photo.yupoo.com/minkang/617e36ff16/large.jpg,2
Brasileirao Serie A,Vasco Da Gama 26/27 Home Shorts S-XXL6,https://minkang.x.yupoo.com/albums/245505652?uid=1&isSubCate=false&referrercate=680738,https://photo.yupoo.com/minkang/2ac47a851f/large.jpg,3
Brasileirao Serie A,Vasco Da Gama 26/27 Home Shorts S-XXL6,https://minkang.x.yupoo.com/albums/245505652?uid=1&isSubCate=false&referrercate=680738,https://photo.yupoo.com/minkang/5de3756d8e/large.jpg,4
Brasileirao Serie A,Vasco Da Gama 26/27 Home Shorts S-XXL6,https://minkang.x.yupoo.com/albums/245505652?uid=1&isSubCate=false&referrercate=680738,https://photo.yupoo.com/minkang/ffd13f8b56/large.jpg,5
Brasileirao Serie A,Vasco Da Gama 26/27 Home Shorts S-XXL6,https://minkang.x.yupoo.com/albums/245505652?uid=1&isSubCate=false&referrercate=680738,https://photo.yupoo.com/minkang/7b78b1901d/large.jpg,6
Brasileirao Serie A,Vasco Da Gama 26/27 Home Shorts S-XXL6,https://minkang.x.yupoo.com/albums/245505652?uid=1&isSubCate=false&referrercate=680738,https://photo.yupoo.com/minkang/617e36ff16/square.jpg,7
Brasileirao Serie A,Vasco Da Gama 26/27 Home Shorts S-XXL6,https://minkang.x.yupoo.com/albums/245505652?uid=1&isSubCate=false&referrercate=680738,https://photo.yupoo.com/minkang/a4eb8ab870/square.jpg,8
Brasileirao Serie A,Vasco Da Gama 26/27 Home Shorts S-XXL6,https://minkang.x.yupoo.com/albums/245505652?uid=1&isSubCate=false&referrercate=680738,https://photo.yupoo.com/minkang/2ac47a851f/square.jpg,9
Brasileirao Serie A,Vasco Da Gama 26/27 Home Shorts S-XXL6,https://minkang.x.yupoo.com/albums/245505652?uid=1&isSubCate=false&referrercate=680738,https://photo.yupoo.com/minkang/5de3756d8e/square.jpg,10
Brasileirao Serie A,Vasco Da Gama 26/27 Home Shorts S-XXL6,https://minkang.x.yupoo.com/albums/245505652?uid=1&isSubCate=false&referrercate=680738,https://photo.yupoo.com/minkang/ffd13f8b56/square.jpg,11
Brasileirao Serie A,Vasco Da Gama 26/27 Home Shorts S-XXL6,https://minkang.x.yupoo.com/albums/245505652?uid=1&isSubCate=false&referrercate=680738,https://photo.yupoo.com/minkang/7b78b1901d/square.jpg,12
Brasileirao Serie A,Palmeiras 26/27 Home Shorts S-XXL6,https://minkang.x.yupoo.com/albums/245505600?uid=1&isSubCate=false&referrercate=680738,https://photo.yupoo.com/minkang/6997d00b52/large.jpg,1
Brasileirao Serie A,Palmeiras 26/27 Home Shorts S-XXL6,https://minkang.x.yupoo.com/albums/245505600?uid=1&isSubCate=false&referrercate=680738,https://photo.yupoo.com/minkang/3930252835/large.jpg,2
Brasileirao Serie A,Palmeiras 26/27 Home Shorts S-XXL6,https://minkang.x.yupoo.com/albums/245505600?uid=1&isSubCate=false&referrercate=680738,https://photo.yupoo.com/minkang/114a2b5f90/large.jpg,3
Brasileirao Serie A,Palmeiras 26/27 Home Shorts S-XXL6,https://minkang.x.yupoo.com/albums/245505600?uid=1&isSubCate=false&referrercate=680738,https://photo.yupoo.com/minkang/cc50eca367/large.jpg,4
Brasileirao Serie A,Palmeiras 26/27 Home Shorts S-XXL6,https://minkang.x.yupoo.com/albums/245505600?uid=1&isSubCate=false&referrercate=680738,https://photo.yupoo.com/minkang/f3eca3e2c1/large.jpg,5
Brasileirao Serie A,Palmeiras 26/27 Home Shorts S-XXL6,https://minkang.x.yupoo.com/albums/245505600?uid=1&isSubCate=false&referrercate=680738,https://photo.yupoo.com/minkang/6f017b0b42/large.jpg,6
Brasileirao Serie A,Palmeiras 26/27 Home Shorts S-XXL6,https://minkang.x.yupoo.com/albums/245505600?uid=1&isSubCate=false&referrercate=680738,https://photo.yupoo.com/minkang/3930252835/square.jpg,7
Brasileirao Serie A,Palmeiras 26/27 Home Shorts S-XXL6,https://minkang.x.yupoo.com/albums/245505600?uid=1&isSubCate=false&referrercate=680738,https://photo.yupoo.com/minkang/6997d00b52/square.jpg,8
Brasileirao Serie A,Palmeiras 26/27 Home Shorts S-XXL6,https://minkang.x.yupoo.com/albums/245505600?uid=1&isSubCate=false&referrercate=680738,https://photo.yupoo.com/minkang/114a2b5f90/square.jpg,9
Brasileirao Serie A,Palmeiras 26/27 Home Shorts S-XXL6,https://minkang.x.yupoo.com/albums/245505600?uid=1&isSubCate=false&referrercate=680738,https://photo.yupoo.com/minkang/cc50eca367/square.jpg,10
Brasileirao Serie A,Palmeiras 26/27 Home Shorts S-XXL6,https://minkang.x.yupoo.com/albums/245505600?uid=1&isSubCate=false&referrercate=680738,https://photo.yupoo.com/minkang/f3eca3e2c1/square.jpg,11
Brasileirao Serie A,Palmeiras 26/27 Home Shorts S-XXL6,https://minkang.x.yupoo.com/albums/245505600?uid=1&isSubCate=false&referrercate=680738,https://photo.yupoo.com/minkang/6f017b0b42/square.jpg,12
Brasileirao Serie A,Sport Recife 26/27 Home Kids Kit Jersey Size 16-2812,https://minkang.x.yupoo.com/albums/245427745?uid=1&isSubCate=false&referrercate=680738,https://photo.yupoo.com/minkang/816ac16d62/large.jpg,1
Brasileirao Serie A,Sport Recife 26/27 Home Kids Kit Jersey Size 16-2812,https://minkang.x.yupoo.com/albums/245427745?uid=1&isSubCate=false&referrercate=680738,https://photo.yupoo.com/minkang/a22c7d892d/large.jpg,2
Brasileirao Serie A,Sport Recife 26/27 Home Kids Kit Jersey Size 16-2812,https://minkang.x.yupoo.com/albums/245427745?uid=1&isSubCate=false&referrercate=680738,https://photo.yupoo.com/minkang/690010704b/large.jpg,3
Brasileirao Serie A,Sport Recife 26/27 Home Kids Kit Jersey Size 16-2812,https://minkang.x.yupoo.com/albums/245427745?uid=1&isSubCate=false&referrercate=680738,https://photo.yupoo.com/minkang/c81e7f9b2d/large.jpg,4
Brasileirao Serie A,Sport Recife 26/27 Home Kids Kit Jersey Size 16-2812,https://minkang.x.yupoo.com/albums/245427745?uid=1&isSubCate=false&referrercate=680738,https://photo.yupoo.com/minkang/8cb18a7598/large.jpg,5
Brasileirao Serie A,Sport Recife 26/27 Home Kids Kit Jersey Size 16-2812,https://minkang.x.yupoo.com/albums/245427745?uid=1&isSubCate=false&referrercate=680738,https://photo.yupoo.com/minkang/e392df4085/large.jpg,6
Brasileirao Serie A,Sport Recife 26/27 Home Kids Kit Jersey Size 16-2812,https://minkang.x.yupoo.com/albums/245427745?uid=1&isSubCate=false&referrercate=680738,https://photo.yupoo.com/minkang/76e6d44a0b/large.jpg,7
Brasileirao Serie A,Sport Recife 26/27 Home Kids Kit Jersey Size 16-2812,https://minkang.x.yupoo.com/albums/245427745?uid=1&isSubCate=false&referrercate=680738,https://photo.yupoo.com/minkang/585ee4c812/large.jpg,8
Brasileirao Serie A,Sport Recife 26/27 Home Kids Kit Jersey Size 16-2812,https://minkang.x.yupoo.com/albums/245427745?uid=1&isSubCate=false&referrercate=680738,https://photo.yupoo.com/minkang/096bc37002/large.jpg,9
Brasileirao Serie A,Sport Recife 26/27 Home Kids Kit Jersey Size 16-2812,https://minkang.x.yupoo.com/albums/245427745?uid=1&isSubCate=false&referrercate=680738,https://photo.yupoo.com/minkang/b7c54b75ff/large.jpg,10
Brasileirao Serie A,Sport Recife 26/27 Home Kids Kit Jersey Size 16-2812,https://minkang.x.yupoo.com/albums/245427745?uid=1&isSubCate=false&referrercate=680738,https://photo.yupoo.com/minkang/e747012c13/large.jpg,11
Brasileirao Serie A,Sport Recife 26/27 Home Kids Kit Jersey Size 16-2812,https://minkang.x.yupoo.com/albums/245427745?uid=1&isSubCate=false&referrercate=680738,https://photo.yupoo.com/minkang/c5ce0b0be4/large.jpg,12
Brasileirao Serie A,Sport Recife 26/27 Home Kids Kit Jersey Size 16-2812,https://minkang.x.yupoo.com/albums/245427745?uid=1&isSubCate=false&referrercate=680738,https://photo.yupoo.com/minkang/a22c7d892d/square.jpg,13
Brasileirao Serie A,Sport Recife 26/27 Home Kids Kit Jersey Size 16-2812,https://minkang.x.yupoo.com/albums/245427745?uid=1&isSubCate=false&referrercate=680738,https://photo.yupoo.com/minkang/816ac16d62/square.jpg,14
Brasileirao Serie A,Sport Recife 26/27 Home Kids Kit Jersey Size 16-2812,https://minkang.x.yupoo.com/albums/245427745?uid=1&isSubCate=false&referrercate=680738,https://photo.yupoo.com/minkang/690010704b/square.jpg,15
Brasileirao Serie A,Sport Recife 26/27 Home Kids Kit Jersey Size 16-2812,https://minkang.x.yupoo.com/albums/245427745?uid=1&isSubCate=false&referrercate=680738,https://photo.yupoo.com/minkang/c81e7f9b2d/square.jpg,16
Brasileirao Serie A,Sport Recife 26/27 Home Kids Kit Jersey Size 16-2812,https://minkang.x.yupoo.com/albums/245427745?uid=1&isSubCate=false&referrercate=680738,https://photo.yupoo.com/minkang/8cb18a7598/square.jpg,17
Brasileirao Serie A,Sport Recife 26/27 Home Kids Kit Jersey Size 16-2812,https://minkang.x.yupoo.com/albums/245427745?uid=1&isSubCate=false&referrercate=680738,https://photo.yupoo.com/minkang/e392df4085/square.jpg,18
Brasileirao Serie A,Sport Recife 26/27 Home Kids Kit Jersey Size 16-2812,https://minkang.x.yupoo.com/albums/245427745?uid=1&isSubCate=false&referrercate=680738,https://photo.yupoo.com/minkang/76e6d44a0b/square.jpg,19
Brasileirao Serie A,Sport Recife 26/27 Home Kids Kit Jersey Size 16-2812,https://minkang.x.yupoo.com/albums/245427745?uid=1&isSubCate=false&referrercate=680738,https://photo.yupoo.com/minkang/585ee4c812/square.jpg,20
Brasileirao Serie A,Sport Recife 26/27 Home Kids Kit Jersey Size 16-2812,https://minkang.x.yupoo.com/albums/245427745?uid=1&isSubCate=false&referrercate=680738,https://photo.yupoo.com/minkang/096bc37002/square.jpg,21
Brasileirao Serie A,Sport Recife 26/27 Home Kids Kit Jersey Size 16-2812,https://minkang.x.yupoo.com/albums/245427745?uid=1&isSubCate=false&referrercate=680738,https://photo.yupoo.com/minkang/b7c54b75ff/square.jpg,22
Brasileirao Serie A,Sport Recife 26/27 Home Kids Kit Jersey Size 16-2812,https://minkang.x.yupoo.com/albums/245427745?uid=1&isSubCate=false&referrercate=680738,https://photo.yupoo.com/minkang/e747012c13/square.jpg,23
Brasileirao Serie A,Sport Recife 26/27 Home Kids Kit Jersey Size 16-2812,https://minkang.x.yupoo.com/albums/245427745?uid=1&isSubCate=false&referrercate=680738,https://photo.yupoo.com/minkang/c5ce0b0be4/square.jpg,24
Brasileirao Serie A,Santos 26/27 Home Kids Kit Jersey Size 16-2812,https://minkang.x.yupoo.com/albums/245427772?uid=1&isSubCate=false&referrercate=680738,https://photo.yupoo.com/minkang/cbc7a85098/large.jpg,1
Brasileirao Serie A,Santos 26/27 Home Kids Kit Jersey Size 16-2812,https://minkang.x.yupoo.com/albums/245427772?uid=1&isSubCate=false&referrercate=680738,https://photo.yupoo.com/minkang/cc464e5115/large.jpg,2
Brasileirao Serie A,Santos 26/27 Home Kids Kit Jersey Size 16-2812,https://minkang.x.yupoo.com/albums/245427772?uid=1&isSubCate=false&referrercate=680738,https://photo.yupoo.com/minkang/707436f411/large.jpg,3
Brasileirao Serie A,Santos 26/27 Home Kids Kit Jersey Size 16-2812,https://minkang.x.yupoo.com/albums/245427772?uid=1&isSubCate=false&referrercate=680738,https://photo.yupoo.com/minkang/d2cb12503d/large.jpg,4
Brasileirao Serie A,Santos 26/27 Home Kids Kit Jersey Size 16-2812,https://minkang.x.yupoo.com/albums/245427772?uid=1&isSubCate=false&referrercate=680738,https://photo.yupoo.com/minkang/89e7f89e5d/large.jpg,5
Brasileirao Serie A,Santos 26/27 Home Kids Kit Jersey Size 16-2812,https://minkang.x.yupoo.com/albums/245427772?uid=1&isSubCate=false&referrercate=680738,https://photo.yupoo.com/minkang/e4a60d419f/large.jpg,6
Brasileirao Serie A,Santos 26/27 Home Kids Kit Jersey Size 16-2812,https://minkang.x.yupoo.com/albums/245427772?uid=1&isSubCate=false&referrercate=680738,https://photo.yupoo.com/minkang/99ceb32cec/large.jpg,7
Brasileirao Serie A,Santos 26/27 Home Kids Kit Jersey Size 16-2812,https://minkang.x.yupoo.com/albums/245427772?uid=1&isSubCate=false&referrercate=680738,https://photo.yupoo.com/minkang/630114afda/large.jpg,8
Brasileirao Serie A,Santos 26/27 Home Kids Kit Jersey Size 16-2812,https://minkang.x.yupoo.com/albums/245427772?uid=1&isSubCate=false&referrercate=680738,https://photo.yupoo.com/minkang/7ed4ec2192/large.jpg,9
Brasileirao Serie A,Santos 26/27 Home Kids Kit Jersey Size 16-2812,https://minkang.x.yupoo.com/albums/245427772?uid=1&isSubCate=false&referrercate=680738,https://photo.yupoo.com/minkang/34542b2742/large.jpg,10
Brasileirao Serie A,Santos 26/27 Home Kids Kit Jersey Size 16-2812,https://minkang.x.yupoo.com/albums/245427772?uid=1&isSubCate=false&referrercate=680738,https://photo.yupoo.com/minkang/069a2c658c/large.jpg,11
Brasileirao Serie A,Santos 26/27 Home Kids Kit Jersey Size 16-2812,https://minkang.x.yupoo.com/albums/245427772?uid=1&isSubCate=false&referrercate=680738,https://photo.yupoo.com/minkang/96e053a63c/large.jpg,12
Brasileirao Serie A,Santos 26/27 Home Kids Kit Jersey Size 16-2812,https://minkang.x.yupoo.com/albums/245427772?uid=1&isSubCate=false&referrercate=680738,https://photo.yupoo.com/minkang/cc464e5115/square.jpg,13
Brasileirao Serie A,Santos 26/27 Home Kids Kit Jersey Size 16-2812,https://minkang.x.yupoo.com/albums/245427772?uid=1&isSubCate=false&referrercate=680738,https://photo.yupoo.com/minkang/cbc7a85098/square.jpg,14
Brasileirao Serie A,Santos 26/27 Home Kids Kit Jersey Size 16-2812,https://minkang.x.yupoo.com/albums/245427772?uid=1&isSubCate=false&referrercate=680738,https://photo.yupoo.com/minkang/707436f411/square.jpg,15
Brasileirao Serie A,Santos 26/27 Home Kids Kit Jersey Size 16-2812,https://minkang.x.yupoo.com/albums/245427772?uid=1&isSubCate=false&referrercate=680738,https://photo.yupoo.com/minkang/d2cb12503d/square.jpg,16
Brasileirao Serie A,Santos 26/27 Home Kids Kit Jersey Size 16-2812,https://minkang.x.yupoo.com/albums/245427772?uid=1&isSubCate=false&referrercate=680738,https://photo.yupoo.com/minkang/89e7f89e5d/square.jpg,17
Brasileirao Serie A,Santos 26/27 Home Kids Kit Jersey Size 16-2812,https://minkang.x.yupoo.com/albums/245427772?uid=1&isSubCate=false&referrercate=680738,https://photo.yupoo.com/minkang/e4a60d419f/square.jpg,18
Brasileirao Serie A,Santos 26/27 Home Kids Kit Jersey Size 16-2812,https://minkang.x.yupoo.com/albums/245427772?uid=1&isSubCate=false&referrercate=680738,https://photo.yupoo.com/minkang/99ceb32cec/square.jpg,19
Brasileirao Serie A,Santos 26/27 Home Kids Kit Jersey Size 16-2812,https://minkang.x.yupoo.com/albums/245427772?uid=1&isSubCate=false&referrercate=680738,https://photo.yupoo.com/minkang/630114afda/square.jpg,20
Brasileirao Serie A,Santos 26/27 Home Kids Kit Jersey Size 16-2812,https://minkang.x.yupoo.com/albums/245427772?uid=1&isSubCate=false&referrercate=680738,https://photo.yupoo.com/minkang/7ed4ec2192/square.jpg,21
Brasileirao Serie A,Santos 26/27 Home Kids Kit Jersey Size 16-2812,https://minkang.x.yupoo.com/albums/245427772?uid=1&isSubCate=false&referrercate=680738,https://photo.yupoo.com/minkang/34542b2742/square.jpg,22
Brasileirao Serie A,Santos 26/27 Home Kids Kit Jersey Size 16-2812,https://minkang.x.yupoo.com/albums/245427772?uid=1&isSubCate=false&referrercate=680738,https://photo.yupoo.com/minkang/069a2c658c/square.jpg,23
Brasileirao Serie A,Santos 26/27 Home Kids Kit Jersey Size 16-2812,https://minkang.x.yupoo.com/albums/245427772?uid=1&isSubCate=false&referrercate=680738,https://photo.yupoo.com/minkang/96e053a63c/square.jpg,24
Brasileirao Serie A,Santos 26/27 Home Women's Jersey S-XXL9,https://minkang.x.yupoo.com/albums/244627259?uid=1&isSubCate=false&referrercate=680738,https://photo.yupoo.com/minkang/384f2c2801/large.jpg,1
Brasileirao Serie A,Santos 26/27 Home Women's Jersey S-XXL9,https://minkang.x.yupoo.com/albums/244627259?uid=1&isSubCate=false&referrercate=680738,https://photo.yupoo.com/minkang/ad24377033/large.jpg,2
Brasileirao Serie A,Santos 26/27 Home Women's Jersey S-XXL9,https://minkang.x.yupoo.com/albums/244627259?uid=1&isSubCate=false&referrercate=680738,https://photo.yupoo.com/minkang/2b43a601b5/large.jpg,3
Brasileirao Serie A,Santos 26/27 Home Women's Jersey S-XXL9,https://minkang.x.yupoo.com/albums/244627259?uid=1&isSubCate=false&referrercate=680738,https://photo.yupoo.com/minkang/8993e4e873/large.jpg,4
Brasileirao Serie A,Santos 26/27 Home Women's Jersey S-XXL9,https://minkang.x.yupoo.com/albums/244627259?uid=1&isSubCate=false&referrercate=680738,https://photo.yupoo.com/minkang/376529777e/large.jpg,5
Brasileirao Serie A,Santos 26/27 Home Women's Jersey S-XXL9,https://minkang.x.yupoo.com/albums/244627259?uid=1&isSubCate=false&referrercate=680738,https://photo.yupoo.com/minkang/8a6f4d8da1/large.jpg,6
Brasileirao Serie A,Santos 26/27 Home Women's Jersey S-XXL9,https://minkang.x.yupoo.com/albums/244627259?uid=1&isSubCate=false&referrercate=680738,https://photo.yupoo.com/minkang/33cf55fe26/large.jpg,7
Brasileirao Serie A,Santos 26/27 Home Women's Jersey S-XXL9,https://minkang.x.yupoo.com/albums/244627259?uid=1&isSubCate=false&referrercate=680738,https://photo.yupoo.com/minkang/4f15618500/large.jpg,8
Brasileirao Serie A,Santos 26/27 Home Women's Jersey S-XXL9,https://minkang.x.yupoo.com/albums/244627259?uid=1&isSubCate=false&referrercate=680738,https://photo.yupoo.com/minkang/288e3ce7b4/large.jpg,9
Brasileirao Serie A,Santos 26/27 Home Women's Jersey S-XXL9,https://minkang.x.yupoo.com/albums/244627259?uid=1&isSubCate=false&referrercate=680738,https://photo.yupoo.com/minkang/ad24377033/square.jpg,10
Brasileirao Serie A,Santos 26/27 Home Women's Jersey S-XXL9,https://minkang.x.yupoo.com/albums/244627259?uid=1&isSubCate=false&referrercate=680738,https://photo.yupoo.com/minkang/384f2c2801/square.jpg,11
Brasileirao Serie A,Santos 26/27 Home Women's Jersey S-XXL9,https://minkang.x.yupoo.com/albums/244627259?uid=1&isSubCate=false&referrercate=680738,https://photo.yupoo.com/minkang/2b43a601b5/square.jpg,12
Brasileirao Serie A,Santos 26/27 Home Women's Jersey S-XXL9,https://minkang.x.yupoo.com/albums/244627259?uid=1&isSubCate=false&referrercate=680738,https://photo.yupoo.com/minkang/8993e4e873/square.jpg,13
Brasileirao Serie A,Santos 26/27 Home Women's Jersey S-XXL9,https://minkang.x.yupoo.com/albums/244627259?uid=1&isSubCate=false&referrercate=680738,https://photo.yupoo.com/minkang/376529777e/square.jpg,14
Brasileirao Serie A,Santos 26/27 Home Women's Jersey S-XXL9,https://minkang.x.yupoo.com/albums/244627259?uid=1&isSubCate=false&referrercate=680738,https://photo.yupoo.com/minkang/8a6f4d8da1/square.jpg,15
Brasileirao Serie A,Santos 26/27 Home Women's Jersey S-XXL9,https://minkang.x.yupoo.com/albums/244627259?uid=1&isSubCate=false&referrercate=680738,https://photo.yupoo.com/minkang/33cf55fe26/square.jpg,16
Brasileirao Serie A,Santos 26/27 Home Women's Jersey S-XXL9,https://minkang.x.yupoo.com/albums/244627259?uid=1&isSubCate=false&referrercate=680738,https://photo.yupoo.com/minkang/4f15618500/square.jpg,17
Brasileirao Serie A,Santos 26/27 Home Women's Jersey S-XXL9,https://minkang.x.yupoo.com/albums/244627259?uid=1&isSubCate=false&referrercate=680738,https://photo.yupoo.com/minkang/288e3ce7b4/square.jpg,18
Brasileirao Serie A,Santos 26/27 Away Women's Jersey S-XXL9,https://minkang.x.yupoo.com/albums/244627082?uid=1&isSubCate=false&referrercate=680738,https://photo.yupoo.com/minkang/906d3e80f8/large.jpg,1
Brasileirao Serie A,Santos 26/27 Away Women's Jersey S-XXL9,https://minkang.x.yupoo.com/albums/244627082?uid=1&isSubCate=false&referrercate=680738,https://photo.yupoo.com/minkang/d41ce48ffa/large.jpg,2
Brasileirao Serie A,Santos 26/27 Away Women's Jersey S-XXL9,https://minkang.x.yupoo.com/albums/244627082?uid=1&isSubCate=false&referrercate=680738,https://photo.yupoo.com/minkang/3b421b4199/large.jpg,3
Brasileirao Serie A,Santos 26/27 Away Women's Jersey S-XXL9,https://minkang.x.yupoo.com/albums/244627082?uid=1&isSubCate=false&referrercate=680738,https://photo.yupoo.com/minkang/221b45dde1/large.jpg,4
Brasileirao Serie A,Santos 26/27 Away Women's Jersey S-XXL9,https://minkang.x.yupoo.com/albums/244627082?uid=1&isSubCate=false&referrercate=680738,https://photo.yupoo.com/minkang/6de7c2e084/large.jpg,5
Brasileirao Serie A,Santos 26/27 Away Women's Jersey S-XXL9,https://minkang.x.yupoo.com/albums/244627082?uid=1&isSubCate=false&referrercate=680738,https://photo.yupoo.com/minkang/525a499394/large.jpg,6
Brasileirao Serie A,Santos 26/27 Away Women's Jersey S-XXL9,https://minkang.x.yupoo.com/albums/244627082?uid=1&isSubCate=false&referrercate=680738,https://photo.yupoo.com/minkang/654ddf3ce6/large.jpg,7
Brasileirao Serie A,Santos 26/27 Away Women's Jersey S-XXL9,https://minkang.x.yupoo.com/albums/244627082?uid=1&isSubCate=false&referrercate=680738,https://photo.yupoo.com/minkang/19a6cdefda/large.jpg,8
Brasileirao Serie A,Santos 26/27 Away Women's Jersey S-XXL9,https://minkang.x.yupoo.com/albums/244627082?uid=1&isSubCate=false&referrercate=680738,https://photo.yupoo.com/minkang/e9b7a4b21b/large.jpg,9
Brasileirao Serie A,Santos 26/27 Away Women's Jersey S-XXL9,https://minkang.x.yupoo.com/albums/244627082?uid=1&isSubCate=false&referrercate=680738,https://photo.yupoo.com/minkang/d41ce48ffa/square.jpg,10
Brasileirao Serie A,Santos 26/27 Away Women's Jersey S-XXL9,https://minkang.x.yupoo.com/albums/244627082?uid=1&isSubCate=false&referrercate=680738,https://photo.yupoo.com/minkang/906d3e80f8/square.jpg,11
Brasileirao Serie A,Santos 26/27 Away Women's Jersey S-XXL9,https://minkang.x.yupoo.com/albums/244627082?uid=1&isSubCate=false&referrercate=680738,https://photo.yupoo.com/minkang/3b421b4199/square.jpg,12
Brasileirao Serie A,Santos 26/27 Away Women's Jersey S-XXL9,https://minkang.x.yupoo.com/albums/244627082?uid=1&isSubCate=false&referrercate=680738,https://photo.yupoo.com/minkang/221b45dde1/square.jpg,13
Brasileirao Serie A,Santos 26/27 Away Women's Jersey S-XXL9,https://minkang.x.yupoo.com/albums/244627082?uid=1&isSubCate=false&referrercate=680738,https://photo.yupoo.com/minkang/6de7c2e084/square.jpg,14
Brasileirao Serie A,Santos 26/27 Away Women's Jersey S-XXL9,https://minkang.x.yupoo.com/albums/244627082?uid=1&isSubCate=false&referrercate=680738,https://photo.yupoo.com/minkang/525a499394/square.jpg,15
Brasileirao Serie A,Santos 26/27 Away Women's Jersey S-XXL9,https://minkang.x.yupoo.com/albums/244627082?uid=1&isSubCate=false&referrercate=680738,https://photo.yupoo.com/minkang/654ddf3ce6/square.jpg,16
Brasileirao Serie A,Santos 26/27 Away Women's Jersey S-XXL9,https://minkang.x.yupoo.com/albums/244627082?uid=1&isSubCate=false&referrercate=680738,https://photo.yupoo.com/minkang/19a6cdefda/square.jpg,17
Brasileirao Serie A,Santos 26/27 Away Women's Jersey S-XXL9,https://minkang.x.yupoo.com/albums/244627082?uid=1&isSubCate=false&referrercate=680738,https://photo.yupoo.com/minkang/e9b7a4b21b/square.jpg,18
Brasileirao Serie A,Nautico 26/27 Home Women's Jersey S-XXL9,https://minkang.x.yupoo.com/albums/244626595?uid=1&isSubCate=false&referrercate=680738,https://photo.yupoo.com/minkang/e33bb3e708/large.jpg,1
Brasileirao Serie A,Nautico 26/27 Home Women's Jersey S-XXL9,https://minkang.x.yupoo.com/albums/244626595?uid=1&isSubCate=false&referrercate=680738,https://photo.yupoo.com/minkang/5d6820327b/large.jpg,2
Brasileirao Serie A,Nautico 26/27 Home Women's Jersey S-XXL9,https://minkang.x.yupoo.com/albums/244626595?uid=1&isSubCate=false&referrercate=680738,https://photo.yupoo.com/minkang/fd89573aea/large.jpg,3
Brasileirao Serie A,Nautico 26/27 Home Women's Jersey S-XXL9,https://minkang.x.yupoo.com/albums/244626595?uid=1&isSubCate=false&referrercate=680738,https://photo.yupoo.com/minkang/c2559baf35/large.jpg,4
Brasileirao Serie A,Nautico 26/27 Home Women's Jersey S-XXL9,https://minkang.x.yupoo.com/albums/244626595?uid=1&isSubCate=false&referrercate=680738,https://photo.yupoo.com/minkang/72059071a4/large.jpg,5
Brasileirao Serie A,Nautico 26/27 Home Women's Jersey S-XXL9,https://minkang.x.yupoo.com/albums/244626595?uid=1&isSubCate=false&referrercate=680738,https://photo.yupoo.com/minkang/a02b89adff/large.jpg,6
Brasileirao Serie A,Nautico 26/27 Home Women's Jersey S-XXL9,https://minkang.x.yupoo.com/albums/244626595?uid=1&isSubCate=false&referrercate=680738,https://photo.yupoo.com/minkang/4fa89f25f7/large.jpg,7
Brasileirao Serie A,Nautico 26/27 Home Women's Jersey S-XXL9,https://minkang.x.yupoo.com/albums/244626595?uid=1&isSubCate=false&referrercate=680738,https://photo.yupoo.com/minkang/ec56b86768/large.jpg,8
Brasileirao Serie A,Nautico 26/27 Home Women's Jersey S-XXL9,https://minkang.x.yupoo.com/albums/244626595?uid=1&isSubCate=false&referrercate=680738,https://photo.yupoo.com/minkang/b4e59f2430/large.jpg,9
Brasileirao Serie A,Nautico 26/27 Home Women's Jersey S-XXL9,https://minkang.x.yupoo.com/albums/244626595?uid=1&isSubCate=false&referrercate=680738,https://photo.yupoo.com/minkang/5d6820327b/square.jpg,10
Brasileirao Serie A,Nautico 26/27 Home Women's Jersey S-XXL9,https://minkang.x.yupoo.com/albums/244626595?uid=1&isSubCate=false&referrercate=680738,https://photo.yupoo.com/minkang/e33bb3e708/square.jpg,11
Brasileirao Serie A,Nautico 26/27 Home Women's Jersey S-XXL9,https://minkang.x.yupoo.com/albums/244626595?uid=1&isSubCate=false&referrercate=680738,https://photo.yupoo.com/minkang/fd89573aea/square.jpg,12
Brasileirao Serie A,Nautico 26/27 Home Women's Jersey S-XXL9,https://minkang.x.yupoo.com/albums/244626595?uid=1&isSubCate=false&referrercate=680738,https://photo.yupoo.com/minkang/c2559baf35/square.jpg,13
Brasileirao Serie A,Nautico 26/27 Home Women's Jersey S-XXL9,https://minkang.x.yupoo.com/albums/244626595?uid=1&isSubCate=false&referrercate=680738,https://photo.yupoo.com/minkang/72059071a4/square.jpg,14
Brasileirao Serie A,Nautico 26/27 Home Women's Jersey S-XXL9,https://minkang.x.yupoo.com/albums/244626595?uid=1&isSubCate=false&referrercate=680738,https://photo.yupoo.com/minkang/a02b89adff/square.jpg,15
Brasileirao Serie A,Nautico 26/27 Home Women's Jersey S-XXL9,https://minkang.x.yupoo.com/albums/244626595?uid=1&isSubCate=false&referrercate=680738,https://photo.yupoo.com/minkang/4fa89f25f7/square.jpg,16
Brasileirao Serie A,Nautico 26/27 Home Women's Jersey S-XXL9,https://minkang.x.yupoo.com/albums/244626595?uid=1&isSubCate=false&referrercate=680738,https://photo.yupoo.com/minkang/ec56b86768/square.jpg,17
Brasileirao Serie A,Nautico 26/27 Home Women's Jersey S-XXL9,https://minkang.x.yupoo.com/albums/244626595?uid=1&isSubCate=false&referrercate=680738,https://photo.yupoo.com/minkang/b4e59f2430/square.jpg,18
Brasileirao Serie A,Internacional 26/27 Special Edition Women's- Yellow Jersey S-XXL6,https://minkang.x.yupoo.com/albums/244625950?uid=1&isSubCate=false&referrercate=680738,https://photo.yupoo.com/minkang/6cc5250e14/large.jpg,1
Brasileirao Serie A,Internacional 26/27 Special Edition Women's- Yellow Jersey S-XXL6,https://minkang.x.yupoo.com/albums/244625950?uid=1&isSubCate=false&referrercate=680738,https://photo.yupoo.com/minkang/a7e27f42cb/large.jpg,2
Brasileirao Serie A,Internacional 26/27 Special Edition Women's- Yellow Jersey S-XXL6,https://minkang.x.yupoo.com/albums/244625950?uid=1&isSubCate=false&referrercate=680738,https://photo.yupoo.com/minkang/0c542a9e76/large.jpg,3
Brasileirao Serie A,Internacional 26/27 Special Edition Women's- Yellow Jersey S-XXL6,https://minkang.x.yupoo.com/albums/244625950?uid=1&isSubCate=false&referrercate=680738,https://photo.yupoo.com/minkang/964649ca53/large.jpg,4
Brasileirao Serie A,Internacional 26/27 Special Edition Women's- Yellow Jersey S-XXL6,https://minkang.x.yupoo.com/albums/244625950?uid=1&isSubCate=false&referrercate=680738,https://photo.yupoo.com/minkang/6771080ecc/large.jpg,5
Brasileirao Serie A,Internacional 26/27 Special Edition Women's- Yellow Jersey S-XXL6,https://minkang.x.yupoo.com/albums/244625950?uid=1&isSubCate=false&referrercate=680738,https://photo.yupoo.com/minkang/e29cdf8937/large.jpg,6
Brasileirao Serie A,Internacional 26/27 Special Edition Women's- Yellow Jersey S-XXL6,https://minkang.x.yupoo.com/albums/244625950?uid=1&isSubCate=false&referrercate=680738,https://photo.yupoo.com/minkang/a7e27f42cb/square.jpg,7
Brasileirao Serie A,Internacional 26/27 Special Edition Women's- Yellow Jersey S-XXL6,https://minkang.x.yupoo.com/albums/244625950?uid=1&isSubCate=false&referrercate=680738,https://photo.yupoo.com/minkang/6cc5250e14/square.jpg,8
Brasileirao Serie A,Internacional 26/27 Special Edition Women's- Yellow Jersey S-XXL6,https://minkang.x.yupoo.com/albums/244625950?uid=1&isSubCate=false&referrercate=680738,https://photo.yupoo.com/minkang/0c542a9e76/square.jpg,9
Brasileirao Serie A,Internacional 26/27 Special Edition Women's- Yellow Jersey S-XXL6,https://minkang.x.yupoo.com/albums/244625950?uid=1&isSubCate=false&referrercate=680738,https://photo.yupoo.com/minkang/964649ca53/square.jpg,10
Brasileirao Serie A,Internacional 26/27 Special Edition Women's- Yellow Jersey S-XXL6,https://minkang.x.yupoo.com/albums/244625950?uid=1&isSubCate=false&referrercate=680738,https://photo.yupoo.com/minkang/6771080ecc/square.jpg,11
Brasileirao Serie A,Internacional 26/27 Special Edition Women's- Yellow Jersey S-XXL6,https://minkang.x.yupoo.com/albums/244625950?uid=1&isSubCate=false&referrercate=680738,https://photo.yupoo.com/minkang/e29cdf8937/square.jpg,12
Brasileirao Serie A,Gremio 26/27 Away Women's Jersey S-XXL10,https://minkang.x.yupoo.com/albums/244625783?uid=1&isSubCate=false&referrercate=680738,https://photo.yupoo.com/minkang/e939b869ca/large.jpg,1
Brasileirao Serie A,Gremio 26/27 Away Women's Jersey S-XXL10,https://minkang.x.yupoo.com/albums/244625783?uid=1&isSubCate=false&referrercate=680738,https://photo.yupoo.com/minkang/b5ded5670e/large.jpg,2
Brasileirao Serie A,Gremio 26/27 Away Women's Jersey S-XXL10,https://minkang.x.yupoo.com/albums/244625783?uid=1&isSubCate=false&referrercate=680738,https://photo.yupoo.com/minkang/5ca45d49e7/large.jpg,3
Brasileirao Serie A,Gremio 26/27 Away Women's Jersey S-XXL10,https://minkang.x.yupoo.com/albums/244625783?uid=1&isSubCate=false&referrercate=680738,https://photo.yupoo.com/minkang/2f48712569/large.jpg,4
Brasileirao Serie A,Gremio 26/27 Away Women's Jersey S-XXL10,https://minkang.x.yupoo.com/albums/244625783?uid=1&isSubCate=false&referrercate=680738,https://photo.yupoo.com/minkang/305bc2deb3/large.jpg,5
Brasileirao Serie A,Gremio 26/27 Away Women's Jersey S-XXL10,https://minkang.x.yupoo.com/albums/244625783?uid=1&isSubCate=false&referrercate=680738,https://photo.yupoo.com/minkang/8db1cdde9b/large.jpg,6
Brasileirao Serie A,Gremio 26/27 Away Women's Jersey S-XXL10,https://minkang.x.yupoo.com/albums/244625783?uid=1&isSubCate=false&referrercate=680738,https://photo.yupoo.com/minkang/7eaaa440e7/large.jpg,7
Brasileirao Serie A,Gremio 26/27 Away Women's Jersey S-XXL10,https://minkang.x.yupoo.com/albums/244625783?uid=1&isSubCate=false&referrercate=680738,https://photo.yupoo.com/minkang/b40442c0ef/large.jpg,8
Brasileirao Serie A,Gremio 26/27 Away Women's Jersey S-XXL10,https://minkang.x.yupoo.com/albums/244625783?uid=1&isSubCate=false&referrercate=680738,https://photo.yupoo.com/minkang/a65d68cc27/large.jpg,9
Brasileirao Serie A,Gremio 26/27 Away Women's Jersey S-XXL10,https://minkang.x.yupoo.com/albums/244625783?uid=1&isSubCate=false&referrercate=680738,https://photo.yupoo.com/minkang/ecc5f174b1/large.jpg,10
Brasileirao Serie A,Gremio 26/27 Away Women's Jersey S-XXL10,https://minkang.x.yupoo.com/albums/244625783?uid=1&isSubCate=false&referrercate=680738,https://photo.yupoo.com/minkang/b5ded5670e/square.jpg,11
Brasileirao Serie A,Gremio 26/27 Away Women's Jersey S-XXL10,https://minkang.x.yupoo.com/albums/244625783?uid=1&isSubCate=false&referrercate=680738,https://photo.yupoo.com/minkang/e939b869ca/square.jpg,12
Brasileirao Serie A,Gremio 26/27 Away Women's Jersey S-XXL10,https://minkang.x.yupoo.com/albums/244625783?uid=1&isSubCate=false&referrercate=680738,https://photo.yupoo.com/minkang/5ca45d49e7/square.jpg,13
Brasileirao Serie A,Gremio 26/27 Away Women's Jersey S-XXL10,https://minkang.x.yupoo.com/albums/244625783?uid=1&isSubCate=false&referrercate=680738,https://photo.yupoo.com/minkang/2f48712569/square.jpg,14
Brasileirao Serie A,Gremio 26/27 Away Women's Jersey S-XXL10,https://minkang.x.yupoo.com/albums/244625783?uid=1&isSubCate=false&referrercate=680738,https://photo.yupoo.com/minkang/305bc2deb3/square.jpg,15
Brasileirao Serie A,Gremio 26/27 Away Women's Jersey S-XXL10,https://minkang.x.yupoo.com/albums/244625783?uid=1&isSubCate=false&referrercate=680738,https://photo.yupoo.com/minkang/8db1cdde9b/square.jpg,16
Brasileirao Serie A,Gremio 26/27 Away Women's Jersey S-XXL10,https://minkang.x.yupoo.com/albums/244625783?uid=1&isSubCate=false&referrercate=680738,https://photo.yupoo.com/minkang/7eaaa440e7/square.jpg,17
Brasileirao Serie A,Gremio 26/27 Away Women's Jersey S-XXL10,https://minkang.x.yupoo.com/albums/244625783?uid=1&isSubCate=false&referrercate=680738,https://photo.yupoo.com/minkang/b40442c0ef/square.jpg,18
Brasileirao Serie A,Gremio 26/27 Away Women's Jersey S-XXL10,https://minkang.x.yupoo.com/albums/244625783?uid=1&isSubCate=false&referrercate=680738,https://photo.yupoo.com/minkang/a65d68cc27/square.jpg,19
Brasileirao Serie A,Gremio 26/27 Away Women's Jersey S-XXL10,https://minkang.x.yupoo.com/albums/244625783?uid=1&isSubCate=false&referrercate=680738,https://photo.yupoo.com/minkang/ecc5f174b1/square.jpg,20
Brasileirao Serie A,Cruzeiro 26/27 Special Edition Women's - Yellow Jersey S-XXL6,https://minkang.x.yupoo.com/albums/244625584?uid=1&isSubCate=false&referrercate=680738,https://photo.yupoo.com/minkang/e2f0f19bfc/large.jpg,1
Brasileirao Serie A,Cruzeiro 26/27 Special Edition Women's - Yellow Jersey S-XXL6,https://minkang.x.yupoo.com/albums/244625584?uid=1&isSubCate=false&referrercate=680738,https://photo.yupoo.com/minkang/8cba3693d2/large.jpg,2
Brasileirao Serie A,Cruzeiro 26/27 Special Edition Women's - Yellow Jersey S-XXL6,https://minkang.x.yupoo.com/albums/244625584?uid=1&isSubCate=false&referrercate=680738,https://photo.yupoo.com/minkang/24c37acc3a/large.jpg,3
Brasileirao Serie A,Cruzeiro 26/27 Special Edition Women's - Yellow Jersey S-XXL6,https://minkang.x.yupoo.com/albums/244625584?uid=1&isSubCate=false&referrercate=680738,https://photo.yupoo.com/minkang/8417be8f87/large.jpg,4
Brasileirao Serie A,Cruzeiro 26/27 Special Edition Women's - Yellow Jersey S-XXL6,https://minkang.x.yupoo.com/albums/244625584?uid=1&isSubCate=false&referrercate=680738,https://photo.yupoo.com/minkang/d008515787/large.jpg,5
Brasileirao Serie A,Cruzeiro 26/27 Special Edition Women's - Yellow Jersey S-XXL6,https://minkang.x.yupoo.com/albums/244625584?uid=1&isSubCate=false&referrercate=680738,https://photo.yupoo.com/minkang/bdcc7e66bf/large.jpg,6
Brasileirao Serie A,Cruzeiro 26/27 Special Edition Women's - Yellow Jersey S-XXL6,https://minkang.x.yupoo.com/albums/244625584?uid=1&isSubCate=false&referrercate=680738,https://photo.yupoo.com/minkang/8cba3693d2/square.jpg,7
Brasileirao Serie A,Cruzeiro 26/27 Special Edition Women's - Yellow Jersey S-XXL6,https://minkang.x.yupoo.com/albums/244625584?uid=1&isSubCate=false&referrercate=680738,https://photo.yupoo.com/minkang/e2f0f19bfc/square.jpg,8
Brasileirao Serie A,Cruzeiro 26/27 Special Edition Women's - Yellow Jersey S-XXL6,https://minkang.x.yupoo.com/albums/244625584?uid=1&isSubCate=false&referrercate=680738,https://photo.yupoo.com/minkang/24c37acc3a/square.jpg,9
Brasileirao Serie A,Cruzeiro 26/27 Special Edition Women's - Yellow Jersey S-XXL6,https://minkang.x.yupoo.com/albums/244625584?uid=1&isSubCate=false&referrercate=680738,https://photo.yupoo.com/minkang/8417be8f87/square.jpg,10
Brasileirao Serie A,Cruzeiro 26/27 Special Edition Women's - Yellow Jersey S-XXL6,https://minkang.x.yupoo.com/albums/244625584?uid=1&isSubCate=false&referrercate=680738,https://photo.yupoo.com/minkang/d008515787/square.jpg,11
Brasileirao Serie A,Cruzeiro 26/27 Special Edition Women's - Yellow Jersey S-XXL6,https://minkang.x.yupoo.com/albums/244625584?uid=1&isSubCate=false&referrercate=680738,https://photo.yupoo.com/minkang/bdcc7e66bf/square.jpg,12
Brasileirao Serie A,Atlético Mineiro 26/27 Away Women's Jersey S-XXL7,https://minkang.x.yupoo.com/albums/244625405?uid=1&isSubCate=false&referrercate=680738,https://photo.yupoo.com/minkang/df5caeb3ce/large.jpg,1
Brasileirao Serie A,Atlético Mineiro 26/27 Away Women's Jersey S-XXL7,https://minkang.x.yupoo.com/albums/244625405?uid=1&isSubCate=false&referrercate=680738,https://photo.yupoo.com/minkang/812bb069c7/large.jpg,2
Brasileirao Serie A,Atlético Mineiro 26/27 Away Women's Jersey S-XXL7,https://minkang.x.yupoo.com/albums/244625405?uid=1&isSubCate=false&referrercate=680738,https://photo.yupoo.com/minkang/66a9111d13/large.jpg,3
Brasileirao Serie A,Atlético Mineiro 26/27 Away Women's Jersey S-XXL7,https://minkang.x.yupoo.com/albums/244625405?uid=1&isSubCate=false&referrercate=680738,https://photo.yupoo.com/minkang/d566a980e0/large.jpg,4
Brasileirao Serie A,Atlético Mineiro 26/27 Away Women's Jersey S-XXL7,https://minkang.x.yupoo.com/albums/244625405?uid=1&isSubCate=false&referrercate=680738,https://photo.yupoo.com/minkang/852726449f/large.jpg,5
Brasileirao Serie A,Atlético Mineiro 26/27 Away Women's Jersey S-XXL7,https://minkang.x.yupoo.com/albums/244625405?uid=1&isSubCate=false&referrercate=680738,https://photo.yupoo.com/minkang/c3ac1383bf/large.jpg,6
Brasileirao Serie A,Atlético Mineiro 26/27 Away Women's Jersey S-XXL7,https://minkang.x.yupoo.com/albums/244625405?uid=1&isSubCate=false&referrercate=680738,https://photo.yupoo.com/minkang/ad99e36451/large.jpg,7
Brasileirao Serie A,Atlético Mineiro 26/27 Away Women's Jersey S-XXL7,https://minkang.x.yupoo.com/albums/244625405?uid=1&isSubCate=false&referrercate=680738,https://photo.yupoo.com/minkang/812bb069c7/square.jpg,8
Brasileirao Serie A,Atlético Mineiro 26/27 Away Women's Jersey S-XXL7,https://minkang.x.yupoo.com/albums/244625405?uid=1&isSubCate=false&referrercate=680738,https://photo.yupoo.com/minkang/df5caeb3ce/square.jpg,9
Brasileirao Serie A,Atlético Mineiro 26/27 Away Women's Jersey S-XXL7,https://minkang.x.yupoo.com/albums/244625405?uid=1&isSubCate=false&referrercate=680738,https://photo.yupoo.com/minkang/66a9111d13/square.jpg,10
Brasileirao Serie A,Atlético Mineiro 26/27 Away Women's Jersey S-XXL7,https://minkang.x.yupoo.com/albums/244625405?uid=1&isSubCate=false&referrercate=680738,https://photo.yupoo.com/minkang/d566a980e0/square.jpg,11
Brasileirao Serie A,Atlético Mineiro 26/27 Away Women's Jersey S-XXL7,https://minkang.x.yupoo.com/albums/244625405?uid=1&isSubCate=false&referrercate=680738,https://photo.yupoo.com/minkang/852726449f/square.jpg,12
Brasileirao Serie A,Atlético Mineiro 26/27 Away Women's Jersey S-XXL7,https://minkang.x.yupoo.com/albums/244625405?uid=1&isSubCate=false&referrercate=680738,https://photo.yupoo.com/minkang/c3ac1383bf/square.jpg,13
Brasileirao Serie A,Atlético Mineiro 26/27 Away Women's Jersey S-XXL7,https://minkang.x.yupoo.com/albums/244625405?uid=1&isSubCate=false&referrercate=680738,https://photo.yupoo.com/minkang/ad99e36451/square.jpg,14
Brasileirao Serie A,Internacional 26/27 Brazil Edition Jersey S-4XL6,https://minkang.x.yupoo.com/albums/244523343?uid=1&isSubCate=false&referrercate=680738,https://photo.yupoo.com/minkang/82695e504f/large.jpg,1
Brasileirao Serie A,Internacional 26/27 Brazil Edition Jersey S-4XL6,https://minkang.x.yupoo.com/albums/244523343?uid=1&isSubCate=false&referrercate=680738,https://photo.yupoo.com/minkang/887436715b/large.jpg,2
Brasileirao Serie A,Internacional 26/27 Brazil Edition Jersey S-4XL6,https://minkang.x.yupoo.com/albums/244523343?uid=1&isSubCate=false&referrercate=680738,https://photo.yupoo.com/minkang/2e9f80ef02/large.jpg,3
Brasileirao Serie A,Internacional 26/27 Brazil Edition Jersey S-4XL6,https://minkang.x.yupoo.com/albums/244523343?uid=1&isSubCate=false&referrercate=680738,https://photo.yupoo.com/minkang/2bfd61d79b/large.jpg,4
Brasileirao Serie A,Internacional 26/27 Brazil Edition Jersey S-4XL6,https://minkang.x.yupoo.com/albums/244523343?uid=1&isSubCate=false&referrercate=680738,https://photo.yupoo.com/minkang/2ecc983a9d/large.jpg,5
Brasileirao Serie A,Internacional 26/27 Brazil Edition Jersey S-4XL6,https://minkang.x.yupoo.com/albums/244523343?uid=1&isSubCate=false&referrercate=680738,https://photo.yupoo.com/minkang/482f82605a/large.jpg,6
Brasileirao Serie A,Internacional 26/27 Brazil Edition Jersey S-4XL6,https://minkang.x.yupoo.com/albums/244523343?uid=1&isSubCate=false&referrercate=680738,https://photo.yupoo.com/minkang/887436715b/square.jpg,7
Brasileirao Serie A,Internacional 26/27 Brazil Edition Jersey S-4XL6,https://minkang.x.yupoo.com/albums/244523343?uid=1&isSubCate=false&referrercate=680738,https://photo.yupoo.com/minkang/82695e504f/square.jpg,8
Brasileirao Serie A,Internacional 26/27 Brazil Edition Jersey S-4XL6,https://minkang.x.yupoo.com/albums/244523343?uid=1&isSubCate=false&referrercate=680738,https://photo.yupoo.com/minkang/2e9f80ef02/square.jpg,9
Brasileirao Serie A,Internacional 26/27 Brazil Edition Jersey S-4XL6,https://minkang.x.yupoo.com/albums/244523343?uid=1&isSubCate=false&referrercate=680738,https://photo.yupoo.com/minkang/2bfd61d79b/square.jpg,10
Brasileirao Serie A,Internacional 26/27 Brazil Edition Jersey S-4XL6,https://minkang.x.yupoo.com/albums/244523343?uid=1&isSubCate=false&referrercate=680738,https://photo.yupoo.com/minkang/2ecc983a9d/square.jpg,11
Brasileirao Serie A,Internacional 26/27 Brazil Edition Jersey S-4XL6,https://minkang.x.yupoo.com/albums/244523343?uid=1&isSubCate=false&referrercate=680738,https://photo.yupoo.com/minkang/482f82605a/square.jpg,12
Brasileirao Serie A,Atletico Paranaense 26/27 Away Jersey S-4XL7,https://minkang.x.yupoo.com/albums/244521299?uid=1&isSubCate=false&referrercate=680738,https://photo.yupoo.com/minkang/4bf675cb81/large.jpg,1
Brasileirao Serie A,Atletico Paranaense 26/27 Away Jersey S-4XL7,https://minkang.x.yupoo.com/albums/244521299?uid=1&isSubCate=false&referrercate=680738,https://photo.yupoo.com/minkang/1355777bb0/large.jpg,2
Brasileirao Serie A,Atletico Paranaense 26/27 Away Jersey S-4XL7,https://minkang.x.yupoo.com/albums/244521299?uid=1&isSubCate=false&referrercate=680738,https://photo.yupoo.com/minkang/5a6659a296/large.jpg,3
Brasileirao Serie A,Atletico Paranaense 26/27 Away Jersey S-4XL7,https://minkang.x.yupoo.com/albums/244521299?uid=1&isSubCate=false&referrercate=680738,https://photo.yupoo.com/minkang/7b468c7439/large.jpg,4
Brasileirao Serie A,Atletico Paranaense 26/27 Away Jersey S-4XL7,https://minkang.x.yupoo.com/albums/244521299?uid=1&isSubCate=false&referrercate=680738,https://photo.yupoo.com/minkang/6246deac9c/large.jpg,5
Brasileirao Serie A,Atletico Paranaense 26/27 Away Jersey S-4XL7,https://minkang.x.yupoo.com/albums/244521299?uid=1&isSubCate=false&referrercate=680738,https://photo.yupoo.com/minkang/8745f73c58/large.jpg,6
Brasileirao Serie A,Atletico Paranaense 26/27 Away Jersey S-4XL7,https://minkang.x.yupoo.com/albums/244521299?uid=1&isSubCate=false&referrercate=680738,https://photo.yupoo.com/minkang/b4fb6c0d3a/large.jpg,7
Brasileirao Serie A,Atletico Paranaense 26/27 Away Jersey S-4XL7,https://minkang.x.yupoo.com/albums/244521299?uid=1&isSubCate=false&referrercate=680738,https://photo.yupoo.com/minkang/1355777bb0/square.jpg,8
Brasileirao Serie A,Atletico Paranaense 26/27 Away Jersey S-4XL7,https://minkang.x.yupoo.com/albums/244521299?uid=1&isSubCate=false&referrercate=680738,https://photo.yupoo.com/minkang/4bf675cb81/square.jpg,9
Brasileirao Serie A,Atletico Paranaense 26/27 Away Jersey S-4XL7,https://minkang.x.yupoo.com/albums/244521299?uid=1&isSubCate=false&referrercate=680738,https://photo.yupoo.com/minkang/5a6659a296/square.jpg,10
Brasileirao Serie A,Atletico Paranaense 26/27 Away Jersey S-4XL7,https://minkang.x.yupoo.com/albums/244521299?uid=1&isSubCate=false&referrercate=680738,https://photo.yupoo.com/minkang/7b468c7439/square.jpg,11
Brasileirao Serie A,Atletico Paranaense 26/27 Away Jersey S-4XL7,https://minkang.x.yupoo.com/albums/244521299?uid=1&isSubCate=false&referrercate=680738,https://photo.yupoo.com/minkang/6246deac9c/square.jpg,12
Brasileirao Serie A,Atletico Paranaense 26/27 Away Jersey S-4XL7,https://minkang.x.yupoo.com/albums/244521299?uid=1&isSubCate=false&referrercate=680738,https://photo.yupoo.com/minkang/8745f73c58/square.jpg,13
Brasileirao Serie A,Atletico Paranaense 26/27 Away Jersey S-4XL7,https://minkang.x.yupoo.com/albums/244521299?uid=1&isSubCate=false&referrercate=680738,https://photo.yupoo.com/minkang/b4fb6c0d3a/square.jpg,14
Brasileirao Serie A,Botafogo 26/27 Home Jersey S-4XL9,https://minkang.x.yupoo.com/albums/244272331?uid=1&isSubCate=false&referrercate=680738,https://photo.yupoo.com/minkang/ad66d0e01b/large.jpg,1
Brasileirao Serie A,Botafogo 26/27 Home Jersey S-4XL9,https://minkang.x.yupoo.com/albums/244272331?uid=1&isSubCate=false&referrercate=680738,https://photo.yupoo.com/minkang/31275b6c2d/large.jpg,2
Brasileirao Serie A,Botafogo 26/27 Home Jersey S-4XL9,https://minkang.x.yupoo.com/albums/244272331?uid=1&isSubCate=false&referrercate=680738,https://photo.yupoo.com/minkang/e910cbc5f5/large.jpg,3
Brasileirao Serie A,Botafogo 26/27 Home Jersey S-4XL9,https://minkang.x.yupoo.com/albums/244272331?uid=1&isSubCate=false&referrercate=680738,https://photo.yupoo.com/minkang/8212a315f8/large.jpg,4
Brasileirao Serie A,Botafogo 26/27 Home Jersey S-4XL9,https://minkang.x.yupoo.com/albums/244272331?uid=1&isSubCate=false&referrercate=680738,https://photo.yupoo.com/minkang/4e7979bc1e/large.jpg,5
Brasileirao Serie A,Botafogo 26/27 Home Jersey S-4XL9,https://minkang.x.yupoo.com/albums/244272331?uid=1&isSubCate=false&referrercate=680738,https://photo.yupoo.com/minkang/9b072fd13c/large.jpg,6
Brasileirao Serie A,Botafogo 26/27 Home Jersey S-4XL9,https://minkang.x.yupoo.com/albums/244272331?uid=1&isSubCate=false&referrercate=680738,https://photo.yupoo.com/minkang/55af8b278c/large.jpg,7
Brasileirao Serie A,Botafogo 26/27 Home Jersey S-4XL9,https://minkang.x.yupoo.com/albums/244272331?uid=1&isSubCate=false&referrercate=680738,https://photo.yupoo.com/minkang/34a2feb7af/large.jpg,8
Brasileirao Serie A,Botafogo 26/27 Home Jersey S-4XL9,https://minkang.x.yupoo.com/albums/244272331?uid=1&isSubCate=false&referrercate=680738,https://photo.yupoo.com/minkang/6f42ab493a/large.jpg,9
Brasileirao Serie A,Botafogo 26/27 Home Jersey S-4XL9,https://minkang.x.yupoo.com/albums/244272331?uid=1&isSubCate=false&referrercate=680738,https://photo.yupoo.com/minkang/31275b6c2d/square.jpg,10
Brasileirao Serie A,Botafogo 26/27 Home Jersey S-4XL9,https://minkang.x.yupoo.com/albums/244272331?uid=1&isSubCate=false&referrercate=680738,https://photo.yupoo.com/minkang/ad66d0e01b/square.jpg,11
Brasileirao Serie A,Botafogo 26/27 Home Jersey S-4XL9,https://minkang.x.yupoo.com/albums/244272331?uid=1&isSubCate=false&referrercate=680738,https://photo.yupoo.com/minkang/e910cbc5f5/square.jpg,12
Brasileirao Serie A,Botafogo 26/27 Home Jersey S-4XL9,https://minkang.x.yupoo.com/albums/244272331?uid=1&isSubCate=false&referrercate=680738,https://photo.yupoo.com/minkang/8212a315f8/square.jpg,13
Brasileirao Serie A,Botafogo 26/27 Home Jersey S-4XL9,https://minkang.x.yupoo.com/albums/244272331?uid=1&isSubCate=false&referrercate=680738,https://photo.yupoo.com/minkang/4e7979bc1e/square.jpg,14
Brasileirao Serie A,Botafogo 26/27 Home Jersey S-4XL9,https://minkang.x.yupoo.com/albums/244272331?uid=1&isSubCate=false&referrercate=680738,https://photo.yupoo.com/minkang/9b072fd13c/square.jpg,15
Brasileirao Serie A,Botafogo 26/27 Home Jersey S-4XL9,https://minkang.x.yupoo.com/albums/244272331?uid=1&isSubCate=false&referrercate=680738,https://photo.yupoo.com/minkang/55af8b278c/square.jpg,16
Brasileirao Serie A,Botafogo 26/27 Home Jersey S-4XL9,https://minkang.x.yupoo.com/albums/244272331?uid=1&isSubCate=false&referrercate=680738,https://photo.yupoo.com/minkang/34a2feb7af/square.jpg,17
Brasileirao Serie A,Botafogo 26/27 Home Jersey S-4XL9,https://minkang.x.yupoo.com/albums/244272331?uid=1&isSubCate=false&referrercate=680738,https://photo.yupoo.com/minkang/6f42ab493a/square.jpg,18
Brasileirao Serie A,Botafogo 26/27 Home GK Jersey S-4XL8,https://minkang.x.yupoo.com/albums/243939153?uid=1&isSubCate=false&referrercate=680738,https://photo.yupoo.com/minkang/3eff6310cc/large.jpg,1
Brasileirao Serie A,Botafogo 26/27 Home GK Jersey S-4XL8,https://minkang.x.yupoo.com/albums/243939153?uid=1&isSubCate=false&referrercate=680738,https://photo.yupoo.com/minkang/c70b794044/large.jpg,2
Brasileirao Serie A,Botafogo 26/27 Home GK Jersey S-4XL8,https://minkang.x.yupoo.com/albums/243939153?uid=1&isSubCate=false&referrercate=680738,https://photo.yupoo.com/minkang/3e9988aa17/large.jpg,3
Brasileirao Serie A,Botafogo 26/27 Home GK Jersey S-4XL8,https://minkang.x.yupoo.com/albums/243939153?uid=1&isSubCate=false&referrercate=680738,https://photo.yupoo.com/minkang/a0aecb5b30/large.jpg,4
Brasileirao Serie A,Botafogo 26/27 Home GK Jersey S-4XL8,https://minkang.x.yupoo.com/albums/243939153?uid=1&isSubCate=false&referrercate=680738,https://photo.yupoo.com/minkang/7a8bf82a4c/large.jpg,5
Brasileirao Serie A,Botafogo 26/27 Home GK Jersey S-4XL8,https://minkang.x.yupoo.com/albums/243939153?uid=1&isSubCate=false&referrercate=680738,https://photo.yupoo.com/minkang/54da23f6fd/large.jpg,6
Brasileirao Serie A,Botafogo 26/27 Home GK Jersey S-4XL8,https://minkang.x.yupoo.com/albums/243939153?uid=1&isSubCate=false&referrercate=680738,https://photo.yupoo.com/minkang/3dd3043ddd/large.jpg,7
Brasileirao Serie A,Botafogo 26/27 Home GK Jersey S-4XL8,https://minkang.x.yupoo.com/albums/243939153?uid=1&isSubCate=false&referrercate=680738,https://photo.yupoo.com/minkang/372bb22ea5/large.jpg,8
Brasileirao Serie A,Botafogo 26/27 Home GK Jersey S-4XL8,https://minkang.x.yupoo.com/albums/243939153?uid=1&isSubCate=false&referrercate=680738,https://photo.yupoo.com/minkang/3eff6310cc/square.jpg,9
Brasileirao Serie A,Botafogo 26/27 Home GK Jersey S-4XL8,https://minkang.x.yupoo.com/albums/243939153?uid=1&isSubCate=false&referrercate=680738,https://photo.yupoo.com/minkang/c70b794044/square.jpg,10
Brasileirao Serie A,Botafogo 26/27 Home GK Jersey S-4XL8,https://minkang.x.yupoo.com/albums/243939153?uid=1&isSubCate=false&referrercate=680738,https://photo.yupoo.com/minkang/3e9988aa17/square.jpg,11
Brasileirao Serie A,Botafogo 26/27 Home GK Jersey S-4XL8,https://minkang.x.yupoo.com/albums/243939153?uid=1&isSubCate=false&referrercate=680738,https://photo.yupoo.com/minkang/a0aecb5b30/square.jpg,12
Brasileirao Serie A,Botafogo 26/27 Home GK Jersey S-4XL8,https://minkang.x.yupoo.com/albums/243939153?uid=1&isSubCate=false&referrercate=680738,https://photo.yupoo.com/minkang/7a8bf82a4c/square.jpg,13
Brasileirao Serie A,Botafogo 26/27 Home GK Jersey S-4XL8,https://minkang.x.yupoo.com/albums/243939153?uid=1&isSubCate=false&referrercate=680738,https://photo.yupoo.com/minkang/54da23f6fd/square.jpg,14
Brasileirao Serie A,Botafogo 26/27 Home GK Jersey S-4XL8,https://minkang.x.yupoo.com/albums/243939153?uid=1&isSubCate=false&referrercate=680738,https://photo.yupoo.com/minkang/3dd3043ddd/square.jpg,15
Brasileirao Serie A,Botafogo 26/27 Home GK Jersey S-4XL8,https://minkang.x.yupoo.com/albums/243939153?uid=1&isSubCate=false&referrercate=680738,https://photo.yupoo.com/minkang/372bb22ea5/square.jpg,16
Brasileirao Serie A,Cruzeiro 26/27 Brazil Edition Jersey S-4XL6,https://minkang.x.yupoo.com/albums/243939055?uid=1&isSubCate=false&referrercate=680738,https://photo.yupoo.com/minkang/da5f271c2a/large.jpg,1
Brasileirao Serie A,Cruzeiro 26/27 Brazil Edition Jersey S-4XL6,https://minkang.x.yupoo.com/albums/243939055?uid=1&isSubCate=false&referrercate=680738,https://photo.yupoo.com/minkang/53f612dc83/large.jpg,2
Brasileirao Serie A,Cruzeiro 26/27 Brazil Edition Jersey S-4XL6,https://minkang.x.yupoo.com/albums/243939055?uid=1&isSubCate=false&referrercate=680738,https://photo.yupoo.com/minkang/aa7a91f7a1/large.jpg,3
Brasileirao Serie A,Cruzeiro 26/27 Brazil Edition Jersey S-4XL6,https://minkang.x.yupoo.com/albums/243939055?uid=1&isSubCate=false&referrercate=680738,https://photo.yupoo.com/minkang/7f66f598b1/large.jpg,4
Brasileirao Serie A,Cruzeiro 26/27 Brazil Edition Jersey S-4XL6,https://minkang.x.yupoo.com/albums/243939055?uid=1&isSubCate=false&referrercate=680738,https://photo.yupoo.com/minkang/56290fd0ad/large.jpg,5
Brasileirao Serie A,Cruzeiro 26/27 Brazil Edition Jersey S-4XL6,https://minkang.x.yupoo.com/albums/243939055?uid=1&isSubCate=false&referrercate=680738,https://photo.yupoo.com/minkang/c55ed21e9c/large.jpg,6
Brasileirao Serie A,Cruzeiro 26/27 Brazil Edition Jersey S-4XL6,https://minkang.x.yupoo.com/albums/243939055?uid=1&isSubCate=false&referrercate=680738,https://photo.yupoo.com/minkang/da5f271c2a/square.jpg,7
Brasileirao Serie A,Cruzeiro 26/27 Brazil Edition Jersey S-4XL6,https://minkang.x.yupoo.com/albums/243939055?uid=1&isSubCate=false&referrercate=680738,https://photo.yupoo.com/minkang/53f612dc83/square.jpg,8
Brasileirao Serie A,Cruzeiro 26/27 Brazil Edition Jersey S-4XL6,https://minkang.x.yupoo.com/albums/243939055?uid=1&isSubCate=false&referrercate=680738,https://photo.yupoo.com/minkang/aa7a91f7a1/square.jpg,9
Brasileirao Serie A,Cruzeiro 26/27 Brazil Edition Jersey S-4XL6,https://minkang.x.yupoo.com/albums/243939055?uid=1&isSubCate=false&referrercate=680738,https://photo.yupoo.com/minkang/7f66f598b1/square.jpg,10
Brasileirao Serie A,Cruzeiro 26/27 Brazil Edition Jersey S-4XL6,https://minkang.x.yupoo.com/albums/243939055?uid=1&isSubCate=false&referrercate=680738,https://photo.yupoo.com/minkang/56290fd0ad/square.jpg,11
Brasileirao Serie A,Cruzeiro 26/27 Brazil Edition Jersey S-4XL6,https://minkang.x.yupoo.com/albums/243939055?uid=1&isSubCate=false&referrercate=680738,https://photo.yupoo.com/minkang/c55ed21e9c/square.jpg,12
Brasileirao Serie A,Remo 26/27 Away Jersey S-4XL8,https://minkang.x.yupoo.com/albums/243938991?uid=1&isSubCate=false&referrercate=680738,https://photo.yupoo.com/minkang/8ee15f6c7c/large.jpg,1
Brasileirao Serie A,Remo 26/27 Away Jersey S-4XL8,https://minkang.x.yupoo.com/albums/243938991?uid=1&isSubCate=false&referrercate=680738,https://photo.yupoo.com/minkang/4bc99cff8b/large.jpg,2
Brasileirao Serie A,Remo 26/27 Away Jersey S-4XL8,https://minkang.x.yupoo.com/albums/243938991?uid=1&isSubCate=false&referrercate=680738,https://photo.yupoo.com/minkang/ffdce6c73c/large.jpg,3
Brasileirao Serie A,Remo 26/27 Away Jersey S-4XL8,https://minkang.x.yupoo.com/albums/243938991?uid=1&isSubCate=false&referrercate=680738,https://photo.yupoo.com/minkang/97cb663926/large.jpg,4
Brasileirao Serie A,Remo 26/27 Away Jersey S-4XL8,https://minkang.x.yupoo.com/albums/243938991?uid=1&isSubCate=false&referrercate=680738,https://photo.yupoo.com/minkang/66d6b5b8ff/large.jpg,5
Brasileirao Serie A,Remo 26/27 Away Jersey S-4XL8,https://minkang.x.yupoo.com/albums/243938991?uid=1&isSubCate=false&referrercate=680738,https://photo.yupoo.com/minkang/73f7ddc936/large.jpg,6
Brasileirao Serie A,Remo 26/27 Away Jersey S-4XL8,https://minkang.x.yupoo.com/albums/243938991?uid=1&isSubCate=false&referrercate=680738,https://photo.yupoo.com/minkang/5fe2188d59/large.jpg,7
Brasileirao Serie A,Remo 26/27 Away Jersey S-4XL8,https://minkang.x.yupoo.com/albums/243938991?uid=1&isSubCate=false&referrercate=680738,https://photo.yupoo.com/minkang/9ce788c1d2/large.jpg,8
Brasileirao Serie A,Remo 26/27 Away Jersey S-4XL8,https://minkang.x.yupoo.com/albums/243938991?uid=1&isSubCate=false&referrercate=680738,https://photo.yupoo.com/minkang/8ee15f6c7c/square.jpg,9
Brasileirao Serie A,Remo 26/27 Away Jersey S-4XL8,https://minkang.x.yupoo.com/albums/243938991?uid=1&isSubCate=false&referrercate=680738,https://photo.yupoo.com/minkang/4bc99cff8b/square.jpg,10
Brasileirao Serie A,Remo 26/27 Away Jersey S-4XL8,https://minkang.x.yupoo.com/albums/243938991?uid=1&isSubCate=false&referrercate=680738,https://photo.yupoo.com/minkang/ffdce6c73c/square.jpg,11
Brasileirao Serie A,Remo 26/27 Away Jersey S-4XL8,https://minkang.x.yupoo.com/albums/243938991?uid=1&isSubCate=false&referrercate=680738,https://photo.yupoo.com/minkang/97cb663926/square.jpg,12
Brasileirao Serie A,Remo 26/27 Away Jersey S-4XL8,https://minkang.x.yupoo.com/albums/243938991?uid=1&isSubCate=false&referrercate=680738,https://photo.yupoo.com/minkang/66d6b5b8ff/square.jpg,13
Brasileirao Serie A,Remo 26/27 Away Jersey S-4XL8,https://minkang.x.yupoo.com/albums/243938991?uid=1&isSubCate=false&referrercate=680738,https://photo.yupoo.com/minkang/73f7ddc936/square.jpg,14
Brasileirao Serie A,Remo 26/27 Away Jersey S-4XL8,https://minkang.x.yupoo.com/albums/243938991?uid=1&isSubCate=false&referrercate=680738,https://photo.yupoo.com/minkang/5fe2188d59/square.jpg,15
Brasileirao Serie A,Remo 26/27 Away Jersey S-4XL8,https://minkang.x.yupoo.com/albums/243938991?uid=1&isSubCate=false&referrercate=680738,https://photo.yupoo.com/minkang/9ce788c1d2/square.jpg,16
Brasileirao Serie A,Nautico 26/27 Home Jersey S-4XL10,https://minkang.x.yupoo.com/albums/242880992?uid=1&isSubCate=false&referrercate=680738,https://photo.yupoo.com/minkang/f82f4ec88d/large.jpg,1
Brasileirao Serie A,Nautico 26/27 Home Jersey S-4XL10,https://minkang.x.yupoo.com/albums/242880992?uid=1&isSubCate=false&referrercate=680738,https://photo.yupoo.com/minkang/71320cff18/large.jpg,2
Brasileirao Serie A,Nautico 26/27 Home Jersey S-4XL10,https://minkang.x.yupoo.com/albums/242880992?uid=1&isSubCate=false&referrercate=680738,https://photo.yupoo.com/minkang/527296d026/large.jpg,3
Brasileirao Serie A,Nautico 26/27 Home Jersey S-4XL10,https://minkang.x.yupoo.com/albums/242880992?uid=1&isSubCate=false&referrercate=680738,https://photo.yupoo.com/minkang/19364a166b/large.jpg,4
Brasileirao Serie A,Nautico 26/27 Home Jersey S-4XL10,https://minkang.x.yupoo.com/albums/242880992?uid=1&isSubCate=false&referrercate=680738,https://photo.yupoo.com/minkang/190f99e704/large.jpg,5
Brasileirao Serie A,Nautico 26/27 Home Jersey S-4XL10,https://minkang.x.yupoo.com/albums/242880992?uid=1&isSubCate=false&referrercate=680738,https://photo.yupoo.com/minkang/5f0afa6e42/large.jpg,6
Brasileirao Serie A,Nautico 26/27 Home Jersey S-4XL10,https://minkang.x.yupoo.com/albums/242880992?uid=1&isSubCate=false&referrercate=680738,https://photo.yupoo.com/minkang/7448e54c9c/large.jpg,7
Brasileirao Serie A,Nautico 26/27 Home Jersey S-4XL10,https://minkang.x.yupoo.com/albums/242880992?uid=1&isSubCate=false&referrercate=680738,https://photo.yupoo.com/minkang/90d7789d30/large.jpg,8
Brasileirao Serie A,Nautico 26/27 Home Jersey S-4XL10,https://minkang.x.yupoo.com/albums/242880992?uid=1&isSubCate=false&referrercate=680738,https://photo.yupoo.com/minkang/8808981f3e/large.jpg,9
Brasileirao Serie A,Nautico 26/27 Home Jersey S-4XL10,https://minkang.x.yupoo.com/albums/242880992?uid=1&isSubCate=false&referrercate=680738,https://photo.yupoo.com/minkang/b1cc580b69/large.jpg,10
Brasileirao Serie A,Nautico 26/27 Home Jersey S-4XL10,https://minkang.x.yupoo.com/albums/242880992?uid=1&isSubCate=false&referrercate=680738,https://photo.yupoo.com/minkang/71320cff18/square.jpg,11
Brasileirao Serie A,Nautico 26/27 Home Jersey S-4XL10,https://minkang.x.yupoo.com/albums/242880992?uid=1&isSubCate=false&referrercate=680738,https://photo.yupoo.com/minkang/f82f4ec88d/square.jpg,12
Brasileirao Serie A,Nautico 26/27 Home Jersey S-4XL10,https://minkang.x.yupoo.com/albums/242880992?uid=1&isSubCate=false&referrercate=680738,https://photo.yupoo.com/minkang/527296d026/square.jpg,13
Brasileirao Serie A,Nautico 26/27 Home Jersey S-4XL10,https://minkang.x.yupoo.com/albums/242880992?uid=1&isSubCate=false&referrercate=680738,https://photo.yupoo.com/minkang/19364a166b/square.jpg,14
Brasileirao Serie A,Nautico 26/27 Home Jersey S-4XL10,https://minkang.x.yupoo.com/albums/242880992?uid=1&isSubCate=false&referrercate=680738,https://photo.yupoo.com/minkang/190f99e704/square.jpg,15
Brasileirao Serie A,Nautico 26/27 Home Jersey S-4XL10,https://minkang.x.yupoo.com/albums/242880992?uid=1&isSubCate=false&referrercate=680738,https://photo.yupoo.com/minkang/5f0afa6e42/square.jpg,16
Brasileirao Serie A,Nautico 26/27 Home Jersey S-4XL10,https://minkang.x.yupoo.com/albums/242880992?uid=1&isSubCate=false&referrercate=680738,https://photo.yupoo.com/minkang/7448e54c9c/square.jpg,17
Brasileirao Serie A,Nautico 26/27 Home Jersey S-4XL10,https://minkang.x.yupoo.com/albums/242880992?uid=1&isSubCate=false&referrercate=680738,https://photo.yupoo.com/minkang/90d7789d30/square.jpg,18
Brasileirao Serie A,Nautico 26/27 Home Jersey S-4XL10,https://minkang.x.yupoo.com/albums/242880992?uid=1&isSubCate=false&referrercate=680738,https://photo.yupoo.com/minkang/8808981f3e/square.jpg,19
Brasileirao Serie A,Nautico 26/27 Home Jersey S-4XL10,https://minkang.x.yupoo.com/albums/242880992?uid=1&isSubCate=false&referrercate=680738,https://photo.yupoo.com/minkang/b1cc580b69/square.jpg,20
Brasileirao Serie A,Nautico 26/27 Away Jersey S-XXL10,https://minkang.x.yupoo.com/albums/242880956?uid=1&isSubCate=false&referrercate=680738,https://photo.yupoo.com/minkang/8d185ac26a/large.jpg,1
Brasileirao Serie A,Nautico 26/27 Away Jersey S-XXL10,https://minkang.x.yupoo.com/albums/242880956?uid=1&isSubCate=false&referrercate=680738,https://photo.yupoo.com/minkang/1ba1a86c84/large.jpg,2
Brasileirao Serie A,Nautico 26/27 Away Jersey S-XXL10,https://minkang.x.yupoo.com/albums/242880956?uid=1&isSubCate=false&referrercate=680738,https://photo.yupoo.com/minkang/d7149df648/large.jpg,3
Brasileirao Serie A,Nautico 26/27 Away Jersey S-XXL10,https://minkang.x.yupoo.com/albums/242880956?uid=1&isSubCate=false&referrercate=680738,https://photo.yupoo.com/minkang/dcf95894a7/large.jpg,4
Brasileirao Serie A,Nautico 26/27 Away Jersey S-XXL10,https://minkang.x.yupoo.com/albums/242880956?uid=1&isSubCate=false&referrercate=680738,https://photo.yupoo.com/minkang/05f2068168/large.jpg,5
Brasileirao Serie A,Nautico 26/27 Away Jersey S-XXL10,https://minkang.x.yupoo.com/albums/242880956?uid=1&isSubCate=false&referrercate=680738,https://photo.yupoo.com/minkang/e37a55bc57/large.jpg,6
Brasileirao Serie A,Nautico 26/27 Away Jersey S-XXL10,https://minkang.x.yupoo.com/albums/242880956?uid=1&isSubCate=false&referrercate=680738,https://photo.yupoo.com/minkang/018f3bb4cc/large.jpg,7
Brasileirao Serie A,Nautico 26/27 Away Jersey S-XXL10,https://minkang.x.yupoo.com/albums/242880956?uid=1&isSubCate=false&referrercate=680738,https://photo.yupoo.com/minkang/28c40c03bc/large.jpg,8
Brasileirao Serie A,Nautico 26/27 Away Jersey S-XXL10,https://minkang.x.yupoo.com/albums/242880956?uid=1&isSubCate=false&referrercate=680738,https://photo.yupoo.com/minkang/7536522ac8/large.jpg,9
Brasileirao Serie A,Nautico 26/27 Away Jersey S-XXL10,https://minkang.x.yupoo.com/albums/242880956?uid=1&isSubCate=false&referrercate=680738,https://photo.yupoo.com/minkang/ac4d452fdd/large.jpg,10
Brasileirao Serie A,Nautico 26/27 Away Jersey S-XXL10,https://minkang.x.yupoo.com/albums/242880956?uid=1&isSubCate=false&referrercate=680738,https://photo.yupoo.com/minkang/8d185ac26a/square.jpg,11
Brasileirao Serie A,Nautico 26/27 Away Jersey S-XXL10,https://minkang.x.yupoo.com/albums/242880956?uid=1&isSubCate=false&referrercate=680738,https://photo.yupoo.com/minkang/1ba1a86c84/square.jpg,12
Brasileirao Serie A,Nautico 26/27 Away Jersey S-XXL10,https://minkang.x.yupoo.com/albums/242880956?uid=1&isSubCate=false&referrercate=680738,https://photo.yupoo.com/minkang/d7149df648/square.jpg,13
Brasileirao Serie A,Nautico 26/27 Away Jersey S-XXL10,https://minkang.x.yupoo.com/albums/242880956?uid=1&isSubCate=false&referrercate=680738,https://photo.yupoo.com/minkang/dcf95894a7/square.jpg,14
Brasileirao Serie A,Nautico 26/27 Away Jersey S-XXL10,https://minkang.x.yupoo.com/albums/242880956?uid=1&isSubCate=false&referrercate=680738,https://photo.yupoo.com/minkang/05f2068168/square.jpg,15
Brasileirao Serie A,Nautico 26/27 Away Jersey S-XXL10,https://minkang.x.yupoo.com/albums/242880956?uid=1&isSubCate=false&referrercate=680738,https://photo.yupoo.com/minkang/e37a55bc57/square.jpg,16
Brasileirao Serie A,Nautico 26/27 Away Jersey S-XXL10,https://minkang.x.yupoo.com/albums/242880956?uid=1&isSubCate=false&referrercate=680738,https://photo.yupoo.com/minkang/018f3bb4cc/square.jpg,17
Brasileirao Serie A,Nautico 26/27 Away Jersey S-XXL10,https://minkang.x.yupoo.com/albums/242880956?uid=1&isSubCate=false&referrercate=680738,https://photo.yupoo.com/minkang/28c40c03bc/square.jpg,18
Brasileirao Serie A,Nautico 26/27 Away Jersey S-XXL10,https://minkang.x.yupoo.com/albums/242880956?uid=1&isSubCate=false&referrercate=680738,https://photo.yupoo.com/minkang/7536522ac8/square.jpg,19
Brasileirao Serie A,Nautico 26/27 Away Jersey S-XXL10,https://minkang.x.yupoo.com/albums/242880956?uid=1&isSubCate=false&referrercate=680738,https://photo.yupoo.com/minkang/ac4d452fdd/square.jpg,20
Brasileirao Serie A,Internacional 26/27 Away Long-sleeved Jersey S-4XL8,https://minkang.x.yupoo.com/albums/242880927?uid=1&isSubCate=false&referrercate=680738,https://photo.yupoo.com/minkang/169797330c/large.jpg,1
Brasileirao Serie A,Internacional 26/27 Away Long-sleeved Jersey S-4XL8,https://minkang.x.yupoo.com/albums/242880927?uid=1&isSubCate=false&referrercate=680738,https://photo.yupoo.com/minkang/675699b4c5/large.jpg,2
Brasileirao Serie A,Internacional 26/27 Away Long-sleeved Jersey S-4XL8,https://minkang.x.yupoo.com/albums/242880927?uid=1&isSubCate=false&referrercate=680738,https://photo.yupoo.com/minkang/2eaafee6f8/large.jpg,3
Brasileirao Serie A,Internacional 26/27 Away Long-sleeved Jersey S-4XL8,https://minkang.x.yupoo.com/albums/242880927?uid=1&isSubCate=false&referrercate=680738,https://photo.yupoo.com/minkang/84bd3f822f/large.jpg,4
Brasileirao Serie A,Internacional 26/27 Away Long-sleeved Jersey S-4XL8,https://minkang.x.yupoo.com/albums/242880927?uid=1&isSubCate=false&referrercate=680738,https://photo.yupoo.com/minkang/99d0120f9b/large.jpg,5
Brasileirao Serie A,Internacional 26/27 Away Long-sleeved Jersey S-4XL8,https://minkang.x.yupoo.com/albums/242880927?uid=1&isSubCate=false&referrercate=680738,https://photo.yupoo.com/minkang/39becf29be/large.jpg,6
Brasileirao Serie A,Internacional 26/27 Away Long-sleeved Jersey S-4XL8,https://minkang.x.yupoo.com/albums/242880927?uid=1&isSubCate=false&referrercate=680738,https://photo.yupoo.com/minkang/7099c9269c/large.jpg,7
Brasileirao Serie A,Internacional 26/27 Away Long-sleeved Jersey S-4XL8,https://minkang.x.yupoo.com/albums/242880927?uid=1&isSubCate=false&referrercate=680738,https://photo.yupoo.com/minkang/a73d407346/large.jpg,8
Brasileirao Serie A,Internacional 26/27 Away Long-sleeved Jersey S-4XL8,https://minkang.x.yupoo.com/albums/242880927?uid=1&isSubCate=false&referrercate=680738,https://photo.yupoo.com/minkang/169797330c/square.jpg,9
Brasileirao Serie A,Internacional 26/27 Away Long-sleeved Jersey S-4XL8,https://minkang.x.yupoo.com/albums/242880927?uid=1&isSubCate=false&referrercate=680738,https://photo.yupoo.com/minkang/675699b4c5/square.jpg,10
Brasileirao Serie A,Internacional 26/27 Away Long-sleeved Jersey S-4XL8,https://minkang.x.yupoo.com/albums/242880927?uid=1&isSubCate=false&referrercate=680738,https://photo.yupoo.com/minkang/2eaafee6f8/square.jpg,11
Brasileirao Serie A,Internacional 26/27 Away Long-sleeved Jersey S-4XL8,https://minkang.x.yupoo.com/albums/242880927?uid=1&isSubCate=false&referrercate=680738,https://photo.yupoo.com/minkang/84bd3f822f/square.jpg,12
Brasileirao Serie A,Internacional 26/27 Away Long-sleeved Jersey S-4XL8,https://minkang.x.yupoo.com/albums/242880927?uid=1&isSubCate=false&referrercate=680738,https://photo.yupoo.com/minkang/99d0120f9b/square.jpg,13
Brasileirao Serie A,Internacional 26/27 Away Long-sleeved Jersey S-4XL8,https://minkang.x.yupoo.com/albums/242880927?uid=1&isSubCate=false&referrercate=680738,https://photo.yupoo.com/minkang/39becf29be/square.jpg,14
Brasileirao Serie A,Internacional 26/27 Away Long-sleeved Jersey S-4XL8,https://minkang.x.yupoo.com/albums/242880927?uid=1&isSubCate=false&referrercate=680738,https://photo.yupoo.com/minkang/7099c9269c/square.jpg,15
Brasileirao Serie A,Internacional 26/27 Away Long-sleeved Jersey S-4XL8,https://minkang.x.yupoo.com/albums/242880927?uid=1&isSubCate=false&referrercate=680738,https://photo.yupoo.com/minkang/a73d407346/square.jpg,16
Brasileirao Serie A,Cruzeiro 26/27 Away Women's Jersey S-XXL8,https://minkang.x.yupoo.com/albums/242880773?uid=1&isSubCate=false&referrercate=680738,https://photo.yupoo.com/minkang/9bd0ab33cf/large.jpg,1
Brasileirao Serie A,Cruzeiro 26/27 Away Women's Jersey S-XXL8,https://minkang.x.yupoo.com/albums/242880773?uid=1&isSubCate=false&referrercate=680738,https://photo.yupoo.com/minkang/dfdba699a4/large.jpg,2
Brasileirao Serie A,Cruzeiro 26/27 Away Women's Jersey S-XXL8,https://minkang.x.yupoo.com/albums/242880773?uid=1&isSubCate=false&referrercate=680738,https://photo.yupoo.com/minkang/63b0df4d18/large.jpg,3
Brasileirao Serie A,Cruzeiro 26/27 Away Women's Jersey S-XXL8,https://minkang.x.yupoo.com/albums/242880773?uid=1&isSubCate=false&referrercate=680738,https://photo.yupoo.com/minkang/f3475be31f/large.jpg,4
Brasileirao Serie A,Cruzeiro 26/27 Away Women's Jersey S-XXL8,https://minkang.x.yupoo.com/albums/242880773?uid=1&isSubCate=false&referrercate=680738,https://photo.yupoo.com/minkang/825e873ea2/large.jpg,5
Brasileirao Serie A,Cruzeiro 26/27 Away Women's Jersey S-XXL8,https://minkang.x.yupoo.com/albums/242880773?uid=1&isSubCate=false&referrercate=680738,https://photo.yupoo.com/minkang/90b9e90488/large.jpg,6
Brasileirao Serie A,Cruzeiro 26/27 Away Women's Jersey S-XXL8,https://minkang.x.yupoo.com/albums/242880773?uid=1&isSubCate=false&referrercate=680738,https://photo.yupoo.com/minkang/7200fcdd7d/large.jpg,7
Brasileirao Serie A,Cruzeiro 26/27 Away Women's Jersey S-XXL8,https://minkang.x.yupoo.com/albums/242880773?uid=1&isSubCate=false&referrercate=680738,https://photo.yupoo.com/minkang/f327ab2234/large.jpg,8
Brasileirao Serie A,Cruzeiro 26/27 Away Women's Jersey S-XXL8,https://minkang.x.yupoo.com/albums/242880773?uid=1&isSubCate=false&referrercate=680738,https://photo.yupoo.com/minkang/9bd0ab33cf/square.jpg,9
Brasileirao Serie A,Cruzeiro 26/27 Away Women's Jersey S-XXL8,https://minkang.x.yupoo.com/albums/242880773?uid=1&isSubCate=false&referrercate=680738,https://photo.yupoo.com/minkang/dfdba699a4/square.jpg,10
Brasileirao Serie A,Cruzeiro 26/27 Away Women's Jersey S-XXL8,https://minkang.x.yupoo.com/albums/242880773?uid=1&isSubCate=false&referrercate=680738,https://photo.yupoo.com/minkang/63b0df4d18/square.jpg,11
Brasileirao Serie A,Cruzeiro 26/27 Away Women's Jersey S-XXL8,https://minkang.x.yupoo.com/albums/242880773?uid=1&isSubCate=false&referrercate=680738,https://photo.yupoo.com/minkang/f3475be31f/square.jpg,12
Brasileirao Serie A,Cruzeiro 26/27 Away Women's Jersey S-XXL8,https://minkang.x.yupoo.com/albums/242880773?uid=1&isSubCate=false&referrercate=680738,https://photo.yupoo.com/minkang/825e873ea2/square.jpg,13
Brasileirao Serie A,Cruzeiro 26/27 Away Women's Jersey S-XXL8,https://minkang.x.yupoo.com/albums/242880773?uid=1&isSubCate=false&referrercate=680738,https://photo.yupoo.com/minkang/90b9e90488/square.jpg,14
Brasileirao Serie A,Cruzeiro 26/27 Away Women's Jersey S-XXL8,https://minkang.x.yupoo.com/albums/242880773?uid=1&isSubCate=false&referrercate=680738,https://photo.yupoo.com/minkang/7200fcdd7d/square.jpg,15
Brasileirao Serie A,Cruzeiro 26/27 Away Women's Jersey S-XXL8,https://minkang.x.yupoo.com/albums/242880773?uid=1&isSubCate=false&referrercate=680738,https://photo.yupoo.com/minkang/f327ab2234/square.jpg,16
Brasileirao Serie A,Cruzeiro 26/27 Away Jersey S-4XL8,https://minkang.x.yupoo.com/albums/242880705?uid=1&isSubCate=false&referrercate=680738,https://photo.yupoo.com/minkang/94b1740fe5/large.jpg,1
Brasileirao Serie A,Cruzeiro 26/27 Away Jersey S-4XL8,https://minkang.x.yupoo.com/albums/242880705?uid=1&isSubCate=false&referrercate=680738,https://photo.yupoo.com/minkang/abd7d616ba/large.jpg,2
Brasileirao Serie A,Cruzeiro 26/27 Away Jersey S-4XL8,https://minkang.x.yupoo.com/albums/242880705?uid=1&isSubCate=false&referrercate=680738,https://photo.yupoo.com/minkang/1a80c9e7fd/large.jpg,3
Brasileirao Serie A,Cruzeiro 26/27 Away Jersey S-4XL8,https://minkang.x.yupoo.com/albums/242880705?uid=1&isSubCate=false&referrercate=680738,https://photo.yupoo.com/minkang/e5a0d81bc7/large.jpg,4
Brasileirao Serie A,Cruzeiro 26/27 Away Jersey S-4XL8,https://minkang.x.yupoo.com/albums/242880705?uid=1&isSubCate=false&referrercate=680738,https://photo.yupoo.com/minkang/f135041ffb/large.jpg,5
Brasileirao Serie A,Cruzeiro 26/27 Away Jersey S-4XL8,https://minkang.x.yupoo.com/albums/242880705?uid=1&isSubCate=false&referrercate=680738,https://photo.yupoo.com/minkang/a4a7577858/large.jpg,6
Brasileirao Serie A,Cruzeiro 26/27 Away Jersey S-4XL8,https://minkang.x.yupoo.com/albums/242880705?uid=1&isSubCate=false&referrercate=680738,https://photo.yupoo.com/minkang/c833592e1a/large.jpg,7
Brasileirao Serie A,Cruzeiro 26/27 Away Jersey S-4XL8,https://minkang.x.yupoo.com/albums/242880705?uid=1&isSubCate=false&referrercate=680738,https://photo.yupoo.com/minkang/e6488cf93b/large.jpg,8
Brasileirao Serie A,Cruzeiro 26/27 Away Jersey S-4XL8,https://minkang.x.yupoo.com/albums/242880705?uid=1&isSubCate=false&referrercate=680738,https://photo.yupoo.com/minkang/94b1740fe5/square.jpg,9
Brasileirao Serie A,Cruzeiro 26/27 Away Jersey S-4XL8,https://minkang.x.yupoo.com/albums/242880705?uid=1&isSubCate=false&referrercate=680738,https://photo.yupoo.com/minkang/abd7d616ba/square.jpg,10
Brasileirao Serie A,Cruzeiro 26/27 Away Jersey S-4XL8,https://minkang.x.yupoo.com/albums/242880705?uid=1&isSubCate=false&referrercate=680738,https://photo.yupoo.com/minkang/1a80c9e7fd/square.jpg,11
Brasileirao Serie A,Cruzeiro 26/27 Away Jersey S-4XL8,https://minkang.x.yupoo.com/albums/242880705?uid=1&isSubCate=false&referrercate=680738,https://photo.yupoo.com/minkang/e5a0d81bc7/square.jpg,12
Brasileirao Serie A,Cruzeiro 26/27 Away Jersey S-4XL8,https://minkang.x.yupoo.com/albums/242880705?uid=1&isSubCate=false&referrercate=680738,https://photo.yupoo.com/minkang/f135041ffb/square.jpg,13
Brasileirao Serie A,Cruzeiro 26/27 Away Jersey S-4XL8,https://minkang.x.yupoo.com/albums/242880705?uid=1&isSubCate=false&referrercate=680738,https://photo.yupoo.com/minkang/a4a7577858/square.jpg,14
Brasileirao Serie A,Cruzeiro 26/27 Away Jersey S-4XL8,https://minkang.x.yupoo.com/albums/242880705?uid=1&isSubCate=false&referrercate=680738,https://photo.yupoo.com/minkang/c833592e1a/square.jpg,15
Brasileirao Serie A,Cruzeiro 26/27 Away Jersey S-4XL8,https://minkang.x.yupoo.com/albums/242880705?uid=1&isSubCate=false&referrercate=680738,https://photo.yupoo.com/minkang/e6488cf93b/square.jpg,16
Brasileirao Serie A,Corinthians 26/27 GK-Purple Jersey S-4XL7,https://minkang.x.yupoo.com/albums/242880665?uid=1&isSubCate=false&referrercate=680738,https://photo.yupoo.com/minkang/ad6e2b2223/large.jpg,1
Brasileirao Serie A,Corinthians 26/27 GK-Purple Jersey S-4XL7,https://minkang.x.yupoo.com/albums/242880665?uid=1&isSubCate=false&referrercate=680738,https://photo.yupoo.com/minkang/c772cb5716/large.jpg,2
Brasileirao Serie A,Corinthians 26/27 GK-Purple Jersey S-4XL7,https://minkang.x.yupoo.com/albums/242880665?uid=1&isSubCate=false&referrercate=680738,https://photo.yupoo.com/minkang/80f925a99c/large.jpg,3
Brasileirao Serie A,Corinthians 26/27 GK-Purple Jersey S-4XL7,https://minkang.x.yupoo.com/albums/242880665?uid=1&isSubCate=false&referrercate=680738,https://photo.yupoo.com/minkang/73fbd96c12/large.jpg,4
Brasileirao Serie A,Corinthians 26/27 GK-Purple Jersey S-4XL7,https://minkang.x.yupoo.com/albums/242880665?uid=1&isSubCate=false&referrercate=680738,https://photo.yupoo.com/minkang/fb0f573098/large.jpg,5
Brasileirao Serie A,Corinthians 26/27 GK-Purple Jersey S-4XL7,https://minkang.x.yupoo.com/albums/242880665?uid=1&isSubCate=false&referrercate=680738,https://photo.yupoo.com/minkang/dad84363e2/large.jpg,6
Brasileirao Serie A,Corinthians 26/27 GK-Purple Jersey S-4XL7,https://minkang.x.yupoo.com/albums/242880665?uid=1&isSubCate=false&referrercate=680738,https://photo.yupoo.com/minkang/d0364a2b36/large.jpg,7
Brasileirao Serie A,Corinthians 26/27 GK-Purple Jersey S-4XL7,https://minkang.x.yupoo.com/albums/242880665?uid=1&isSubCate=false&referrercate=680738,https://photo.yupoo.com/minkang/ad6e2b2223/square.jpg,8
Brasileirao Serie A,Corinthians 26/27 GK-Purple Jersey S-4XL7,https://minkang.x.yupoo.com/albums/242880665?uid=1&isSubCate=false&referrercate=680738,https://photo.yupoo.com/minkang/c772cb5716/square.jpg,9
Brasileirao Serie A,Corinthians 26/27 GK-Purple Jersey S-4XL7,https://minkang.x.yupoo.com/albums/242880665?uid=1&isSubCate=false&referrercate=680738,https://photo.yupoo.com/minkang/80f925a99c/square.jpg,10
Brasileirao Serie A,Corinthians 26/27 GK-Purple Jersey S-4XL7,https://minkang.x.yupoo.com/albums/242880665?uid=1&isSubCate=false&referrercate=680738,https://photo.yupoo.com/minkang/73fbd96c12/square.jpg,11
Brasileirao Serie A,Corinthians 26/27 GK-Purple Jersey S-4XL7,https://minkang.x.yupoo.com/albums/242880665?uid=1&isSubCate=false&referrercate=680738,https://photo.yupoo.com/minkang/fb0f573098/square.jpg,12
Brasileirao Serie A,Corinthians 26/27 GK-Purple Jersey S-4XL7,https://minkang.x.yupoo.com/albums/242880665?uid=1&isSubCate=false&referrercate=680738,https://photo.yupoo.com/minkang/dad84363e2/square.jpg,13
Brasileirao Serie A,Corinthians 26/27 GK-Purple Jersey S-4XL7,https://minkang.x.yupoo.com/albums/242880665?uid=1&isSubCate=false&referrercate=680738,https://photo.yupoo.com/minkang/d0364a2b36/square.jpg,14
Brasileirao Serie A,Corinthians 26/27 GK-Grey Jersey S-4XL7,https://minkang.x.yupoo.com/albums/242880621?uid=1&isSubCate=false&referrercate=680738,https://photo.yupoo.com/minkang/d52d96cdf4/large.jpg,1
Brasileirao Serie A,Corinthians 26/27 GK-Grey Jersey S-4XL7,https://minkang.x.yupoo.com/albums/242880621?uid=1&isSubCate=false&referrercate=680738,https://photo.yupoo.com/minkang/18ddd82733/large.jpg,2
Brasileirao Serie A,Corinthians 26/27 GK-Grey Jersey S-4XL7,https://minkang.x.yupoo.com/albums/242880621?uid=1&isSubCate=false&referrercate=680738,https://photo.yupoo.com/minkang/ffe1645f6e/large.jpg,3
Brasileirao Serie A,Corinthians 26/27 GK-Grey Jersey S-4XL7,https://minkang.x.yupoo.com/albums/242880621?uid=1&isSubCate=false&referrercate=680738,https://photo.yupoo.com/minkang/da6531a972/large.jpg,4
Brasileirao Serie A,Corinthians 26/27 GK-Grey Jersey S-4XL7,https://minkang.x.yupoo.com/albums/242880621?uid=1&isSubCate=false&referrercate=680738,https://photo.yupoo.com/minkang/2d2d93b8fc/large.jpg,5
Brasileirao Serie A,Corinthians 26/27 GK-Grey Jersey S-4XL7,https://minkang.x.yupoo.com/albums/242880621?uid=1&isSubCate=false&referrercate=680738,https://photo.yupoo.com/minkang/cf64d4bce1/large.jpg,6
Brasileirao Serie A,Corinthians 26/27 GK-Grey Jersey S-4XL7,https://minkang.x.yupoo.com/albums/242880621?uid=1&isSubCate=false&referrercate=680738,https://photo.yupoo.com/minkang/a887aedcd9/large.jpg,7
Brasileirao Serie A,Corinthians 26/27 GK-Grey Jersey S-4XL7,https://minkang.x.yupoo.com/albums/242880621?uid=1&isSubCate=false&referrercate=680738,https://photo.yupoo.com/minkang/d52d96cdf4/square.jpg,8
Brasileirao Serie A,Corinthians 26/27 GK-Grey Jersey S-4XL7,https://minkang.x.yupoo.com/albums/242880621?uid=1&isSubCate=false&referrercate=680738,https://photo.yupoo.com/minkang/18ddd82733/square.jpg,9
Brasileirao Serie A,Corinthians 26/27 GK-Grey Jersey S-4XL7,https://minkang.x.yupoo.com/albums/242880621?uid=1&isSubCate=false&referrercate=680738,https://photo.yupoo.com/minkang/ffe1645f6e/square.jpg,10
Brasileirao Serie A,Corinthians 26/27 GK-Grey Jersey S-4XL7,https://minkang.x.yupoo.com/albums/242880621?uid=1&isSubCate=false&referrercate=680738,https://photo.yupoo.com/minkang/da6531a972/square.jpg,11
Brasileirao Serie A,Corinthians 26/27 GK-Grey Jersey S-4XL7,https://minkang.x.yupoo.com/albums/242880621?uid=1&isSubCate=false&referrercate=680738,https://photo.yupoo.com/minkang/2d2d93b8fc/square.jpg,12
Brasileirao Serie A,Corinthians 26/27 GK-Grey Jersey S-4XL7,https://minkang.x.yupoo.com/albums/242880621?uid=1&isSubCate=false&referrercate=680738,https://photo.yupoo.com/minkang/cf64d4bce1/square.jpg,13
Brasileirao Serie A,Corinthians 26/27 GK-Grey Jersey S-4XL7,https://minkang.x.yupoo.com/albums/242880621?uid=1&isSubCate=false&referrercate=680738,https://photo.yupoo.com/minkang/a887aedcd9/square.jpg,14
Brasileirao Serie A,Corinthians 26/27 Away Kids Kit Jersey Size 16-2810,https://minkang.x.yupoo.com/albums/242880528?uid=1&isSubCate=false&referrercate=680738,https://photo.yupoo.com/minkang/7049140c04/large.jpg,1
Brasileirao Serie A,Corinthians 26/27 Away Kids Kit Jersey Size 16-2810,https://minkang.x.yupoo.com/albums/242880528?uid=1&isSubCate=false&referrercate=680738,https://photo.yupoo.com/minkang/d6a8cc325b/large.jpg,2
Brasileirao Serie A,Corinthians 26/27 Away Kids Kit Jersey Size 16-2810,https://minkang.x.yupoo.com/albums/242880528?uid=1&isSubCate=false&referrercate=680738,https://photo.yupoo.com/minkang/71e15eb43e/large.jpg,3
Brasileirao Serie A,Corinthians 26/27 Away Kids Kit Jersey Size 16-2810,https://minkang.x.yupoo.com/albums/242880528?uid=1&isSubCate=false&referrercate=680738,https://photo.yupoo.com/minkang/cfeb8b3069/large.jpg,4
Brasileirao Serie A,Corinthians 26/27 Away Kids Kit Jersey Size 16-2810,https://minkang.x.yupoo.com/albums/242880528?uid=1&isSubCate=false&referrercate=680738,https://photo.yupoo.com/minkang/6d12a73d27/large.jpg,5
Brasileirao Serie A,Corinthians 26/27 Away Kids Kit Jersey Size 16-2810,https://minkang.x.yupoo.com/albums/242880528?uid=1&isSubCate=false&referrercate=680738,https://photo.yupoo.com/minkang/bb5ecdf32a/large.jpg,6
Brasileirao Serie A,Corinthians 26/27 Away Kids Kit Jersey Size 16-2810,https://minkang.x.yupoo.com/albums/242880528?uid=1&isSubCate=false&referrercate=680738,https://photo.yupoo.com/minkang/26695ca2b5/large.jpg,7
Brasileirao Serie A,Corinthians 26/27 Away Kids Kit Jersey Size 16-2810,https://minkang.x.yupoo.com/albums/242880528?uid=1&isSubCate=false&referrercate=680738,https://photo.yupoo.com/minkang/82fe317cbe/large.jpg,8
Brasileirao Serie A,Corinthians 26/27 Away Kids Kit Jersey Size 16-2810,https://minkang.x.yupoo.com/albums/242880528?uid=1&isSubCate=false&referrercate=680738,https://photo.yupoo.com/minkang/7b6323499b/large.jpg,9
Brasileirao Serie A,Corinthians 26/27 Away Kids Kit Jersey Size 16-2810,https://minkang.x.yupoo.com/albums/242880528?uid=1&isSubCate=false&referrercate=680738,https://photo.yupoo.com/minkang/3333a68e7e/large.jpg,10
Brasileirao Serie A,Corinthians 26/27 Away Kids Kit Jersey Size 16-2810,https://minkang.x.yupoo.com/albums/242880528?uid=1&isSubCate=false&referrercate=680738,https://photo.yupoo.com/minkang/d6a8cc325b/square.jpg,11
Brasileirao Serie A,Corinthians 26/27 Away Kids Kit Jersey Size 16-2810,https://minkang.x.yupoo.com/albums/242880528?uid=1&isSubCate=false&referrercate=680738,https://photo.yupoo.com/minkang/7049140c04/square.jpg,12
Brasileirao Serie A,Corinthians 26/27 Away Kids Kit Jersey Size 16-2810,https://minkang.x.yupoo.com/albums/242880528?uid=1&isSubCate=false&referrercate=680738,https://photo.yupoo.com/minkang/71e15eb43e/square.jpg,13
Brasileirao Serie A,Corinthians 26/27 Away Kids Kit Jersey Size 16-2810,https://minkang.x.yupoo.com/albums/242880528?uid=1&isSubCate=false&referrercate=680738,https://photo.yupoo.com/minkang/cfeb8b3069/square.jpg,14
Brasileirao Serie A,Corinthians 26/27 Away Kids Kit Jersey Size 16-2810,https://minkang.x.yupoo.com/albums/242880528?uid=1&isSubCate=false&referrercate=680738,https://photo.yupoo.com/minkang/6d12a73d27/square.jpg,15
Brasileirao Serie A,Corinthians 26/27 Away Kids Kit Jersey Size 16-2810,https://minkang.x.yupoo.com/albums/242880528?uid=1&isSubCate=false&referrercate=680738,https://photo.yupoo.com/minkang/bb5ecdf32a/square.jpg,16
Brasileirao Serie A,Corinthians 26/27 Away Kids Kit Jersey Size 16-2810,https://minkang.x.yupoo.com/albums/242880528?uid=1&isSubCate=false&referrercate=680738,https://photo.yupoo.com/minkang/26695ca2b5/square.jpg,17
Brasileirao Serie A,Corinthians 26/27 Away Kids Kit Jersey Size 16-2810,https://minkang.x.yupoo.com/albums/242880528?uid=1&isSubCate=false&referrercate=680738,https://photo.yupoo.com/minkang/82fe317cbe/square.jpg,18
Brasileirao Serie A,Corinthians 26/27 Away Kids Kit Jersey Size 16-2810,https://minkang.x.yupoo.com/albums/242880528?uid=1&isSubCate=false&referrercate=680738,https://photo.yupoo.com/minkang/7b6323499b/square.jpg,19
Brasileirao Serie A,Corinthians 26/27 Away Kids Kit Jersey Size 16-2810,https://minkang.x.yupoo.com/albums/242880528?uid=1&isSubCate=false&referrercate=680738,https://photo.yupoo.com/minkang/3333a68e7e/square.jpg,20
Brasileirao Serie A,Flamengo 26/27 Special Edition Women's- Yellow Jersey S-XXL6,https://minkang.x.yupoo.com/albums/242880452?uid=1&isSubCate=false&referrercate=680738,https://photo.yupoo.com/minkang/069a47656b/large.jpg,1
Brasileirao Serie A,Flamengo 26/27 Special Edition Women's- Yellow Jersey S-XXL6,https://minkang.x.yupoo.com/albums/242880452?uid=1&isSubCate=false&referrercate=680738,https://photo.yupoo.com/minkang/d5b673babd/large.jpg,2
Brasileirao Serie A,Flamengo 26/27 Special Edition Women's- Yellow Jersey S-XXL6,https://minkang.x.yupoo.com/albums/242880452?uid=1&isSubCate=false&referrercate=680738,https://photo.yupoo.com/minkang/1c0c576b5b/large.jpg,3
Brasileirao Serie A,Flamengo 26/27 Special Edition Women's- Yellow Jersey S-XXL6,https://minkang.x.yupoo.com/albums/242880452?uid=1&isSubCate=false&referrercate=680738,https://photo.yupoo.com/minkang/1d45dcd721/large.jpg,4
Brasileirao Serie A,Flamengo 26/27 Special Edition Women's- Yellow Jersey S-XXL6,https://minkang.x.yupoo.com/albums/242880452?uid=1&isSubCate=false&referrercate=680738,https://photo.yupoo.com/minkang/5c38753b96/large.jpg,5
Brasileirao Serie A,Flamengo 26/27 Special Edition Women's- Yellow Jersey S-XXL6,https://minkang.x.yupoo.com/albums/242880452?uid=1&isSubCate=false&referrercate=680738,https://photo.yupoo.com/minkang/b340a30919/large.jpg,6
Brasileirao Serie A,Flamengo 26/27 Special Edition Women's- Yellow Jersey S-XXL6,https://minkang.x.yupoo.com/albums/242880452?uid=1&isSubCate=false&referrercate=680738,https://photo.yupoo.com/minkang/069a47656b/square.jpg,7
Brasileirao Serie A,Flamengo 26/27 Special Edition Women's- Yellow Jersey S-XXL6,https://minkang.x.yupoo.com/albums/242880452?uid=1&isSubCate=false&referrercate=680738,https://photo.yupoo.com/minkang/d5b673babd/square.jpg,8
Brasileirao Serie A,Flamengo 26/27 Special Edition Women's- Yellow Jersey S-XXL6,https://minkang.x.yupoo.com/albums/242880452?uid=1&isSubCate=false&referrercate=680738,https://photo.yupoo.com/minkang/1c0c576b5b/square.jpg,9
Brasileirao Serie A,Flamengo 26/27 Special Edition Women's- Yellow Jersey S-XXL6,https://minkang.x.yupoo.com/albums/242880452?uid=1&isSubCate=false&referrercate=680738,https://photo.yupoo.com/minkang/1d45dcd721/square.jpg,10
Brasileirao Serie A,Flamengo 26/27 Special Edition Women's- Yellow Jersey S-XXL6,https://minkang.x.yupoo.com/albums/242880452?uid=1&isSubCate=false&referrercate=680738,https://photo.yupoo.com/minkang/5c38753b96/square.jpg,11
Brasileirao Serie A,Flamengo 26/27 Special Edition Women's- Yellow Jersey S-XXL6,https://minkang.x.yupoo.com/albums/242880452?uid=1&isSubCate=false&referrercate=680738,https://photo.yupoo.com/minkang/b340a30919/square.jpg,12
Brasileirao Serie A,Flamengo 26/27 Special Edition - Yellow Jersey S-4XL6,https://minkang.x.yupoo.com/albums/242880406?uid=1&isSubCate=false&referrercate=680738,https://photo.yupoo.com/minkang/f5e7a839bb/large.jpg,1
Brasileirao Serie A,Flamengo 26/27 Special Edition - Yellow Jersey S-4XL6,https://minkang.x.yupoo.com/albums/242880406?uid=1&isSubCate=false&referrercate=680738,https://photo.yupoo.com/minkang/512f194a96/large.jpg,2
Brasileirao Serie A,Flamengo 26/27 Special Edition - Yellow Jersey S-4XL6,https://minkang.x.yupoo.com/albums/242880406?uid=1&isSubCate=false&referrercate=680738,https://photo.yupoo.com/minkang/9f6e3e1e45/large.jpg,3
Brasileirao Serie A,Flamengo 26/27 Special Edition - Yellow Jersey S-4XL6,https://minkang.x.yupoo.com/albums/242880406?uid=1&isSubCate=false&referrercate=680738,https://photo.yupoo.com/minkang/1040f73d35/large.jpg,4
Brasileirao Serie A,Flamengo 26/27 Special Edition - Yellow Jersey S-4XL6,https://minkang.x.yupoo.com/albums/242880406?uid=1&isSubCate=false&referrercate=680738,https://photo.yupoo.com/minkang/ba473f5cc2/large.jpg,5
Brasileirao Serie A,Flamengo 26/27 Special Edition - Yellow Jersey S-4XL6,https://minkang.x.yupoo.com/albums/242880406?uid=1&isSubCate=false&referrercate=680738,https://photo.yupoo.com/minkang/ff2c31ba59/large.jpg,6
Brasileirao Serie A,Flamengo 26/27 Special Edition - Yellow Jersey S-4XL6,https://minkang.x.yupoo.com/albums/242880406?uid=1&isSubCate=false&referrercate=680738,https://photo.yupoo.com/minkang/f5e7a839bb/square.jpg,7
Brasileirao Serie A,Flamengo 26/27 Special Edition - Yellow Jersey S-4XL6,https://minkang.x.yupoo.com/albums/242880406?uid=1&isSubCate=false&referrercate=680738,https://photo.yupoo.com/minkang/512f194a96/square.jpg,8
Brasileirao Serie A,Flamengo 26/27 Special Edition - Yellow Jersey S-4XL6,https://minkang.x.yupoo.com/albums/242880406?uid=1&isSubCate=false&referrercate=680738,https://photo.yupoo.com/minkang/9f6e3e1e45/square.jpg,9
Brasileirao Serie A,Flamengo 26/27 Special Edition - Yellow Jersey S-4XL6,https://minkang.x.yupoo.com/albums/242880406?uid=1&isSubCate=false&referrercate=680738,https://photo.yupoo.com/minkang/1040f73d35/square.jpg,10
Brasileirao Serie A,Flamengo 26/27 Special Edition - Yellow Jersey S-4XL6,https://minkang.x.yupoo.com/albums/242880406?uid=1&isSubCate=false&referrercate=680738,https://photo.yupoo.com/minkang/ba473f5cc2/square.jpg,11
Brasileirao Serie A,Flamengo 26/27 Special Edition - Yellow Jersey S-4XL6,https://minkang.x.yupoo.com/albums/242880406?uid=1&isSubCate=false&referrercate=680738,https://photo.yupoo.com/minkang/ff2c31ba59/square.jpg,12
Brasileirao Serie A,Vitória 26/27 Home Womens Jersey S-XXL6,https://minkang.x.yupoo.com/albums/242210968?uid=1&isSubCate=false&referrercate=680738,https://photo.yupoo.com/minkang/32e859fbe2/large.jpg,1
Brasileirao Serie A,Vitória 26/27 Home Womens Jersey S-XXL6,https://minkang.x.yupoo.com/albums/242210968?uid=1&isSubCate=false&referrercate=680738,https://photo.yupoo.com/minkang/cb1abc7c77/large.jpg,2
Brasileirao Serie A,Vitória 26/27 Home Womens Jersey S-XXL6,https://minkang.x.yupoo.com/albums/242210968?uid=1&isSubCate=false&referrercate=680738,https://photo.yupoo.com/minkang/d62f05c8cc/large.jpg,3
Brasileirao Serie A,Vitória 26/27 Home Womens Jersey S-XXL6,https://minkang.x.yupoo.com/albums/242210968?uid=1&isSubCate=false&referrercate=680738,https://photo.yupoo.com/minkang/75e9ed0175/large.jpg,4
Brasileirao Serie A,Vitória 26/27 Home Womens Jersey S-XXL6,https://minkang.x.yupoo.com/albums/242210968?uid=1&isSubCate=false&referrercate=680738,https://photo.yupoo.com/minkang/a71df6a1db/large.jpg,5
Brasileirao Serie A,Vitória 26/27 Home Womens Jersey S-XXL6,https://minkang.x.yupoo.com/albums/242210968?uid=1&isSubCate=false&referrercate=680738,https://photo.yupoo.com/minkang/9b44020c88/large.jpg,6
Brasileirao Serie A,Vitória 26/27 Home Womens Jersey S-XXL6,https://minkang.x.yupoo.com/albums/242210968?uid=1&isSubCate=false&referrercate=680738,https://photo.yupoo.com/minkang/cb1abc7c77/square.jpg,7
Brasileirao Serie A,Vitória 26/27 Home Womens Jersey S-XXL6,https://minkang.x.yupoo.com/albums/242210968?uid=1&isSubCate=false&referrercate=680738,https://photo.yupoo.com/minkang/32e859fbe2/square.jpg,8
Brasileirao Serie A,Vitória 26/27 Home Womens Jersey S-XXL6,https://minkang.x.yupoo.com/albums/242210968?uid=1&isSubCate=false&referrercate=680738,https://photo.yupoo.com/minkang/d62f05c8cc/square.jpg,9
Brasileirao Serie A,Vitória 26/27 Home Womens Jersey S-XXL6,https://minkang.x.yupoo.com/albums/242210968?uid=1&isSubCate=false&referrercate=680738,https://photo.yupoo.com/minkang/75e9ed0175/square.jpg,10
Brasileirao Serie A,Vitória 26/27 Home Womens Jersey S-XXL6,https://minkang.x.yupoo.com/albums/242210968?uid=1&isSubCate=false&referrercate=680738,https://photo.yupoo.com/minkang/a71df6a1db/square.jpg,11
Brasileirao Serie A,Vitória 26/27 Home Womens Jersey S-XXL6,https://minkang.x.yupoo.com/albums/242210968?uid=1&isSubCate=false&referrercate=680738,https://photo.yupoo.com/minkang/9b44020c88/square.jpg,12
Brasileirao Serie A,Paysandu 26/27 Away Womens Jersey S-XXL7,https://minkang.x.yupoo.com/albums/242210777?uid=1&isSubCate=false&referrercate=680738,https://photo.yupoo.com/minkang/d5536341e8/large.jpg,1
Brasileirao Serie A,Paysandu 26/27 Away Womens Jersey S-XXL7,https://minkang.x.yupoo.com/albums/242210777?uid=1&isSubCate=false&referrercate=680738,https://photo.yupoo.com/minkang/7dce5d177c/large.jpg,2
Brasileirao Serie A,Paysandu 26/27 Away Womens Jersey S-XXL7,https://minkang.x.yupoo.com/albums/242210777?uid=1&isSubCate=false&referrercate=680738,https://photo.yupoo.com/minkang/a6ff5558ee/large.jpg,3
Brasileirao Serie A,Paysandu 26/27 Away Womens Jersey S-XXL7,https://minkang.x.yupoo.com/albums/242210777?uid=1&isSubCate=false&referrercate=680738,https://photo.yupoo.com/minkang/1792f46845/large.jpg,4
Brasileirao Serie A,Paysandu 26/27 Away Womens Jersey S-XXL7,https://minkang.x.yupoo.com/albums/242210777?uid=1&isSubCate=false&referrercate=680738,https://photo.yupoo.com/minkang/78fc81c7e0/large.jpg,5
Brasileirao Serie A,Paysandu 26/27 Away Womens Jersey S-XXL7,https://minkang.x.yupoo.com/albums/242210777?uid=1&isSubCate=false&referrercate=680738,https://photo.yupoo.com/minkang/272733b182/large.jpg,6
Brasileirao Serie A,Paysandu 26/27 Away Womens Jersey S-XXL7,https://minkang.x.yupoo.com/albums/242210777?uid=1&isSubCate=false&referrercate=680738,https://photo.yupoo.com/minkang/c9975ffb0b/large.jpg,7
Brasileirao Serie A,Paysandu 26/27 Away Womens Jersey S-XXL7,https://minkang.x.yupoo.com/albums/242210777?uid=1&isSubCate=false&referrercate=680738,https://photo.yupoo.com/minkang/7dce5d177c/square.jpg,8
Brasileirao Serie A,Paysandu 26/27 Away Womens Jersey S-XXL7,https://minkang.x.yupoo.com/albums/242210777?uid=1&isSubCate=false&referrercate=680738,https://photo.yupoo.com/minkang/d5536341e8/square.jpg,9
Brasileirao Serie A,Paysandu 26/27 Away Womens Jersey S-XXL7,https://minkang.x.yupoo.com/albums/242210777?uid=1&isSubCate=false&referrercate=680738,https://photo.yupoo.com/minkang/a6ff5558ee/square.jpg,10
Brasileirao Serie A,Paysandu 26/27 Away Womens Jersey S-XXL7,https://minkang.x.yupoo.com/albums/242210777?uid=1&isSubCate=false&referrercate=680738,https://photo.yupoo.com/minkang/1792f46845/square.jpg,11
Brasileirao Serie A,Paysandu 26/27 Away Womens Jersey S-XXL7,https://minkang.x.yupoo.com/albums/242210777?uid=1&isSubCate=false&referrercate=680738,https://photo.yupoo.com/minkang/78fc81c7e0/square.jpg,12
Brasileirao Serie A,Paysandu 26/27 Away Womens Jersey S-XXL7,https://minkang.x.yupoo.com/albums/242210777?uid=1&isSubCate=false&referrercate=680738,https://photo.yupoo.com/minkang/272733b182/square.jpg,13
Brasileirao Serie A,Paysandu 26/27 Away Womens Jersey S-XXL7,https://minkang.x.yupoo.com/albums/242210777?uid=1&isSubCate=false&referrercate=680738,https://photo.yupoo.com/minkang/c9975ffb0b/square.jpg,14
Brasileirao Serie A,Paysandu 26/27 Away Jersey S-4XL7,https://minkang.x.yupoo.com/albums/242210694?uid=1&isSubCate=false&referrercate=680738,https://photo.yupoo.com/minkang/4b3fea9390/large.jpg,1
Brasileirao Serie A,Paysandu 26/27 Away Jersey S-4XL7,https://minkang.x.yupoo.com/albums/242210694?uid=1&isSubCate=false&referrercate=680738,https://photo.yupoo.com/minkang/958f1d4c6d/large.jpg,2
Brasileirao Serie A,Paysandu 26/27 Away Jersey S-4XL7,https://minkang.x.yupoo.com/albums/242210694?uid=1&isSubCate=false&referrercate=680738,https://photo.yupoo.com/minkang/6141523b41/large.jpg,3
Brasileirao Serie A,Paysandu 26/27 Away Jersey S-4XL7,https://minkang.x.yupoo.com/albums/242210694?uid=1&isSubCate=false&referrercate=680738,https://photo.yupoo.com/minkang/a2952534bd/large.jpg,4
Brasileirao Serie A,Paysandu 26/27 Away Jersey S-4XL7,https://minkang.x.yupoo.com/albums/242210694?uid=1&isSubCate=false&referrercate=680738,https://photo.yupoo.com/minkang/bea234f0cd/large.jpg,5
Brasileirao Serie A,Paysandu 26/27 Away Jersey S-4XL7,https://minkang.x.yupoo.com/albums/242210694?uid=1&isSubCate=false&referrercate=680738,https://photo.yupoo.com/minkang/61be95fb5e/large.jpg,6
Brasileirao Serie A,Paysandu 26/27 Away Jersey S-4XL7,https://minkang.x.yupoo.com/albums/242210694?uid=1&isSubCate=false&referrercate=680738,https://photo.yupoo.com/minkang/e2dfa23176/large.jpg,7
Brasileirao Serie A,Paysandu 26/27 Away Jersey S-4XL7,https://minkang.x.yupoo.com/albums/242210694?uid=1&isSubCate=false&referrercate=680738,https://photo.yupoo.com/minkang/958f1d4c6d/square.jpg,8
Brasileirao Serie A,Paysandu 26/27 Away Jersey S-4XL7,https://minkang.x.yupoo.com/albums/242210694?uid=1&isSubCate=false&referrercate=680738,https://photo.yupoo.com/minkang/4b3fea9390/square.jpg,9
Brasileirao Serie A,Paysandu 26/27 Away Jersey S-4XL7,https://minkang.x.yupoo.com/albums/242210694?uid=1&isSubCate=false&referrercate=680738,https://photo.yupoo.com/minkang/6141523b41/square.jpg,10
Brasileirao Serie A,Paysandu 26/27 Away Jersey S-4XL7,https://minkang.x.yupoo.com/albums/242210694?uid=1&isSubCate=false&referrercate=680738,https://photo.yupoo.com/minkang/a2952534bd/square.jpg,11
Brasileirao Serie A,Paysandu 26/27 Away Jersey S-4XL7,https://minkang.x.yupoo.com/albums/242210694?uid=1&isSubCate=false&referrercate=680738,https://photo.yupoo.com/minkang/bea234f0cd/square.jpg,12
Brasileirao Serie A,Paysandu 26/27 Away Jersey S-4XL7,https://minkang.x.yupoo.com/albums/242210694?uid=1&isSubCate=false&referrercate=680738,https://photo.yupoo.com/minkang/61be95fb5e/square.jpg,13
Brasileirao Serie A,Paysandu 26/27 Away Jersey S-4XL7,https://minkang.x.yupoo.com/albums/242210694?uid=1&isSubCate=false&referrercate=680738,https://photo.yupoo.com/minkang/e2dfa23176/square.jpg,14
Brasileirao Serie A,Palmeiras 26/27 GK Special Edition Jersey S-4XL7,https://minkang.x.yupoo.com/albums/242209461?uid=1&isSubCate=false&referrercate=680738,https://photo.yupoo.com/minkang/c1c1972df0/large.jpg,1
Brasileirao Serie A,Palmeiras 26/27 GK Special Edition Jersey S-4XL7,https://minkang.x.yupoo.com/albums/242209461?uid=1&isSubCate=false&referrercate=680738,https://photo.yupoo.com/minkang/c92cd45b33/large.jpg,2
Brasileirao Serie A,Palmeiras 26/27 GK Special Edition Jersey S-4XL7,https://minkang.x.yupoo.com/albums/242209461?uid=1&isSubCate=false&referrercate=680738,https://photo.yupoo.com/minkang/696efe00c2/large.jpg,3
Brasileirao Serie A,Palmeiras 26/27 GK Special Edition Jersey S-4XL7,https://minkang.x.yupoo.com/albums/242209461?uid=1&isSubCate=false&referrercate=680738,https://photo.yupoo.com/minkang/17e7cd5bed/large.jpg,4
Brasileirao Serie A,Palmeiras 26/27 GK Special Edition Jersey S-4XL7,https://minkang.x.yupoo.com/albums/242209461?uid=1&isSubCate=false&referrercate=680738,https://photo.yupoo.com/minkang/e5d973ab8d/large.jpg,5
Brasileirao Serie A,Palmeiras 26/27 GK Special Edition Jersey S-4XL7,https://minkang.x.yupoo.com/albums/242209461?uid=1&isSubCate=false&referrercate=680738,https://photo.yupoo.com/minkang/edd3a5ff3f/large.jpg,6
Brasileirao Serie A,Palmeiras 26/27 GK Special Edition Jersey S-4XL7,https://minkang.x.yupoo.com/albums/242209461?uid=1&isSubCate=false&referrercate=680738,https://photo.yupoo.com/minkang/53ab115b67/large.jpg,7
Brasileirao Serie A,Palmeiras 26/27 GK Special Edition Jersey S-4XL7,https://minkang.x.yupoo.com/albums/242209461?uid=1&isSubCate=false&referrercate=680738,https://photo.yupoo.com/minkang/c92cd45b33/square.jpg,8
Brasileirao Serie A,Palmeiras 26/27 GK Special Edition Jersey S-4XL7,https://minkang.x.yupoo.com/albums/242209461?uid=1&isSubCate=false&referrercate=680738,https://photo.yupoo.com/minkang/c1c1972df0/square.jpg,9
Brasileirao Serie A,Palmeiras 26/27 GK Special Edition Jersey S-4XL7,https://minkang.x.yupoo.com/albums/242209461?uid=1&isSubCate=false&referrercate=680738,https://photo.yupoo.com/minkang/696efe00c2/square.jpg,10
Brasileirao Serie A,Palmeiras 26/27 GK Special Edition Jersey S-4XL7,https://minkang.x.yupoo.com/albums/242209461?uid=1&isSubCate=false&referrercate=680738,https://photo.yupoo.com/minkang/17e7cd5bed/square.jpg,11
Brasileirao Serie A,Palmeiras 26/27 GK Special Edition Jersey S-4XL7,https://minkang.x.yupoo.com/albums/242209461?uid=1&isSubCate=false&referrercate=680738,https://photo.yupoo.com/minkang/e5d973ab8d/square.jpg,12
Brasileirao Serie A,Palmeiras 26/27 GK Special Edition Jersey S-4XL7,https://minkang.x.yupoo.com/albums/242209461?uid=1&isSubCate=false&referrercate=680738,https://photo.yupoo.com/minkang/edd3a5ff3f/square.jpg,13
Brasileirao Serie A,Palmeiras 26/27 GK Special Edition Jersey S-4XL7,https://minkang.x.yupoo.com/albums/242209461?uid=1&isSubCate=false&referrercate=680738,https://photo.yupoo.com/minkang/53ab115b67/square.jpg,14
Brasileirao Serie A,Internacional 26/27 Vest Training - Red S-4XL6,https://minkang.x.yupoo.com/albums/242208729?uid=1&isSubCate=false&referrercate=680738,https://photo.yupoo.com/minkang/ce8599e32a/large.jpg,1
Brasileirao Serie A,Internacional 26/27 Vest Training - Red S-4XL6,https://minkang.x.yupoo.com/albums/242208729?uid=1&isSubCate=false&referrercate=680738,https://photo.yupoo.com/minkang/b2d8d83516/large.jpg,2
Brasileirao Serie A,Internacional 26/27 Vest Training - Red S-4XL6,https://minkang.x.yupoo.com/albums/242208729?uid=1&isSubCate=false&referrercate=680738,https://photo.yupoo.com/minkang/f00202d854/large.jpg,3
Brasileirao Serie A,Internacional 26/27 Vest Training - Red S-4XL6,https://minkang.x.yupoo.com/albums/242208729?uid=1&isSubCate=false&referrercate=680738,https://photo.yupoo.com/minkang/beacd22330/large.jpg,4
Brasileirao Serie A,Internacional 26/27 Vest Training - Red S-4XL6,https://minkang.x.yupoo.com/albums/242208729?uid=1&isSubCate=false&referrercate=680738,https://photo.yupoo.com/minkang/e8ac8655f4/large.jpg,5
Brasileirao Serie A,Internacional 26/27 Vest Training - Red S-4XL6,https://minkang.x.yupoo.com/albums/242208729?uid=1&isSubCate=false&referrercate=680738,https://photo.yupoo.com/minkang/92d5a9f26d/large.jpg,6
Brasileirao Serie A,Internacional 26/27 Vest Training - Red S-4XL6,https://minkang.x.yupoo.com/albums/242208729?uid=1&isSubCate=false&referrercate=680738,https://photo.yupoo.com/minkang/b2d8d83516/square.jpg,7
Brasileirao Serie A,Internacional 26/27 Vest Training - Red S-4XL6,https://minkang.x.yupoo.com/albums/242208729?uid=1&isSubCate=false&referrercate=680738,https://photo.yupoo.com/minkang/ce8599e32a/square.jpg,8
Brasileirao Serie A,Internacional 26/27 Vest Training - Red S-4XL6,https://minkang.x.yupoo.com/albums/242208729?uid=1&isSubCate=false&referrercate=680738,https://photo.yupoo.com/minkang/f00202d854/square.jpg,9
Brasileirao Serie A,Internacional 26/27 Vest Training - Red S-4XL6,https://minkang.x.yupoo.com/albums/242208729?uid=1&isSubCate=false&referrercate=680738,https://photo.yupoo.com/minkang/beacd22330/square.jpg,10
Brasileirao Serie A,Internacional 26/27 Vest Training - Red S-4XL6,https://minkang.x.yupoo.com/albums/242208729?uid=1&isSubCate=false&referrercate=680738,https://photo.yupoo.com/minkang/e8ac8655f4/square.jpg,11
Brasileirao Serie A,Internacional 26/27 Vest Training - Red S-4XL6,https://minkang.x.yupoo.com/albums/242208729?uid=1&isSubCate=false&referrercate=680738,https://photo.yupoo.com/minkang/92d5a9f26d/square.jpg,12
Brasileirao Serie A,Internacional 26/27 Away Womens Jersey S-XXL8,https://minkang.x.yupoo.com/albums/242208668?uid=1&isSubCate=false&referrercate=680738,https://photo.yupoo.com/minkang/c1a0f9c4f7/large.jpg,1
Brasileirao Serie A,Internacional 26/27 Away Womens Jersey S-XXL8,https://minkang.x.yupoo.com/albums/242208668?uid=1&isSubCate=false&referrercate=680738,https://photo.yupoo.com/minkang/c2bd00fa64/large.jpg,2
Brasileirao Serie A,Internacional 26/27 Away Womens Jersey S-XXL8,https://minkang.x.yupoo.com/albums/242208668?uid=1&isSubCate=false&referrercate=680738,https://photo.yupoo.com/minkang/abbdb2d6a6/large.jpg,3
Brasileirao Serie A,Internacional 26/27 Away Womens Jersey S-XXL8,https://minkang.x.yupoo.com/albums/242208668?uid=1&isSubCate=false&referrercate=680738,https://photo.yupoo.com/minkang/19a7397fe7/large.jpg,4
Brasileirao Serie A,Internacional 26/27 Away Womens Jersey S-XXL8,https://minkang.x.yupoo.com/albums/242208668?uid=1&isSubCate=false&referrercate=680738,https://photo.yupoo.com/minkang/fdfa1a1f14/large.jpg,5
Brasileirao Serie A,Internacional 26/27 Away Womens Jersey S-XXL8,https://minkang.x.yupoo.com/albums/242208668?uid=1&isSubCate=false&referrercate=680738,https://photo.yupoo.com/minkang/8822969008/large.jpg,6
Brasileirao Serie A,Internacional 26/27 Away Womens Jersey S-XXL8,https://minkang.x.yupoo.com/albums/242208668?uid=1&isSubCate=false&referrercate=680738,https://photo.yupoo.com/minkang/019e7d6b58/large.jpg,7
Brasileirao Serie A,Internacional 26/27 Away Womens Jersey S-XXL8,https://minkang.x.yupoo.com/albums/242208668?uid=1&isSubCate=false&referrercate=680738,https://photo.yupoo.com/minkang/a137b62019/large.jpg,8
Brasileirao Serie A,Internacional 26/27 Away Womens Jersey S-XXL8,https://minkang.x.yupoo.com/albums/242208668?uid=1&isSubCate=false&referrercate=680738,https://photo.yupoo.com/minkang/c2bd00fa64/square.jpg,9
Brasileirao Serie A,Internacional 26/27 Away Womens Jersey S-XXL8,https://minkang.x.yupoo.com/albums/242208668?uid=1&isSubCate=false&referrercate=680738,https://photo.yupoo.com/minkang/c1a0f9c4f7/square.jpg,10
Brasileirao Serie A,Internacional 26/27 Away Womens Jersey S-XXL8,https://minkang.x.yupoo.com/albums/242208668?uid=1&isSubCate=false&referrercate=680738,https://photo.yupoo.com/minkang/abbdb2d6a6/square.jpg,11
Brasileirao Serie A,Internacional 26/27 Away Womens Jersey S-XXL8,https://minkang.x.yupoo.com/albums/242208668?uid=1&isSubCate=false&referrercate=680738,https://photo.yupoo.com/minkang/19a7397fe7/square.jpg,12
Brasileirao Serie A,Internacional 26/27 Away Womens Jersey S-XXL8,https://minkang.x.yupoo.com/albums/242208668?uid=1&isSubCate=false&referrercate=680738,https://photo.yupoo.com/minkang/fdfa1a1f14/square.jpg,13
Brasileirao Serie A,Internacional 26/27 Away Womens Jersey S-XXL8,https://minkang.x.yupoo.com/albums/242208668?uid=1&isSubCate=false&referrercate=680738,https://photo.yupoo.com/minkang/8822969008/square.jpg,14
Brasileirao Serie A,Internacional 26/27 Away Womens Jersey S-XXL8,https://minkang.x.yupoo.com/albums/242208668?uid=1&isSubCate=false&referrercate=680738,https://photo.yupoo.com/minkang/019e7d6b58/square.jpg,15
Brasileirao Serie A,Internacional 26/27 Away Womens Jersey S-XXL8,https://minkang.x.yupoo.com/albums/242208668?uid=1&isSubCate=false&referrercate=680738,https://photo.yupoo.com/minkang/a137b62019/square.jpg,16
Brasileirao Serie A,Internacional 26/27 Away Jersey S-4XL8,https://minkang.x.yupoo.com/albums/242208573?uid=1&isSubCate=false&referrercate=680738,https://photo.yupoo.com/minkang/34ff1e41e9/large.jpg,1
Brasileirao Serie A,Internacional 26/27 Away Jersey S-4XL8,https://minkang.x.yupoo.com/albums/242208573?uid=1&isSubCate=false&referrercate=680738,https://photo.yupoo.com/minkang/69e2fec5eb/large.jpg,2
Brasileirao Serie A,Internacional 26/27 Away Jersey S-4XL8,https://minkang.x.yupoo.com/albums/242208573?uid=1&isSubCate=false&referrercate=680738,https://photo.yupoo.com/minkang/61d68817ff/large.jpg,3
Brasileirao Serie A,Internacional 26/27 Away Jersey S-4XL8,https://minkang.x.yupoo.com/albums/242208573?uid=1&isSubCate=false&referrercate=680738,https://photo.yupoo.com/minkang/e108c25acf/large.jpg,4
Brasileirao Serie A,Internacional 26/27 Away Jersey S-4XL8,https://minkang.x.yupoo.com/albums/242208573?uid=1&isSubCate=false&referrercate=680738,https://photo.yupoo.com/minkang/2fc1ec5236/large.jpg,5
Brasileirao Serie A,Internacional 26/27 Away Jersey S-4XL8,https://minkang.x.yupoo.com/albums/242208573?uid=1&isSubCate=false&referrercate=680738,https://photo.yupoo.com/minkang/ea2326f159/large.jpg,6
Brasileirao Serie A,Internacional 26/27 Away Jersey S-4XL8,https://minkang.x.yupoo.com/albums/242208573?uid=1&isSubCate=false&referrercate=680738,https://photo.yupoo.com/minkang/ae1d341be3/large.jpg,7
Brasileirao Serie A,Internacional 26/27 Away Jersey S-4XL8,https://minkang.x.yupoo.com/albums/242208573?uid=1&isSubCate=false&referrercate=680738,https://photo.yupoo.com/minkang/ba01f71c17/large.jpg,8
Brasileirao Serie A,Internacional 26/27 Away Jersey S-4XL8,https://minkang.x.yupoo.com/albums/242208573?uid=1&isSubCate=false&referrercate=680738,https://photo.yupoo.com/minkang/69e2fec5eb/square.jpg,9
Brasileirao Serie A,Internacional 26/27 Away Jersey S-4XL8,https://minkang.x.yupoo.com/albums/242208573?uid=1&isSubCate=false&referrercate=680738,https://photo.yupoo.com/minkang/34ff1e41e9/square.jpg,10
Brasileirao Serie A,Internacional 26/27 Away Jersey S-4XL8,https://minkang.x.yupoo.com/albums/242208573?uid=1&isSubCate=false&referrercate=680738,https://photo.yupoo.com/minkang/61d68817ff/square.jpg,11
Brasileirao Serie A,Internacional 26/27 Away Jersey S-4XL8,https://minkang.x.yupoo.com/albums/242208573?uid=1&isSubCate=false&referrercate=680738,https://photo.yupoo.com/minkang/e108c25acf/square.jpg,12
Brasileirao Serie A,Internacional 26/27 Away Jersey S-4XL8,https://minkang.x.yupoo.com/albums/242208573?uid=1&isSubCate=false&referrercate=680738,https://photo.yupoo.com/minkang/2fc1ec5236/square.jpg,13
Brasileirao Serie A,Internacional 26/27 Away Jersey S-4XL8,https://minkang.x.yupoo.com/albums/242208573?uid=1&isSubCate=false&referrercate=680738,https://photo.yupoo.com/minkang/ea2326f159/square.jpg,14
Brasileirao Serie A,Internacional 26/27 Away Jersey S-4XL8,https://minkang.x.yupoo.com/albums/242208573?uid=1&isSubCate=false&referrercate=680738,https://photo.yupoo.com/minkang/ae1d341be3/square.jpg,15
Brasileirao Serie A,Internacional 26/27 Away Jersey S-4XL8,https://minkang.x.yupoo.com/albums/242208573?uid=1&isSubCate=false&referrercate=680738,https://photo.yupoo.com/minkang/ba01f71c17/square.jpg,16
Brasileirao Serie A,Fluminense 26/27 Training Jersey S-4XL7,https://minkang.x.yupoo.com/albums/242208468?uid=1&isSubCate=false&referrercate=680738,https://photo.yupoo.com/minkang/5851cd3a9d/large.jpg,1
Brasileirao Serie A,Fluminense 26/27 Training Jersey S-4XL7,https://minkang.x.yupoo.com/albums/242208468?uid=1&isSubCate=false&referrercate=680738,https://photo.yupoo.com/minkang/31d0dc6940/large.jpg,2
Brasileirao Serie A,Fluminense 26/27 Training Jersey S-4XL7,https://minkang.x.yupoo.com/albums/242208468?uid=1&isSubCate=false&referrercate=680738,https://photo.yupoo.com/minkang/ed8364b614/large.jpg,3
Brasileirao Serie A,Fluminense 26/27 Training Jersey S-4XL7,https://minkang.x.yupoo.com/albums/242208468?uid=1&isSubCate=false&referrercate=680738,https://photo.yupoo.com/minkang/721bc43115/large.jpg,4
Brasileirao Serie A,Fluminense 26/27 Training Jersey S-4XL7,https://minkang.x.yupoo.com/albums/242208468?uid=1&isSubCate=false&referrercate=680738,https://photo.yupoo.com/minkang/f42b533efe/large.jpg,5
Brasileirao Serie A,Fluminense 26/27 Training Jersey S-4XL7,https://minkang.x.yupoo.com/albums/242208468?uid=1&isSubCate=false&referrercate=680738,https://photo.yupoo.com/minkang/0b5af51157/large.jpg,6
Brasileirao Serie A,Fluminense 26/27 Training Jersey S-4XL7,https://minkang.x.yupoo.com/albums/242208468?uid=1&isSubCate=false&referrercate=680738,https://photo.yupoo.com/minkang/a28633d5df/large.jpg,7
Brasileirao Serie A,Fluminense 26/27 Training Jersey S-4XL7,https://minkang.x.yupoo.com/albums/242208468?uid=1&isSubCate=false&referrercate=680738,https://photo.yupoo.com/minkang/31d0dc6940/square.jpg,8
Brasileirao Serie A,Fluminense 26/27 Training Jersey S-4XL7,https://minkang.x.yupoo.com/albums/242208468?uid=1&isSubCate=false&referrercate=680738,https://photo.yupoo.com/minkang/5851cd3a9d/square.jpg,9
Brasileirao Serie A,Fluminense 26/27 Training Jersey S-4XL7,https://minkang.x.yupoo.com/albums/242208468?uid=1&isSubCate=false&referrercate=680738,https://photo.yupoo.com/minkang/ed8364b614/square.jpg,10
Brasileirao Serie A,Fluminense 26/27 Training Jersey S-4XL7,https://minkang.x.yupoo.com/albums/242208468?uid=1&isSubCate=false&referrercate=680738,https://photo.yupoo.com/minkang/721bc43115/square.jpg,11
Brasileirao Serie A,Fluminense 26/27 Training Jersey S-4XL7,https://minkang.x.yupoo.com/albums/242208468?uid=1&isSubCate=false&referrercate=680738,https://photo.yupoo.com/minkang/f42b533efe/square.jpg,12
Brasileirao Serie A,Fluminense 26/27 Training Jersey S-4XL7,https://minkang.x.yupoo.com/albums/242208468?uid=1&isSubCate=false&referrercate=680738,https://photo.yupoo.com/minkang/0b5af51157/square.jpg,13
Brasileirao Serie A,Fluminense 26/27 Training Jersey S-4XL7,https://minkang.x.yupoo.com/albums/242208468?uid=1&isSubCate=false&referrercate=680738,https://photo.yupoo.com/minkang/a28633d5df/square.jpg,14
Brasileirao Serie A,Flamengo 26/27 Long Sleeved Training uniform Brown S-XXL9,https://minkang.x.yupoo.com/albums/242208408?uid=1&isSubCate=false&referrercate=680738,https://photo.yupoo.com/minkang/e78178eb98/large.jpg,1
Brasileirao Serie A,Flamengo 26/27 Long Sleeved Training uniform Brown S-XXL9,https://minkang.x.yupoo.com/albums/242208408?uid=1&isSubCate=false&referrercate=680738,https://photo.yupoo.com/minkang/a7aacf6210/large.jpg,2
Brasileirao Serie A,Flamengo 26/27 Long Sleeved Training uniform Brown S-XXL9,https://minkang.x.yupoo.com/albums/242208408?uid=1&isSubCate=false&referrercate=680738,https://photo.yupoo.com/minkang/9840f89752/large.jpg,3
Brasileirao Serie A,Flamengo 26/27 Long Sleeved Training uniform Brown S-XXL9,https://minkang.x.yupoo.com/albums/242208408?uid=1&isSubCate=false&referrercate=680738,https://photo.yupoo.com/minkang/3cc729712b/large.jpg,4
Brasileirao Serie A,Flamengo 26/27 Long Sleeved Training uniform Brown S-XXL9,https://minkang.x.yupoo.com/albums/242208408?uid=1&isSubCate=false&referrercate=680738,https://photo.yupoo.com/minkang/a623aeeb78/large.jpg,5
Brasileirao Serie A,Flamengo 26/27 Long Sleeved Training uniform Brown S-XXL9,https://minkang.x.yupoo.com/albums/242208408?uid=1&isSubCate=false&referrercate=680738,https://photo.yupoo.com/minkang/6e39308ce9/large.jpg,6
Brasileirao Serie A,Flamengo 26/27 Long Sleeved Training uniform Brown S-XXL9,https://minkang.x.yupoo.com/albums/242208408?uid=1&isSubCate=false&referrercate=680738,https://photo.yupoo.com/minkang/1089622c25/large.jpg,7
Brasileirao Serie A,Flamengo 26/27 Long Sleeved Training uniform Brown S-XXL9,https://minkang.x.yupoo.com/albums/242208408?uid=1&isSubCate=false&referrercate=680738,https://photo.yupoo.com/minkang/34ad7d7a0e/large.jpg,8
Brasileirao Serie A,Flamengo 26/27 Long Sleeved Training uniform Brown S-XXL9,https://minkang.x.yupoo.com/albums/242208408?uid=1&isSubCate=false&referrercate=680738,https://photo.yupoo.com/minkang/bc347b63c6/large.jpg,9
Brasileirao Serie A,Flamengo 26/27 Long Sleeved Training uniform Brown S-XXL9,https://minkang.x.yupoo.com/albums/242208408?uid=1&isSubCate=false&referrercate=680738,https://photo.yupoo.com/minkang/a7aacf6210/square.jpg,10
Brasileirao Serie A,Flamengo 26/27 Long Sleeved Training uniform Brown S-XXL9,https://minkang.x.yupoo.com/albums/242208408?uid=1&isSubCate=false&referrercate=680738,https://photo.yupoo.com/minkang/e78178eb98/square.jpg,11
Brasileirao Serie A,Flamengo 26/27 Long Sleeved Training uniform Brown S-XXL9,https://minkang.x.yupoo.com/albums/242208408?uid=1&isSubCate=false&referrercate=680738,https://photo.yupoo.com/minkang/9840f89752/square.jpg,12
Brasileirao Serie A,Flamengo 26/27 Long Sleeved Training uniform Brown S-XXL9,https://minkang.x.yupoo.com/albums/242208408?uid=1&isSubCate=false&referrercate=680738,https://photo.yupoo.com/minkang/3cc729712b/square.jpg,13
Brasileirao Serie A,Flamengo 26/27 Long Sleeved Training uniform Brown S-XXL9,https://minkang.x.yupoo.com/albums/242208408?uid=1&isSubCate=false&referrercate=680738,https://photo.yupoo.com/minkang/a623aeeb78/square.jpg,14
Brasileirao Serie A,Flamengo 26/27 Long Sleeved Training uniform Brown S-XXL9,https://minkang.x.yupoo.com/albums/242208408?uid=1&isSubCate=false&referrercate=680738,https://photo.yupoo.com/minkang/6e39308ce9/square.jpg,15
Brasileirao Serie A,Flamengo 26/27 Long Sleeved Training uniform Brown S-XXL9,https://minkang.x.yupoo.com/albums/242208408?uid=1&isSubCate=false&referrercate=680738,https://photo.yupoo.com/minkang/1089622c25/square.jpg,16
Brasileirao Serie A,Flamengo 26/27 Long Sleeved Training uniform Brown S-XXL9,https://minkang.x.yupoo.com/albums/242208408?uid=1&isSubCate=false&referrercate=680738,https://photo.yupoo.com/minkang/34ad7d7a0e/square.jpg,17
Brasileirao Serie A,Flamengo 26/27 Long Sleeved Training uniform Brown S-XXL9,https://minkang.x.yupoo.com/albums/242208408?uid=1&isSubCate=false&referrercate=680738,https://photo.yupoo.com/minkang/bc347b63c6/square.jpg,18
Brasileirao Serie A,Bahia 26/27 GK-Purple Jersey S-4XL6,https://minkang.x.yupoo.com/albums/240193626?uid=1&isSubCate=false&referrercate=680738,https://photo.yupoo.com/minkang/e9248a5662/large.jpg,1
Brasileirao Serie A,Bahia 26/27 GK-Purple Jersey S-4XL6,https://minkang.x.yupoo.com/albums/240193626?uid=1&isSubCate=false&referrercate=680738,https://photo.yupoo.com/minkang/c1707ff3a7/large.jpg,2
Brasileirao Serie A,Bahia 26/27 GK-Purple Jersey S-4XL6,https://minkang.x.yupoo.com/albums/240193626?uid=1&isSubCate=false&referrercate=680738,https://photo.yupoo.com/minkang/3b20d2f228/large.jpg,3
Brasileirao Serie A,Bahia 26/27 GK-Purple Jersey S-4XL6,https://minkang.x.yupoo.com/albums/240193626?uid=1&isSubCate=false&referrercate=680738,https://photo.yupoo.com/minkang/fb43e80f36/large.jpg,4
Brasileirao Serie A,Bahia 26/27 GK-Purple Jersey S-4XL6,https://minkang.x.yupoo.com/albums/240193626?uid=1&isSubCate=false&referrercate=680738,https://photo.yupoo.com/minkang/169370afb7/large.jpg,5
Brasileirao Serie A,Bahia 26/27 GK-Purple Jersey S-4XL6,https://minkang.x.yupoo.com/albums/240193626?uid=1&isSubCate=false&referrercate=680738,https://photo.yupoo.com/minkang/f397557e4b/large.jpg,6
Brasileirao Serie A,Bahia 26/27 GK-Purple Jersey S-4XL6,https://minkang.x.yupoo.com/albums/240193626?uid=1&isSubCate=false&referrercate=680738,https://photo.yupoo.com/minkang/e9248a5662/square.jpg,7
Brasileirao Serie A,Bahia 26/27 GK-Purple Jersey S-4XL6,https://minkang.x.yupoo.com/albums/240193626?uid=1&isSubCate=false&referrercate=680738,https://photo.yupoo.com/minkang/c1707ff3a7/square.jpg,8
Brasileirao Serie A,Bahia 26/27 GK-Purple Jersey S-4XL6,https://minkang.x.yupoo.com/albums/240193626?uid=1&isSubCate=false&referrercate=680738,https://photo.yupoo.com/minkang/3b20d2f228/square.jpg,9
Brasileirao Serie A,Bahia 26/27 GK-Purple Jersey S-4XL6,https://minkang.x.yupoo.com/albums/240193626?uid=1&isSubCate=false&referrercate=680738,https://photo.yupoo.com/minkang/fb43e80f36/square.jpg,10
Brasileirao Serie A,Bahia 26/27 GK-Purple Jersey S-4XL6,https://minkang.x.yupoo.com/albums/240193626?uid=1&isSubCate=false&referrercate=680738,https://photo.yupoo.com/minkang/169370afb7/square.jpg,11
Brasileirao Serie A,Bahia 26/27 GK-Purple Jersey S-4XL6,https://minkang.x.yupoo.com/albums/240193626?uid=1&isSubCate=false&referrercate=680738,https://photo.yupoo.com/minkang/f397557e4b/square.jpg,12
Brasileirao Serie A,Cruzeiro 26/27 GK-Purple Jersey S-4XL7,https://minkang.x.yupoo.com/albums/240193500?uid=1&isSubCate=false&referrercate=680738,https://photo.yupoo.com/minkang/e0ccc0690c/large.jpg,1
Brasileirao Serie A,Cruzeiro 26/27 GK-Purple Jersey S-4XL7,https://minkang.x.yupoo.com/albums/240193500?uid=1&isSubCate=false&referrercate=680738,https://photo.yupoo.com/minkang/e30ac4b8ab/large.jpg,2
Brasileirao Serie A,Cruzeiro 26/27 GK-Purple Jersey S-4XL7,https://minkang.x.yupoo.com/albums/240193500?uid=1&isSubCate=false&referrercate=680738,https://photo.yupoo.com/minkang/16aec199c8/large.jpg,3
Brasileirao Serie A,Cruzeiro 26/27 GK-Purple Jersey S-4XL7,https://minkang.x.yupoo.com/albums/240193500?uid=1&isSubCate=false&referrercate=680738,https://photo.yupoo.com/minkang/150313c335/large.jpg,4
Brasileirao Serie A,Cruzeiro 26/27 GK-Purple Jersey S-4XL7,https://minkang.x.yupoo.com/albums/240193500?uid=1&isSubCate=false&referrercate=680738,https://photo.yupoo.com/minkang/074ec5f5e9/large.jpg,5
Brasileirao Serie A,Cruzeiro 26/27 GK-Purple Jersey S-4XL7,https://minkang.x.yupoo.com/albums/240193500?uid=1&isSubCate=false&referrercate=680738,https://photo.yupoo.com/minkang/e967ebd120/large.jpg,6
Brasileirao Serie A,Cruzeiro 26/27 GK-Purple Jersey S-4XL7,https://minkang.x.yupoo.com/albums/240193500?uid=1&isSubCate=false&referrercate=680738,https://photo.yupoo.com/minkang/e2ae9759d7/large.jpg,7
Brasileirao Serie A,Cruzeiro 26/27 GK-Purple Jersey S-4XL7,https://minkang.x.yupoo.com/albums/240193500?uid=1&isSubCate=false&referrercate=680738,https://photo.yupoo.com/minkang/e30ac4b8ab/square.jpg,8
Brasileirao Serie A,Cruzeiro 26/27 GK-Purple Jersey S-4XL7,https://minkang.x.yupoo.com/albums/240193500?uid=1&isSubCate=false&referrercate=680738,https://photo.yupoo.com/minkang/e0ccc0690c/square.jpg,9
Brasileirao Serie A,Cruzeiro 26/27 GK-Purple Jersey S-4XL7,https://minkang.x.yupoo.com/albums/240193500?uid=1&isSubCate=false&referrercate=680738,https://photo.yupoo.com/minkang/16aec199c8/square.jpg,10
Brasileirao Serie A,Cruzeiro 26/27 GK-Purple Jersey S-4XL7,https://minkang.x.yupoo.com/albums/240193500?uid=1&isSubCate=false&referrercate=680738,https://photo.yupoo.com/minkang/150313c335/square.jpg,11
Brasileirao Serie A,Cruzeiro 26/27 GK-Purple Jersey S-4XL7,https://minkang.x.yupoo.com/albums/240193500?uid=1&isSubCate=false&referrercate=680738,https://photo.yupoo.com/minkang/074ec5f5e9/square.jpg,12
Brasileirao Serie A,Cruzeiro 26/27 GK-Purple Jersey S-4XL7,https://minkang.x.yupoo.com/albums/240193500?uid=1&isSubCate=false&referrercate=680738,https://photo.yupoo.com/minkang/e967ebd120/square.jpg,13
Brasileirao Serie A,Cruzeiro 26/27 GK-Purple Jersey S-4XL7,https://minkang.x.yupoo.com/albums/240193500?uid=1&isSubCate=false&referrercate=680738,https://photo.yupoo.com/minkang/e2ae9759d7/square.jpg,14
Brasileirao Serie A,Santos 26/27 Home Jersey S-4XL9,https://minkang.x.yupoo.com/albums/240192853?uid=1&isSubCate=false&referrercate=680738,https://photo.yupoo.com/minkang/459df25e83/large.jpg,1
Brasileirao Serie A,Santos 26/27 Home Jersey S-4XL9,https://minkang.x.yupoo.com/albums/240192853?uid=1&isSubCate=false&referrercate=680738,https://photo.yupoo.com/minkang/789a7611a7/large.jpg,2
Brasileirao Serie A,Santos 26/27 Home Jersey S-4XL9,https://minkang.x.yupoo.com/albums/240192853?uid=1&isSubCate=false&referrercate=680738,https://photo.yupoo.com/minkang/47774909d4/large.jpg,3
Brasileirao Serie A,Santos 26/27 Home Jersey S-4XL9,https://minkang.x.yupoo.com/albums/240192853?uid=1&isSubCate=false&referrercate=680738,https://photo.yupoo.com/minkang/7ebd827c9d/large.jpg,4
Brasileirao Serie A,Santos 26/27 Home Jersey S-4XL9,https://minkang.x.yupoo.com/albums/240192853?uid=1&isSubCate=false&referrercate=680738,https://photo.yupoo.com/minkang/ae6c44ad75/large.jpg,5
Brasileirao Serie A,Santos 26/27 Home Jersey S-4XL9,https://minkang.x.yupoo.com/albums/240192853?uid=1&isSubCate=false&referrercate=680738,https://photo.yupoo.com/minkang/046bcecda0/large.jpg,6
Brasileirao Serie A,Santos 26/27 Home Jersey S-4XL9,https://minkang.x.yupoo.com/albums/240192853?uid=1&isSubCate=false&referrercate=680738,https://photo.yupoo.com/minkang/d046fb5d1c/large.jpg,7
Brasileirao Serie A,Santos 26/27 Home Jersey S-4XL9,https://minkang.x.yupoo.com/albums/240192853?uid=1&isSubCate=false&referrercate=680738,https://photo.yupoo.com/minkang/d523e641af/large.jpg,8
Brasileirao Serie A,Santos 26/27 Home Jersey S-4XL9,https://minkang.x.yupoo.com/albums/240192853?uid=1&isSubCate=false&referrercate=680738,https://photo.yupoo.com/minkang/f8a5817a69/large.jpg,9
Brasileirao Serie A,Santos 26/27 Home Jersey S-4XL9,https://minkang.x.yupoo.com/albums/240192853?uid=1&isSubCate=false&referrercate=680738,https://photo.yupoo.com/minkang/789a7611a7/square.jpg,10
Brasileirao Serie A,Santos 26/27 Home Jersey S-4XL9,https://minkang.x.yupoo.com/albums/240192853?uid=1&isSubCate=false&referrercate=680738,https://photo.yupoo.com/minkang/459df25e83/square.jpg,11
Brasileirao Serie A,Santos 26/27 Home Jersey S-4XL9,https://minkang.x.yupoo.com/albums/240192853?uid=1&isSubCate=false&referrercate=680738,https://photo.yupoo.com/minkang/47774909d4/square.jpg,12
Brasileirao Serie A,Santos 26/27 Home Jersey S-4XL9,https://minkang.x.yupoo.com/albums/240192853?uid=1&isSubCate=false&referrercate=680738,https://photo.yupoo.com/minkang/7ebd827c9d/square.jpg,13
Brasileirao Serie A,Santos 26/27 Home Jersey S-4XL9,https://minkang.x.yupoo.com/albums/240192853?uid=1&isSubCate=false&referrercate=680738,https://photo.yupoo.com/minkang/ae6c44ad75/square.jpg,14
Brasileirao Serie A,Santos 26/27 Home Jersey S-4XL9,https://minkang.x.yupoo.com/albums/240192853?uid=1&isSubCate=false&referrercate=680738,https://photo.yupoo.com/minkang/046bcecda0/square.jpg,15
Brasileirao Serie A,Santos 26/27 Home Jersey S-4XL9,https://minkang.x.yupoo.com/albums/240192853?uid=1&isSubCate=false&referrercate=680738,https://photo.yupoo.com/minkang/d046fb5d1c/square.jpg,16
Brasileirao Serie A,Santos 26/27 Home Jersey S-4XL9,https://minkang.x.yupoo.com/albums/240192853?uid=1&isSubCate=false&referrercate=680738,https://photo.yupoo.com/minkang/d523e641af/square.jpg,17
Brasileirao Serie A,Santos 26/27 Home Jersey S-4XL9,https://minkang.x.yupoo.com/albums/240192853?uid=1&isSubCate=false&referrercate=680738,https://photo.yupoo.com/minkang/f8a5817a69/square.jpg,18
Brasileirao Serie A,Vitória 26/27 Home Jersey S-4XL7,https://minkang.x.yupoo.com/albums/240192700?uid=1&isSubCate=false&referrercate=680738,https://photo.yupoo.com/minkang/b10611003a/large.jpg,1
Brasileirao Serie A,Vitória 26/27 Home Jersey S-4XL7,https://minkang.x.yupoo.com/albums/240192700?uid=1&isSubCate=false&referrercate=680738,https://photo.yupoo.com/minkang/f462b2fa9b/large.jpg,2
Brasileirao Serie A,Vitória 26/27 Home Jersey S-4XL7,https://minkang.x.yupoo.com/albums/240192700?uid=1&isSubCate=false&referrercate=680738,https://photo.yupoo.com/minkang/da458f75e3/large.jpg,3
Brasileirao Serie A,Vitória 26/27 Home Jersey S-4XL7,https://minkang.x.yupoo.com/albums/240192700?uid=1&isSubCate=false&referrercate=680738,https://photo.yupoo.com/minkang/20507b55cb/large.jpg,4
Brasileirao Serie A,Vitória 26/27 Home Jersey S-4XL7,https://minkang.x.yupoo.com/albums/240192700?uid=1&isSubCate=false&referrercate=680738,https://photo.yupoo.com/minkang/6932f07222/large.jpg,5
Brasileirao Serie A,Vitória 26/27 Home Jersey S-4XL7,https://minkang.x.yupoo.com/albums/240192700?uid=1&isSubCate=false&referrercate=680738,https://photo.yupoo.com/minkang/ee05106ece/large.jpg,6
Brasileirao Serie A,Vitória 26/27 Home Jersey S-4XL7,https://minkang.x.yupoo.com/albums/240192700?uid=1&isSubCate=false&referrercate=680738,https://photo.yupoo.com/minkang/f7a5f36091/large.jpg,7
Brasileirao Serie A,Vitória 26/27 Home Jersey S-4XL7,https://minkang.x.yupoo.com/albums/240192700?uid=1&isSubCate=false&referrercate=680738,https://photo.yupoo.com/minkang/b10611003a/square.jpg,8
Brasileirao Serie A,Vitória 26/27 Home Jersey S-4XL7,https://minkang.x.yupoo.com/albums/240192700?uid=1&isSubCate=false&referrercate=680738,https://photo.yupoo.com/minkang/f462b2fa9b/square.jpg,9
Brasileirao Serie A,Vitória 26/27 Home Jersey S-4XL7,https://minkang.x.yupoo.com/albums/240192700?uid=1&isSubCate=false&referrercate=680738,https://photo.yupoo.com/minkang/da458f75e3/square.jpg,10
Brasileirao Serie A,Vitória 26/27 Home Jersey S-4XL7,https://minkang.x.yupoo.com/albums/240192700?uid=1&isSubCate=false&referrercate=680738,https://photo.yupoo.com/minkang/20507b55cb/square.jpg,11
Brasileirao Serie A,Vitória 26/27 Home Jersey S-4XL7,https://minkang.x.yupoo.com/albums/240192700?uid=1&isSubCate=false&referrercate=680738,https://photo.yupoo.com/minkang/6932f07222/square.jpg,12
Brasileirao Serie A,Vitória 26/27 Home Jersey S-4XL7,https://minkang.x.yupoo.com/albums/240192700?uid=1&isSubCate=false&referrercate=680738,https://photo.yupoo.com/minkang/ee05106ece/square.jpg,13
Brasileirao Serie A,Vitória 26/27 Home Jersey S-4XL7,https://minkang.x.yupoo.com/albums/240192700?uid=1&isSubCate=false&referrercate=680738,https://photo.yupoo.com/minkang/f7a5f36091/square.jpg,14
Brasileirao Serie A,Sport Recife 26/27 Home Jersey S-4XL9,https://minkang.x.yupoo.com/albums/240053935?uid=1&isSubCate=false&referrercate=680738,https://photo.yupoo.com/minkang/d44125c99d/large.jpg,1
Brasileirao Serie A,Sport Recife 26/27 Home Jersey S-4XL9,https://minkang.x.yupoo.com/albums/240053935?uid=1&isSubCate=false&referrercate=680738,https://photo.yupoo.com/minkang/fa1c903e28/large.jpg,2
Brasileirao Serie A,Sport Recife 26/27 Home Jersey S-4XL9,https://minkang.x.yupoo.com/albums/240053935?uid=1&isSubCate=false&referrercate=680738,https://photo.yupoo.com/minkang/faa72c1afb/large.jpg,3
Brasileirao Serie A,Sport Recife 26/27 Home Jersey S-4XL9,https://minkang.x.yupoo.com/albums/240053935?uid=1&isSubCate=false&referrercate=680738,https://photo.yupoo.com/minkang/f9541cef58/large.jpg,4
Brasileirao Serie A,Sport Recife 26/27 Home Jersey S-4XL9,https://minkang.x.yupoo.com/albums/240053935?uid=1&isSubCate=false&referrercate=680738,https://photo.yupoo.com/minkang/26038ca2bf/large.jpg,5
Brasileirao Serie A,Sport Recife 26/27 Home Jersey S-4XL9,https://minkang.x.yupoo.com/albums/240053935?uid=1&isSubCate=false&referrercate=680738,https://photo.yupoo.com/minkang/c86aa36509/large.jpg,6
Brasileirao Serie A,Sport Recife 26/27 Home Jersey S-4XL9,https://minkang.x.yupoo.com/albums/240053935?uid=1&isSubCate=false&referrercate=680738,https://photo.yupoo.com/minkang/b5b5a308b2/large.jpg,7
Brasileirao Serie A,Sport Recife 26/27 Home Jersey S-4XL9,https://minkang.x.yupoo.com/albums/240053935?uid=1&isSubCate=false&referrercate=680738,https://photo.yupoo.com/minkang/bc8e1690a3/large.jpg,8
Brasileirao Serie A,Sport Recife 26/27 Home Jersey S-4XL9,https://minkang.x.yupoo.com/albums/240053935?uid=1&isSubCate=false&referrercate=680738,https://photo.yupoo.com/minkang/8132a9376c/large.jpg,9
Brasileirao Serie A,Sport Recife 26/27 Home Jersey S-4XL9,https://minkang.x.yupoo.com/albums/240053935?uid=1&isSubCate=false&referrercate=680738,https://photo.yupoo.com/minkang/d44125c99d/square.jpg,10
Brasileirao Serie A,Sport Recife 26/27 Home Jersey S-4XL9,https://minkang.x.yupoo.com/albums/240053935?uid=1&isSubCate=false&referrercate=680738,https://photo.yupoo.com/minkang/fa1c903e28/square.jpg,11
Brasileirao Serie A,Sport Recife 26/27 Home Jersey S-4XL9,https://minkang.x.yupoo.com/albums/240053935?uid=1&isSubCate=false&referrercate=680738,https://photo.yupoo.com/minkang/faa72c1afb/square.jpg,12
Brasileirao Serie A,Sport Recife 26/27 Home Jersey S-4XL9,https://minkang.x.yupoo.com/albums/240053935?uid=1&isSubCate=false&referrercate=680738,https://photo.yupoo.com/minkang/f9541cef58/square.jpg,13
Brasileirao Serie A,Sport Recife 26/27 Home Jersey S-4XL9,https://minkang.x.yupoo.com/albums/240053935?uid=1&isSubCate=false&referrercate=680738,https://photo.yupoo.com/minkang/26038ca2bf/square.jpg,14
Brasileirao Serie A,Sport Recife 26/27 Home Jersey S-4XL9,https://minkang.x.yupoo.com/albums/240053935?uid=1&isSubCate=false&referrercate=680738,https://photo.yupoo.com/minkang/c86aa36509/square.jpg,15
Brasileirao Serie A,Sport Recife 26/27 Home Jersey S-4XL9,https://minkang.x.yupoo.com/albums/240053935?uid=1&isSubCate=false&referrercate=680738,https://photo.yupoo.com/minkang/b5b5a308b2/square.jpg,16
Brasileirao Serie A,Sport Recife 26/27 Home Jersey S-4XL9,https://minkang.x.yupoo.com/albums/240053935?uid=1&isSubCate=false&referrercate=680738,https://photo.yupoo.com/minkang/bc8e1690a3/square.jpg,17
Brasileirao Serie A,Sport Recife 26/27 Home Jersey S-4XL9,https://minkang.x.yupoo.com/albums/240053935?uid=1&isSubCate=false&referrercate=680738,https://photo.yupoo.com/minkang/8132a9376c/square.jpg,18
Brasileirao Serie A,Corinthians 26/27 Away Women's Jersey S-XXL7,https://minkang.x.yupoo.com/albums/240053152?uid=1&isSubCate=false&referrercate=680738,https://photo.yupoo.com/minkang/d8e37d4fe6/large.jpg,1
Brasileirao Serie A,Corinthians 26/27 Away Women's Jersey S-XXL7,https://minkang.x.yupoo.com/albums/240053152?uid=1&isSubCate=false&referrercate=680738,https://photo.yupoo.com/minkang/9bad63ed04/large.jpg,2
Brasileirao Serie A,Corinthians 26/27 Away Women's Jersey S-XXL7,https://minkang.x.yupoo.com/albums/240053152?uid=1&isSubCate=false&referrercate=680738,https://photo.yupoo.com/minkang/30cf38819c/large.jpg,3
Brasileirao Serie A,Corinthians 26/27 Away Women's Jersey S-XXL7,https://minkang.x.yupoo.com/albums/240053152?uid=1&isSubCate=false&referrercate=680738,https://photo.yupoo.com/minkang/8f454d2340/large.jpg,4
Brasileirao Serie A,Corinthians 26/27 Away Women's Jersey S-XXL7,https://minkang.x.yupoo.com/albums/240053152?uid=1&isSubCate=false&referrercate=680738,https://photo.yupoo.com/minkang/6d5bc0f698/large.jpg,5
Brasileirao Serie A,Corinthians 26/27 Away Women's Jersey S-XXL7,https://minkang.x.yupoo.com/albums/240053152?uid=1&isSubCate=false&referrercate=680738,https://photo.yupoo.com/minkang/b3d5bf7e8d/large.jpg,6
Brasileirao Serie A,Corinthians 26/27 Away Women's Jersey S-XXL7,https://minkang.x.yupoo.com/albums/240053152?uid=1&isSubCate=false&referrercate=680738,https://photo.yupoo.com/minkang/7ea3f9bdcf/large.jpg,7
Brasileirao Serie A,Corinthians 26/27 Away Women's Jersey S-XXL7,https://minkang.x.yupoo.com/albums/240053152?uid=1&isSubCate=false&referrercate=680738,https://photo.yupoo.com/minkang/d8e37d4fe6/square.jpg,8
Brasileirao Serie A,Corinthians 26/27 Away Women's Jersey S-XXL7,https://minkang.x.yupoo.com/albums/240053152?uid=1&isSubCate=false&referrercate=680738,https://photo.yupoo.com/minkang/9bad63ed04/square.jpg,9
Brasileirao Serie A,Corinthians 26/27 Away Women's Jersey S-XXL7,https://minkang.x.yupoo.com/albums/240053152?uid=1&isSubCate=false&referrercate=680738,https://photo.yupoo.com/minkang/30cf38819c/square.jpg,10
Brasileirao Serie A,Corinthians 26/27 Away Women's Jersey S-XXL7,https://minkang.x.yupoo.com/albums/240053152?uid=1&isSubCate=false&referrercate=680738,https://photo.yupoo.com/minkang/8f454d2340/square.jpg,11
Brasileirao Serie A,Corinthians 26/27 Away Women's Jersey S-XXL7,https://minkang.x.yupoo.com/albums/240053152?uid=1&isSubCate=false&referrercate=680738,https://photo.yupoo.com/minkang/6d5bc0f698/square.jpg,12
Brasileirao Serie A,Corinthians 26/27 Away Women's Jersey S-XXL7,https://minkang.x.yupoo.com/albums/240053152?uid=1&isSubCate=false&referrercate=680738,https://photo.yupoo.com/minkang/b3d5bf7e8d/square.jpg,13
Brasileirao Serie A,Corinthians 26/27 Away Women's Jersey S-XXL7,https://minkang.x.yupoo.com/albums/240053152?uid=1&isSubCate=false&referrercate=680738,https://photo.yupoo.com/minkang/7ea3f9bdcf/square.jpg,14
Brasileirao Serie A,Corinthians 26/27 Away Jersey S-4XL7,https://minkang.x.yupoo.com/albums/240053136?uid=1&isSubCate=false&referrercate=680738,https://photo.yupoo.com/minkang/7534815095/large.jpg,1
Brasileirao Serie A,Corinthians 26/27 Away Jersey S-4XL7,https://minkang.x.yupoo.com/albums/240053136?uid=1&isSubCate=false&referrercate=680738,https://photo.yupoo.com/minkang/25ddb590fa/large.jpg,2
Brasileirao Serie A,Corinthians 26/27 Away Jersey S-4XL7,https://minkang.x.yupoo.com/albums/240053136?uid=1&isSubCate=false&referrercate=680738,https://photo.yupoo.com/minkang/433da0b69b/large.jpg,3
Brasileirao Serie A,Corinthians 26/27 Away Jersey S-4XL7,https://minkang.x.yupoo.com/albums/240053136?uid=1&isSubCate=false&referrercate=680738,https://photo.yupoo.com/minkang/45fa3da09f/large.jpg,4
Brasileirao Serie A,Corinthians 26/27 Away Jersey S-4XL7,https://minkang.x.yupoo.com/albums/240053136?uid=1&isSubCate=false&referrercate=680738,https://photo.yupoo.com/minkang/76ba992bed/large.jpg,5
Brasileirao Serie A,Corinthians 26/27 Away Jersey S-4XL7,https://minkang.x.yupoo.com/albums/240053136?uid=1&isSubCate=false&referrercate=680738,https://photo.yupoo.com/minkang/8b898998ad/large.jpg,6
Brasileirao Serie A,Corinthians 26/27 Away Jersey S-4XL7,https://minkang.x.yupoo.com/albums/240053136?uid=1&isSubCate=false&referrercate=680738,https://photo.yupoo.com/minkang/cf5eb15314/large.jpg,7
Brasileirao Serie A,Corinthians 26/27 Away Jersey S-4XL7,https://minkang.x.yupoo.com/albums/240053136?uid=1&isSubCate=false&referrercate=680738,https://photo.yupoo.com/minkang/7534815095/square.jpg,8
Brasileirao Serie A,Corinthians 26/27 Away Jersey S-4XL7,https://minkang.x.yupoo.com/albums/240053136?uid=1&isSubCate=false&referrercate=680738,https://photo.yupoo.com/minkang/25ddb590fa/square.jpg,9
Brasileirao Serie A,Corinthians 26/27 Away Jersey S-4XL7,https://minkang.x.yupoo.com/albums/240053136?uid=1&isSubCate=false&referrercate=680738,https://photo.yupoo.com/minkang/433da0b69b/square.jpg,10
Brasileirao Serie A,Corinthians 26/27 Away Jersey S-4XL7,https://minkang.x.yupoo.com/albums/240053136?uid=1&isSubCate=false&referrercate=680738,https://photo.yupoo.com/minkang/45fa3da09f/square.jpg,11
Brasileirao Serie A,Corinthians 26/27 Away Jersey S-4XL7,https://minkang.x.yupoo.com/albums/240053136?uid=1&isSubCate=false&referrercate=680738,https://photo.yupoo.com/minkang/76ba992bed/square.jpg,12
Brasileirao Serie A,Corinthians 26/27 Away Jersey S-4XL7,https://minkang.x.yupoo.com/albums/240053136?uid=1&isSubCate=false&referrercate=680738,https://photo.yupoo.com/minkang/8b898998ad/square.jpg,13
Brasileirao Serie A,Corinthians 26/27 Away Jersey S-4XL7,https://minkang.x.yupoo.com/albums/240053136?uid=1&isSubCate=false&referrercate=680738,https://photo.yupoo.com/minkang/cf5eb15314/square.jpg,14
Brasileirao Serie A,Bahia 26/27 Home Kids Kit Jersey SIZE 16-2810,https://minkang.x.yupoo.com/albums/240053023?uid=1&isSubCate=false&referrercate=680738,https://photo.yupoo.com/minkang/cf6ecf7ab5/large.jpg,1
Brasileirao Serie A,Bahia 26/27 Home Kids Kit Jersey SIZE 16-2810,https://minkang.x.yupoo.com/albums/240053023?uid=1&isSubCate=false&referrercate=680738,https://photo.yupoo.com/minkang/fab8d11cfb/large.jpg,2
Brasileirao Serie A,Bahia 26/27 Home Kids Kit Jersey SIZE 16-2810,https://minkang.x.yupoo.com/albums/240053023?uid=1&isSubCate=false&referrercate=680738,https://photo.yupoo.com/minkang/ec2f96ffd3/large.jpg,3
Brasileirao Serie A,Bahia 26/27 Home Kids Kit Jersey SIZE 16-2810,https://minkang.x.yupoo.com/albums/240053023?uid=1&isSubCate=false&referrercate=680738,https://photo.yupoo.com/minkang/f30f44b41b/large.jpg,4
Brasileirao Serie A,Bahia 26/27 Home Kids Kit Jersey SIZE 16-2810,https://minkang.x.yupoo.com/albums/240053023?uid=1&isSubCate=false&referrercate=680738,https://photo.yupoo.com/minkang/43b75715c3/large.jpg,5
Brasileirao Serie A,Bahia 26/27 Home Kids Kit Jersey SIZE 16-2810,https://minkang.x.yupoo.com/albums/240053023?uid=1&isSubCate=false&referrercate=680738,https://photo.yupoo.com/minkang/341c0c8fdb/large.jpg,6
Brasileirao Serie A,Bahia 26/27 Home Kids Kit Jersey SIZE 16-2810,https://minkang.x.yupoo.com/albums/240053023?uid=1&isSubCate=false&referrercate=680738,https://photo.yupoo.com/minkang/29cd269f40/large.jpg,7
Brasileirao Serie A,Bahia 26/27 Home Kids Kit Jersey SIZE 16-2810,https://minkang.x.yupoo.com/albums/240053023?uid=1&isSubCate=false&referrercate=680738,https://photo.yupoo.com/minkang/ddd5c18585/large.jpg,8
Brasileirao Serie A,Bahia 26/27 Home Kids Kit Jersey SIZE 16-2810,https://minkang.x.yupoo.com/albums/240053023?uid=1&isSubCate=false&referrercate=680738,https://photo.yupoo.com/minkang/2ecee27d9b/large.jpg,9
Brasileirao Serie A,Bahia 26/27 Home Kids Kit Jersey SIZE 16-2810,https://minkang.x.yupoo.com/albums/240053023?uid=1&isSubCate=false&referrercate=680738,https://photo.yupoo.com/minkang/380cdfb726/large.jpg,10
Brasileirao Serie A,Bahia 26/27 Home Kids Kit Jersey SIZE 16-2810,https://minkang.x.yupoo.com/albums/240053023?uid=1&isSubCate=false&referrercate=680738,https://photo.yupoo.com/minkang/cf6ecf7ab5/square.jpg,11
Brasileirao Serie A,Bahia 26/27 Home Kids Kit Jersey SIZE 16-2810,https://minkang.x.yupoo.com/albums/240053023?uid=1&isSubCate=false&referrercate=680738,https://photo.yupoo.com/minkang/fab8d11cfb/square.jpg,12
Brasileirao Serie A,Bahia 26/27 Home Kids Kit Jersey SIZE 16-2810,https://minkang.x.yupoo.com/albums/240053023?uid=1&isSubCate=false&referrercate=680738,https://photo.yupoo.com/minkang/ec2f96ffd3/square.jpg,13
Brasileirao Serie A,Bahia 26/27 Home Kids Kit Jersey SIZE 16-2810,https://minkang.x.yupoo.com/albums/240053023?uid=1&isSubCate=false&referrercate=680738,https://photo.yupoo.com/minkang/f30f44b41b/square.jpg,14
Brasileirao Serie A,Bahia 26/27 Home Kids Kit Jersey SIZE 16-2810,https://minkang.x.yupoo.com/albums/240053023?uid=1&isSubCate=false&referrercate=680738,https://photo.yupoo.com/minkang/43b75715c3/square.jpg,15
Brasileirao Serie A,Bahia 26/27 Home Kids Kit Jersey SIZE 16-2810,https://minkang.x.yupoo.com/albums/240053023?uid=1&isSubCate=false&referrercate=680738,https://photo.yupoo.com/minkang/341c0c8fdb/square.jpg,16
Brasileirao Serie A,Bahia 26/27 Home Kids Kit Jersey SIZE 16-2810,https://minkang.x.yupoo.com/albums/240053023?uid=1&isSubCate=false&referrercate=680738,https://photo.yupoo.com/minkang/29cd269f40/square.jpg,17
Brasileirao Serie A,Bahia 26/27 Home Kids Kit Jersey SIZE 16-2810,https://minkang.x.yupoo.com/albums/240053023?uid=1&isSubCate=false&referrercate=680738,https://photo.yupoo.com/minkang/ddd5c18585/square.jpg,18
Brasileirao Serie A,Bahia 26/27 Home Kids Kit Jersey SIZE 16-2810,https://minkang.x.yupoo.com/albums/240053023?uid=1&isSubCate=false&referrercate=680738,https://photo.yupoo.com/minkang/2ecee27d9b/square.jpg,19
Brasileirao Serie A,Bahia 26/27 Home Kids Kit Jersey SIZE 16-2810,https://minkang.x.yupoo.com/albums/240053023?uid=1&isSubCate=false&referrercate=680738,https://photo.yupoo.com/minkang/380cdfb726/square.jpg,20
Brasileirao Serie A,Bahia 26/27 Away Vest Jersey S-4XL6,https://minkang.x.yupoo.com/albums/240052999?uid=1&isSubCate=false&referrercate=680738,https://photo.yupoo.com/minkang/2a1e294805/large.jpg,1
Brasileirao Serie A,Bahia 26/27 Away Vest Jersey S-4XL6,https://minkang.x.yupoo.com/albums/240052999?uid=1&isSubCate=false&referrercate=680738,https://photo.yupoo.com/minkang/cb88fe0ec3/large.jpg,2
Brasileirao Serie A,Bahia 26/27 Away Vest Jersey S-4XL6,https://minkang.x.yupoo.com/albums/240052999?uid=1&isSubCate=false&referrercate=680738,https://photo.yupoo.com/minkang/beba6d0630/large.jpg,3
Brasileirao Serie A,Bahia 26/27 Away Vest Jersey S-4XL6,https://minkang.x.yupoo.com/albums/240052999?uid=1&isSubCate=false&referrercate=680738,https://photo.yupoo.com/minkang/7078fb509c/large.jpg,4
Brasileirao Serie A,Bahia 26/27 Away Vest Jersey S-4XL6,https://minkang.x.yupoo.com/albums/240052999?uid=1&isSubCate=false&referrercate=680738,https://photo.yupoo.com/minkang/9d8194b41e/large.jpg,5
Brasileirao Serie A,Bahia 26/27 Away Vest Jersey S-4XL6,https://minkang.x.yupoo.com/albums/240052999?uid=1&isSubCate=false&referrercate=680738,https://photo.yupoo.com/minkang/343c9c9f81/large.jpg,6
Brasileirao Serie A,Bahia 26/27 Away Vest Jersey S-4XL6,https://minkang.x.yupoo.com/albums/240052999?uid=1&isSubCate=false&referrercate=680738,https://photo.yupoo.com/minkang/2a1e294805/square.jpg,7
Brasileirao Serie A,Bahia 26/27 Away Vest Jersey S-4XL6,https://minkang.x.yupoo.com/albums/240052999?uid=1&isSubCate=false&referrercate=680738,https://photo.yupoo.com/minkang/cb88fe0ec3/square.jpg,8
Brasileirao Serie A,Bahia 26/27 Away Vest Jersey S-4XL6,https://minkang.x.yupoo.com/albums/240052999?uid=1&isSubCate=false&referrercate=680738,https://photo.yupoo.com/minkang/beba6d0630/square.jpg,9
Brasileirao Serie A,Bahia 26/27 Away Vest Jersey S-4XL6,https://minkang.x.yupoo.com/albums/240052999?uid=1&isSubCate=false&referrercate=680738,https://photo.yupoo.com/minkang/7078fb509c/square.jpg,10
Brasileirao Serie A,Bahia 26/27 Away Vest Jersey S-4XL6,https://minkang.x.yupoo.com/albums/240052999?uid=1&isSubCate=false&referrercate=680738,https://photo.yupoo.com/minkang/9d8194b41e/square.jpg,11
Brasileirao Serie A,Bahia 26/27 Away Vest Jersey S-4XL6,https://minkang.x.yupoo.com/albums/240052999?uid=1&isSubCate=false&referrercate=680738,https://photo.yupoo.com/minkang/343c9c9f81/square.jpg,12
Brasileirao Serie A,Bahia 26/27 Away Kids Kit Jersey SIZE 16-2810,https://minkang.x.yupoo.com/albums/240052696?uid=1&isSubCate=false&referrercate=680738,https://photo.yupoo.com/minkang/7b6d9042c7/large.jpg,1
Brasileirao Serie A,Bahia 26/27 Away Kids Kit Jersey SIZE 16-2810,https://minkang.x.yupoo.com/albums/240052696?uid=1&isSubCate=false&referrercate=680738,https://photo.yupoo.com/minkang/38761f8603/large.jpg,2
Brasileirao Serie A,Bahia 26/27 Away Kids Kit Jersey SIZE 16-2810,https://minkang.x.yupoo.com/albums/240052696?uid=1&isSubCate=false&referrercate=680738,https://photo.yupoo.com/minkang/9b4a44b4a0/large.jpg,3
Brasileirao Serie A,Bahia 26/27 Away Kids Kit Jersey SIZE 16-2810,https://minkang.x.yupoo.com/albums/240052696?uid=1&isSubCate=false&referrercate=680738,https://photo.yupoo.com/minkang/518d78bc63/large.jpg,4
Brasileirao Serie A,Bahia 26/27 Away Kids Kit Jersey SIZE 16-2810,https://minkang.x.yupoo.com/albums/240052696?uid=1&isSubCate=false&referrercate=680738,https://photo.yupoo.com/minkang/cbb89b76ff/large.jpg,5
Brasileirao Serie A,Bahia 26/27 Away Kids Kit Jersey SIZE 16-2810,https://minkang.x.yupoo.com/albums/240052696?uid=1&isSubCate=false&referrercate=680738,https://photo.yupoo.com/minkang/0f8eb7f13f/large.jpg,6
Brasileirao Serie A,Bahia 26/27 Away Kids Kit Jersey SIZE 16-2810,https://minkang.x.yupoo.com/albums/240052696?uid=1&isSubCate=false&referrercate=680738,https://photo.yupoo.com/minkang/9ee123a00b/large.jpg,7
Brasileirao Serie A,Bahia 26/27 Away Kids Kit Jersey SIZE 16-2810,https://minkang.x.yupoo.com/albums/240052696?uid=1&isSubCate=false&referrercate=680738,https://photo.yupoo.com/minkang/a4d4b49797/large.jpg,8
Brasileirao Serie A,Bahia 26/27 Away Kids Kit Jersey SIZE 16-2810,https://minkang.x.yupoo.com/albums/240052696?uid=1&isSubCate=false&referrercate=680738,https://photo.yupoo.com/minkang/a3c12f7f57/large.jpg,9
Brasileirao Serie A,Bahia 26/27 Away Kids Kit Jersey SIZE 16-2810,https://minkang.x.yupoo.com/albums/240052696?uid=1&isSubCate=false&referrercate=680738,https://photo.yupoo.com/minkang/c6ec0ad52d/large.jpg,10
Brasileirao Serie A,Bahia 26/27 Away Kids Kit Jersey SIZE 16-2810,https://minkang.x.yupoo.com/albums/240052696?uid=1&isSubCate=false&referrercate=680738,https://photo.yupoo.com/minkang/7b6d9042c7/square.jpg,11
Brasileirao Serie A,Bahia 26/27 Away Kids Kit Jersey SIZE 16-2810,https://minkang.x.yupoo.com/albums/240052696?uid=1&isSubCate=false&referrercate=680738,https://photo.yupoo.com/minkang/38761f8603/square.jpg,12
Brasileirao Serie A,Bahia 26/27 Away Kids Kit Jersey SIZE 16-2810,https://minkang.x.yupoo.com/albums/240052696?uid=1&isSubCate=false&referrercate=680738,https://photo.yupoo.com/minkang/9b4a44b4a0/square.jpg,13
Brasileirao Serie A,Bahia 26/27 Away Kids Kit Jersey SIZE 16-2810,https://minkang.x.yupoo.com/albums/240052696?uid=1&isSubCate=false&referrercate=680738,https://photo.yupoo.com/minkang/518d78bc63/square.jpg,14
Brasileirao Serie A,Bahia 26/27 Away Kids Kit Jersey SIZE 16-2810,https://minkang.x.yupoo.com/albums/240052696?uid=1&isSubCate=false&referrercate=680738,https://photo.yupoo.com/minkang/cbb89b76ff/square.jpg,15
Brasileirao Serie A,Bahia 26/27 Away Kids Kit Jersey SIZE 16-2810,https://minkang.x.yupoo.com/albums/240052696?uid=1&isSubCate=false&referrercate=680738,https://photo.yupoo.com/minkang/0f8eb7f13f/square.jpg,16
Brasileirao Serie A,Bahia 26/27 Away Kids Kit Jersey SIZE 16-2810,https://minkang.x.yupoo.com/albums/240052696?uid=1&isSubCate=false&referrercate=680738,https://photo.yupoo.com/minkang/9ee123a00b/square.jpg,17
Brasileirao Serie A,Bahia 26/27 Away Kids Kit Jersey SIZE 16-2810,https://minkang.x.yupoo.com/albums/240052696?uid=1&isSubCate=false&referrercate=680738,https://photo.yupoo.com/minkang/a4d4b49797/square.jpg,18
Brasileirao Serie A,Bahia 26/27 Away Kids Kit Jersey SIZE 16-2810,https://minkang.x.yupoo.com/albums/240052696?uid=1&isSubCate=false&referrercate=680738,https://photo.yupoo.com/minkang/a3c12f7f57/square.jpg,19
Brasileirao Serie A,Bahia 26/27 Away Kids Kit Jersey SIZE 16-2810,https://minkang.x.yupoo.com/albums/240052696?uid=1&isSubCate=false&referrercate=680738,https://photo.yupoo.com/minkang/c6ec0ad52d/square.jpg,20
Brasileirao Serie A,Sport Recife 26/27 Away Jersey S-4XL9,https://minkang.x.yupoo.com/albums/239484235?uid=1&isSubCate=false&referrercate=680738,https://photo.yupoo.com/minkang/4265ba0ff2/large.jpg,1
Brasileirao Serie A,Sport Recife 26/27 Away Jersey S-4XL9,https://minkang.x.yupoo.com/albums/239484235?uid=1&isSubCate=false&referrercate=680738,https://photo.yupoo.com/minkang/07503f9f90/large.jpg,2
Brasileirao Serie A,Sport Recife 26/27 Away Jersey S-4XL9,https://minkang.x.yupoo.com/albums/239484235?uid=1&isSubCate=false&referrercate=680738,https://photo.yupoo.com/minkang/37d53021f0/large.jpg,3
Brasileirao Serie A,Sport Recife 26/27 Away Jersey S-4XL9,https://minkang.x.yupoo.com/albums/239484235?uid=1&isSubCate=false&referrercate=680738,https://photo.yupoo.com/minkang/bc899c0aed/large.jpg,4
Brasileirao Serie A,Sport Recife 26/27 Away Jersey S-4XL9,https://minkang.x.yupoo.com/albums/239484235?uid=1&isSubCate=false&referrercate=680738,https://photo.yupoo.com/minkang/5821b36297/large.jpg,5
Brasileirao Serie A,Sport Recife 26/27 Away Jersey S-4XL9,https://minkang.x.yupoo.com/albums/239484235?uid=1&isSubCate=false&referrercate=680738,https://photo.yupoo.com/minkang/2b9bc8f2f4/large.jpg,6
Brasileirao Serie A,Sport Recife 26/27 Away Jersey S-4XL9,https://minkang.x.yupoo.com/albums/239484235?uid=1&isSubCate=false&referrercate=680738,https://photo.yupoo.com/minkang/c0d1e30f19/large.jpg,7
Brasileirao Serie A,Sport Recife 26/27 Away Jersey S-4XL9,https://minkang.x.yupoo.com/albums/239484235?uid=1&isSubCate=false&referrercate=680738,https://photo.yupoo.com/minkang/c65693fc24/large.jpg,8
Brasileirao Serie A,Sport Recife 26/27 Away Jersey S-4XL9,https://minkang.x.yupoo.com/albums/239484235?uid=1&isSubCate=false&referrercate=680738,https://photo.yupoo.com/minkang/e07fe2785d/large.jpg,9
Brasileirao Serie A,Sport Recife 26/27 Away Jersey S-4XL9,https://minkang.x.yupoo.com/albums/239484235?uid=1&isSubCate=false&referrercate=680738,https://photo.yupoo.com/minkang/4265ba0ff2/square.jpg,10
Brasileirao Serie A,Sport Recife 26/27 Away Jersey S-4XL9,https://minkang.x.yupoo.com/albums/239484235?uid=1&isSubCate=false&referrercate=680738,https://photo.yupoo.com/minkang/07503f9f90/square.jpg,11
Brasileirao Serie A,Sport Recife 26/27 Away Jersey S-4XL9,https://minkang.x.yupoo.com/albums/239484235?uid=1&isSubCate=false&referrercate=680738,https://photo.yupoo.com/minkang/37d53021f0/square.jpg,12
Brasileirao Serie A,Sport Recife 26/27 Away Jersey S-4XL9,https://minkang.x.yupoo.com/albums/239484235?uid=1&isSubCate=false&referrercate=680738,https://photo.yupoo.com/minkang/bc899c0aed/square.jpg,13
Brasileirao Serie A,Sport Recife 26/27 Away Jersey S-4XL9,https://minkang.x.yupoo.com/albums/239484235?uid=1&isSubCate=false&referrercate=680738,https://photo.yupoo.com/minkang/5821b36297/square.jpg,14
Brasileirao Serie A,Sport Recife 26/27 Away Jersey S-4XL9,https://minkang.x.yupoo.com/albums/239484235?uid=1&isSubCate=false&referrercate=680738,https://photo.yupoo.com/minkang/2b9bc8f2f4/square.jpg,15
Brasileirao Serie A,Sport Recife 26/27 Away Jersey S-4XL9,https://minkang.x.yupoo.com/albums/239484235?uid=1&isSubCate=false&referrercate=680738,https://photo.yupoo.com/minkang/c0d1e30f19/square.jpg,16
Brasileirao Serie A,Sport Recife 26/27 Away Jersey S-4XL9,https://minkang.x.yupoo.com/albums/239484235?uid=1&isSubCate=false&referrercate=680738,https://photo.yupoo.com/minkang/c65693fc24/square.jpg,17
Brasileirao Serie A,Sport Recife 26/27 Away Jersey S-4XL9,https://minkang.x.yupoo.com/albums/239484235?uid=1&isSubCate=false&referrercate=680738,https://photo.yupoo.com/minkang/e07fe2785d/square.jpg,18
Brasileirao Serie A,Santos 26/27 Away Player Version Jersey S-3XL10,https://minkang.x.yupoo.com/albums/239483010?uid=1&isSubCate=false&referrercate=680738,https://photo.yupoo.com/minkang/44f3325e63/large.jpg,1
Brasileirao Serie A,Santos 26/27 Away Player Version Jersey S-3XL10,https://minkang.x.yupoo.com/albums/239483010?uid=1&isSubCate=false&referrercate=680738,https://photo.yupoo.com/minkang/299ea7b999/large.jpg,2
Brasileirao Serie A,Santos 26/27 Away Player Version Jersey S-3XL10,https://minkang.x.yupoo.com/albums/239483010?uid=1&isSubCate=false&referrercate=680738,https://photo.yupoo.com/minkang/2ea6c645ff/large.jpg,3
Brasileirao Serie A,Santos 26/27 Away Player Version Jersey S-3XL10,https://minkang.x.yupoo.com/albums/239483010?uid=1&isSubCate=false&referrercate=680738,https://photo.yupoo.com/minkang/c971ab5148/large.jpg,4
Brasileirao Serie A,Santos 26/27 Away Player Version Jersey S-3XL10,https://minkang.x.yupoo.com/albums/239483010?uid=1&isSubCate=false&referrercate=680738,https://photo.yupoo.com/minkang/1bd44efe43/large.jpg,5
Brasileirao Serie A,Santos 26/27 Away Player Version Jersey S-3XL10,https://minkang.x.yupoo.com/albums/239483010?uid=1&isSubCate=false&referrercate=680738,https://photo.yupoo.com/minkang/7818bd1661/large.jpg,6
Brasileirao Serie A,Santos 26/27 Away Player Version Jersey S-3XL10,https://minkang.x.yupoo.com/albums/239483010?uid=1&isSubCate=false&referrercate=680738,https://photo.yupoo.com/minkang/c578fa73cd/large.jpg,7
Brasileirao Serie A,Santos 26/27 Away Player Version Jersey S-3XL10,https://minkang.x.yupoo.com/albums/239483010?uid=1&isSubCate=false&referrercate=680738,https://photo.yupoo.com/minkang/be8dfbb591/large.jpg,8
Brasileirao Serie A,Santos 26/27 Away Player Version Jersey S-3XL10,https://minkang.x.yupoo.com/albums/239483010?uid=1&isSubCate=false&referrercate=680738,https://photo.yupoo.com/minkang/e1d456731e/large.jpg,9
Brasileirao Serie A,Santos 26/27 Away Player Version Jersey S-3XL10,https://minkang.x.yupoo.com/albums/239483010?uid=1&isSubCate=false&referrercate=680738,https://photo.yupoo.com/minkang/d8f80b4c55/large.jpg,10
Brasileirao Serie A,Santos 26/27 Away Player Version Jersey S-3XL10,https://minkang.x.yupoo.com/albums/239483010?uid=1&isSubCate=false&referrercate=680738,https://photo.yupoo.com/minkang/299ea7b999/square.jpg,11
Brasileirao Serie A,Santos 26/27 Away Player Version Jersey S-3XL10,https://minkang.x.yupoo.com/albums/239483010?uid=1&isSubCate=false&referrercate=680738,https://photo.yupoo.com/minkang/44f3325e63/square.jpg,12
Brasileirao Serie A,Santos 26/27 Away Player Version Jersey S-3XL10,https://minkang.x.yupoo.com/albums/239483010?uid=1&isSubCate=false&referrercate=680738,https://photo.yupoo.com/minkang/2ea6c645ff/square.jpg,13
Brasileirao Serie A,Santos 26/27 Away Player Version Jersey S-3XL10,https://minkang.x.yupoo.com/albums/239483010?uid=1&isSubCate=false&referrercate=680738,https://photo.yupoo.com/minkang/c971ab5148/square.jpg,14
Brasileirao Serie A,Santos 26/27 Away Player Version Jersey S-3XL10,https://minkang.x.yupoo.com/albums/239483010?uid=1&isSubCate=false&referrercate=680738,https://photo.yupoo.com/minkang/1bd44efe43/square.jpg,15
Brasileirao Serie A,Santos 26/27 Away Player Version Jersey S-3XL10,https://minkang.x.yupoo.com/albums/239483010?uid=1&isSubCate=false&referrercate=680738,https://photo.yupoo.com/minkang/7818bd1661/square.jpg,16
Brasileirao Serie A,Santos 26/27 Away Player Version Jersey S-3XL10,https://minkang.x.yupoo.com/albums/239483010?uid=1&isSubCate=false&referrercate=680738,https://photo.yupoo.com/minkang/c578fa73cd/square.jpg,17
Brasileirao Serie A,Santos 26/27 Away Player Version Jersey S-3XL10,https://minkang.x.yupoo.com/albums/239483010?uid=1&isSubCate=false&referrercate=680738,https://photo.yupoo.com/minkang/be8dfbb591/square.jpg,18
Brasileirao Serie A,Santos 26/27 Away Player Version Jersey S-3XL10,https://minkang.x.yupoo.com/albums/239483010?uid=1&isSubCate=false&referrercate=680738,https://photo.yupoo.com/minkang/e1d456731e/square.jpg,19
Brasileirao Serie A,Santos 26/27 Away Player Version Jersey S-3XL10,https://minkang.x.yupoo.com/albums/239483010?uid=1&isSubCate=false&referrercate=680738,https://photo.yupoo.com/minkang/d8f80b4c55/square.jpg,20
Brasileirao Serie A,Flamengo 26/27 Home Baby Jersey Size 9128,https://minkang.x.yupoo.com/albums/239480602?uid=1&isSubCate=false&referrercate=680738,https://photo.yupoo.com/minkang/cc826f92ea/large.jpg,1
Brasileirao Serie A,Flamengo 26/27 Home Baby Jersey Size 9128,https://minkang.x.yupoo.com/albums/239480602?uid=1&isSubCate=false&referrercate=680738,https://photo.yupoo.com/minkang/0f4793013b/large.jpg,2
Brasileirao Serie A,Flamengo 26/27 Home Baby Jersey Size 9128,https://minkang.x.yupoo.com/albums/239480602?uid=1&isSubCate=false&referrercate=680738,https://photo.yupoo.com/minkang/d480df6a01/large.jpg,3
Brasileirao Serie A,Flamengo 26/27 Home Baby Jersey Size 9128,https://minkang.x.yupoo.com/albums/239480602?uid=1&isSubCate=false&referrercate=680738,https://photo.yupoo.com/minkang/ba12e60089/large.jpg,4
Brasileirao Serie A,Flamengo 26/27 Home Baby Jersey Size 9128,https://minkang.x.yupoo.com/albums/239480602?uid=1&isSubCate=false&referrercate=680738,https://photo.yupoo.com/minkang/f444c32972/large.jpg,5
Brasileirao Serie A,Flamengo 26/27 Home Baby Jersey Size 9128,https://minkang.x.yupoo.com/albums/239480602?uid=1&isSubCate=false&referrercate=680738,https://photo.yupoo.com/minkang/c9dfb9a1d9/large.jpg,6
Brasileirao Serie A,Flamengo 26/27 Home Baby Jersey Size 9128,https://minkang.x.yupoo.com/albums/239480602?uid=1&isSubCate=false&referrercate=680738,https://photo.yupoo.com/minkang/5f33c26d85/large.jpg,7
Brasileirao Serie A,Flamengo 26/27 Home Baby Jersey Size 9128,https://minkang.x.yupoo.com/albums/239480602?uid=1&isSubCate=false&referrercate=680738,https://photo.yupoo.com/minkang/9f7d57f869/large.jpg,8
Brasileirao Serie A,Flamengo 26/27 Home Baby Jersey Size 9128,https://minkang.x.yupoo.com/albums/239480602?uid=1&isSubCate=false&referrercate=680738,https://photo.yupoo.com/minkang/cc826f92ea/square.jpg,9
Brasileirao Serie A,Flamengo 26/27 Home Baby Jersey Size 9128,https://minkang.x.yupoo.com/albums/239480602?uid=1&isSubCate=false&referrercate=680738,https://photo.yupoo.com/minkang/0f4793013b/square.jpg,10
Brasileirao Serie A,Flamengo 26/27 Home Baby Jersey Size 9128,https://minkang.x.yupoo.com/albums/239480602?uid=1&isSubCate=false&referrercate=680738,https://photo.yupoo.com/minkang/d480df6a01/square.jpg,11
Brasileirao Serie A,Flamengo 26/27 Home Baby Jersey Size 9128,https://minkang.x.yupoo.com/albums/239480602?uid=1&isSubCate=false&referrercate=680738,https://photo.yupoo.com/minkang/ba12e60089/square.jpg,12
Brasileirao Serie A,Flamengo 26/27 Home Baby Jersey Size 9128,https://minkang.x.yupoo.com/albums/239480602?uid=1&isSubCate=false&referrercate=680738,https://photo.yupoo.com/minkang/f444c32972/square.jpg,13
Brasileirao Serie A,Flamengo 26/27 Home Baby Jersey Size 9128,https://minkang.x.yupoo.com/albums/239480602?uid=1&isSubCate=false&referrercate=680738,https://photo.yupoo.com/minkang/c9dfb9a1d9/square.jpg,14
Brasileirao Serie A,Flamengo 26/27 Home Baby Jersey Size 9128,https://minkang.x.yupoo.com/albums/239480602?uid=1&isSubCate=false&referrercate=680738,https://photo.yupoo.com/minkang/5f33c26d85/square.jpg,15
Brasileirao Serie A,Flamengo 26/27 Home Baby Jersey Size 9128,https://minkang.x.yupoo.com/albums/239480602?uid=1&isSubCate=false&referrercate=680738,https://photo.yupoo.com/minkang/9f7d57f869/square.jpg,16
Brasileirao Serie A,Bahia 26/27 Away Women's Jersey S-XXL7,https://minkang.x.yupoo.com/albums/239478469?uid=1&isSubCate=false&referrercate=680738,https://photo.yupoo.com/minkang/098642ab72/large.jpg,1
Brasileirao Serie A,Bahia 26/27 Away Women's Jersey S-XXL7,https://minkang.x.yupoo.com/albums/239478469?uid=1&isSubCate=false&referrercate=680738,https://photo.yupoo.com/minkang/19ee0034ab/large.jpg,2
Brasileirao Serie A,Bahia 26/27 Away Women's Jersey S-XXL7,https://minkang.x.yupoo.com/albums/239478469?uid=1&isSubCate=false&referrercate=680738,https://photo.yupoo.com/minkang/ce66d1d77d/large.jpg,3
Brasileirao Serie A,Bahia 26/27 Away Women's Jersey S-XXL7,https://minkang.x.yupoo.com/albums/239478469?uid=1&isSubCate=false&referrercate=680738,https://photo.yupoo.com/minkang/11366a0d6f/large.jpg,4
Brasileirao Serie A,Bahia 26/27 Away Women's Jersey S-XXL7,https://minkang.x.yupoo.com/albums/239478469?uid=1&isSubCate=false&referrercate=680738,https://photo.yupoo.com/minkang/623bb1f094/large.jpg,5
Brasileirao Serie A,Bahia 26/27 Away Women's Jersey S-XXL7,https://minkang.x.yupoo.com/albums/239478469?uid=1&isSubCate=false&referrercate=680738,https://photo.yupoo.com/minkang/d30fc8959a/large.jpg,6
Brasileirao Serie A,Bahia 26/27 Away Women's Jersey S-XXL7,https://minkang.x.yupoo.com/albums/239478469?uid=1&isSubCate=false&referrercate=680738,https://photo.yupoo.com/minkang/5605d41dcf/large.jpg,7
Brasileirao Serie A,Bahia 26/27 Away Women's Jersey S-XXL7,https://minkang.x.yupoo.com/albums/239478469?uid=1&isSubCate=false&referrercate=680738,https://photo.yupoo.com/minkang/098642ab72/square.jpg,8
Brasileirao Serie A,Bahia 26/27 Away Women's Jersey S-XXL7,https://minkang.x.yupoo.com/albums/239478469?uid=1&isSubCate=false&referrercate=680738,https://photo.yupoo.com/minkang/19ee0034ab/square.jpg,9
Brasileirao Serie A,Bahia 26/27 Away Women's Jersey S-XXL7,https://minkang.x.yupoo.com/albums/239478469?uid=1&isSubCate=false&referrercate=680738,https://photo.yupoo.com/minkang/ce66d1d77d/square.jpg,10
Brasileirao Serie A,Bahia 26/27 Away Women's Jersey S-XXL7,https://minkang.x.yupoo.com/albums/239478469?uid=1&isSubCate=false&referrercate=680738,https://photo.yupoo.com/minkang/11366a0d6f/square.jpg,11
Brasileirao Serie A,Bahia 26/27 Away Women's Jersey S-XXL7,https://minkang.x.yupoo.com/albums/239478469?uid=1&isSubCate=false&referrercate=680738,https://photo.yupoo.com/minkang/623bb1f094/square.jpg,12
Brasileirao Serie A,Bahia 26/27 Away Women's Jersey S-XXL7,https://minkang.x.yupoo.com/albums/239478469?uid=1&isSubCate=false&referrercate=680738,https://photo.yupoo.com/minkang/d30fc8959a/square.jpg,13
Brasileirao Serie A,Bahia 26/27 Away Women's Jersey S-XXL7,https://minkang.x.yupoo.com/albums/239478469?uid=1&isSubCate=false&referrercate=680738,https://photo.yupoo.com/minkang/5605d41dcf/square.jpg,14
Brasileirao Serie A,Santos 26/27 Home Player Version Jersey S-3XL9,https://minkang.x.yupoo.com/albums/239253507?uid=1&isSubCate=false&referrercate=680738,https://photo.yupoo.com/minkang/51c79dc86e/large.jpg,1
Brasileirao Serie A,Santos 26/27 Home Player Version Jersey S-3XL9,https://minkang.x.yupoo.com/albums/239253507?uid=1&isSubCate=false&referrercate=680738,https://photo.yupoo.com/minkang/b3b376f1dc/large.jpg,2
Brasileirao Serie A,Santos 26/27 Home Player Version Jersey S-3XL9,https://minkang.x.yupoo.com/albums/239253507?uid=1&isSubCate=false&referrercate=680738,https://photo.yupoo.com/minkang/160d827af7/large.jpg,3
Brasileirao Serie A,Santos 26/27 Home Player Version Jersey S-3XL9,https://minkang.x.yupoo.com/albums/239253507?uid=1&isSubCate=false&referrercate=680738,https://photo.yupoo.com/minkang/d0a8951065/large.jpg,4
Brasileirao Serie A,Santos 26/27 Home Player Version Jersey S-3XL9,https://minkang.x.yupoo.com/albums/239253507?uid=1&isSubCate=false&referrercate=680738,https://photo.yupoo.com/minkang/1176559634/large.jpg,5
Brasileirao Serie A,Santos 26/27 Home Player Version Jersey S-3XL9,https://minkang.x.yupoo.com/albums/239253507?uid=1&isSubCate=false&referrercate=680738,https://photo.yupoo.com/minkang/395116a9c5/large.jpg,6
Brasileirao Serie A,Santos 26/27 Home Player Version Jersey S-3XL9,https://minkang.x.yupoo.com/albums/239253507?uid=1&isSubCate=false&referrercate=680738,https://photo.yupoo.com/minkang/3779df2396/large.jpg,7
Brasileirao Serie A,Santos 26/27 Home Player Version Jersey S-3XL9,https://minkang.x.yupoo.com/albums/239253507?uid=1&isSubCate=false&referrercate=680738,https://photo.yupoo.com/minkang/7dcf6e3369/large.jpg,8
Brasileirao Serie A,Santos 26/27 Home Player Version Jersey S-3XL9,https://minkang.x.yupoo.com/albums/239253507?uid=1&isSubCate=false&referrercate=680738,https://photo.yupoo.com/minkang/be7171ce0b/large.jpg,9
Brasileirao Serie A,Santos 26/27 Home Player Version Jersey S-3XL9,https://minkang.x.yupoo.com/albums/239253507?uid=1&isSubCate=false&referrercate=680738,https://photo.yupoo.com/minkang/b3b376f1dc/square.jpg,10
Brasileirao Serie A,Santos 26/27 Home Player Version Jersey S-3XL9,https://minkang.x.yupoo.com/albums/239253507?uid=1&isSubCate=false&referrercate=680738,https://photo.yupoo.com/minkang/51c79dc86e/square.jpg,11
Brasileirao Serie A,Santos 26/27 Home Player Version Jersey S-3XL9,https://minkang.x.yupoo.com/albums/239253507?uid=1&isSubCate=false&referrercate=680738,https://photo.yupoo.com/minkang/160d827af7/square.jpg,12
Brasileirao Serie A,Santos 26/27 Home Player Version Jersey S-3XL9,https://minkang.x.yupoo.com/albums/239253507?uid=1&isSubCate=false&referrercate=680738,https://photo.yupoo.com/minkang/d0a8951065/square.jpg,13
Brasileirao Serie A,Santos 26/27 Home Player Version Jersey S-3XL9,https://minkang.x.yupoo.com/albums/239253507?uid=1&isSubCate=false&referrercate=680738,https://photo.yupoo.com/minkang/1176559634/square.jpg,14
Brasileirao Serie A,Santos 26/27 Home Player Version Jersey S-3XL9,https://minkang.x.yupoo.com/albums/239253507?uid=1&isSubCate=false&referrercate=680738,https://photo.yupoo.com/minkang/395116a9c5/square.jpg,15
Brasileirao Serie A,Santos 26/27 Home Player Version Jersey S-3XL9,https://minkang.x.yupoo.com/albums/239253507?uid=1&isSubCate=false&referrercate=680738,https://photo.yupoo.com/minkang/3779df2396/square.jpg,16
Brasileirao Serie A,Santos 26/27 Home Player Version Jersey S-3XL9,https://minkang.x.yupoo.com/albums/239253507?uid=1&isSubCate=false&referrercate=680738,https://photo.yupoo.com/minkang/7dcf6e3369/square.jpg,17
Brasileirao Serie A,Santos 26/27 Home Player Version Jersey S-3XL9,https://minkang.x.yupoo.com/albums/239253507?uid=1&isSubCate=false&referrercate=680738,https://photo.yupoo.com/minkang/be7171ce0b/square.jpg,18
Brasileirao Serie A,Gremio 26/27 Away Player Version Jersey S-3XL10,https://minkang.x.yupoo.com/albums/239252657?uid=1&isSubCate=false&referrercate=680738,https://photo.yupoo.com/minkang/e00813abea/large.jpg,1
Brasileirao Serie A,Gremio 26/27 Away Player Version Jersey S-3XL10,https://minkang.x.yupoo.com/albums/239252657?uid=1&isSubCate=false&referrercate=680738,https://photo.yupoo.com/minkang/0df5d9074f/large.jpg,2
Brasileirao Serie A,Gremio 26/27 Away Player Version Jersey S-3XL10,https://minkang.x.yupoo.com/albums/239252657?uid=1&isSubCate=false&referrercate=680738,https://photo.yupoo.com/minkang/0b7908afc1/large.jpg,3
Brasileirao Serie A,Gremio 26/27 Away Player Version Jersey S-3XL10,https://minkang.x.yupoo.com/albums/239252657?uid=1&isSubCate=false&referrercate=680738,https://photo.yupoo.com/minkang/b7ce7dfda2/large.jpg,4
Brasileirao Serie A,Gremio 26/27 Away Player Version Jersey S-3XL10,https://minkang.x.yupoo.com/albums/239252657?uid=1&isSubCate=false&referrercate=680738,https://photo.yupoo.com/minkang/7078880efd/large.jpg,5
Brasileirao Serie A,Gremio 26/27 Away Player Version Jersey S-3XL10,https://minkang.x.yupoo.com/albums/239252657?uid=1&isSubCate=false&referrercate=680738,https://photo.yupoo.com/minkang/2d18b5c3c8/large.jpg,6
Brasileirao Serie A,Gremio 26/27 Away Player Version Jersey S-3XL10,https://minkang.x.yupoo.com/albums/239252657?uid=1&isSubCate=false&referrercate=680738,https://photo.yupoo.com/minkang/cc4e7ba6bf/large.jpg,7
Brasileirao Serie A,Gremio 26/27 Away Player Version Jersey S-3XL10,https://minkang.x.yupoo.com/albums/239252657?uid=1&isSubCate=false&referrercate=680738,https://photo.yupoo.com/minkang/c24def78d2/large.jpg,8
Brasileirao Serie A,Gremio 26/27 Away Player Version Jersey S-3XL10,https://minkang.x.yupoo.com/albums/239252657?uid=1&isSubCate=false&referrercate=680738,https://photo.yupoo.com/minkang/d79e325b23/large.jpg,9
Brasileirao Serie A,Gremio 26/27 Away Player Version Jersey S-3XL10,https://minkang.x.yupoo.com/albums/239252657?uid=1&isSubCate=false&referrercate=680738,https://photo.yupoo.com/minkang/a2aeed5ef8/large.jpg,10
Brasileirao Serie A,Gremio 26/27 Away Player Version Jersey S-3XL10,https://minkang.x.yupoo.com/albums/239252657?uid=1&isSubCate=false&referrercate=680738,https://photo.yupoo.com/minkang/0df5d9074f/square.jpg,11
Brasileirao Serie A,Gremio 26/27 Away Player Version Jersey S-3XL10,https://minkang.x.yupoo.com/albums/239252657?uid=1&isSubCate=false&referrercate=680738,https://photo.yupoo.com/minkang/e00813abea/square.jpg,12
Brasileirao Serie A,Gremio 26/27 Away Player Version Jersey S-3XL10,https://minkang.x.yupoo.com/albums/239252657?uid=1&isSubCate=false&referrercate=680738,https://photo.yupoo.com/minkang/0b7908afc1/square.jpg,13
Brasileirao Serie A,Gremio 26/27 Away Player Version Jersey S-3XL10,https://minkang.x.yupoo.com/albums/239252657?uid=1&isSubCate=false&referrercate=680738,https://photo.yupoo.com/minkang/b7ce7dfda2/square.jpg,14
Brasileirao Serie A,Gremio 26/27 Away Player Version Jersey S-3XL10,https://minkang.x.yupoo.com/albums/239252657?uid=1&isSubCate=false&referrercate=680738,https://photo.yupoo.com/minkang/7078880efd/square.jpg,15
Brasileirao Serie A,Gremio 26/27 Away Player Version Jersey S-3XL10,https://minkang.x.yupoo.com/albums/239252657?uid=1&isSubCate=false&referrercate=680738,https://photo.yupoo.com/minkang/2d18b5c3c8/square.jpg,16
Brasileirao Serie A,Gremio 26/27 Away Player Version Jersey S-3XL10,https://minkang.x.yupoo.com/albums/239252657?uid=1&isSubCate=false&referrercate=680738,https://photo.yupoo.com/minkang/cc4e7ba6bf/square.jpg,17
Brasileirao Serie A,Gremio 26/27 Away Player Version Jersey S-3XL10,https://minkang.x.yupoo.com/albums/239252657?uid=1&isSubCate=false&referrercate=680738,https://photo.yupoo.com/minkang/c24def78d2/square.jpg,18
Brasileirao Serie A,Gremio 26/27 Away Player Version Jersey S-3XL10,https://minkang.x.yupoo.com/albums/239252657?uid=1&isSubCate=false&referrercate=680738,https://photo.yupoo.com/minkang/d79e325b23/square.jpg,19
Brasileirao Serie A,Gremio 26/27 Away Player Version Jersey S-3XL10,https://minkang.x.yupoo.com/albums/239252657?uid=1&isSubCate=false&referrercate=680738,https://photo.yupoo.com/minkang/a2aeed5ef8/square.jpg,20
Brasileirao Serie A,Sao Paulo 26/27 Away Women's Jersey S-XXL11,https://minkang.x.yupoo.com/albums/239061548?uid=1&isSubCate=false&referrercate=680738,https://photo.yupoo.com/minkang/18747408d7/large.jpg,1
Brasileirao Serie A,Sao Paulo 26/27 Away Women's Jersey S-XXL11,https://minkang.x.yupoo.com/albums/239061548?uid=1&isSubCate=false&referrercate=680738,https://photo.yupoo.com/minkang/97a955d273/large.jpg,2
Brasileirao Serie A,Sao Paulo 26/27 Away Women's Jersey S-XXL11,https://minkang.x.yupoo.com/albums/239061548?uid=1&isSubCate=false&referrercate=680738,https://photo.yupoo.com/minkang/bbe8750d33/large.jpg,3
Brasileirao Serie A,Sao Paulo 26/27 Away Women's Jersey S-XXL11,https://minkang.x.yupoo.com/albums/239061548?uid=1&isSubCate=false&referrercate=680738,https://photo.yupoo.com/minkang/bfffdb74e5/large.jpg,4
Brasileirao Serie A,Sao Paulo 26/27 Away Women's Jersey S-XXL11,https://minkang.x.yupoo.com/albums/239061548?uid=1&isSubCate=false&referrercate=680738,https://photo.yupoo.com/minkang/d3548951e1/large.jpg,5
Brasileirao Serie A,Sao Paulo 26/27 Away Women's Jersey S-XXL11,https://minkang.x.yupoo.com/albums/239061548?uid=1&isSubCate=false&referrercate=680738,https://photo.yupoo.com/minkang/4c196ec555/large.jpg,6
Brasileirao Serie A,Sao Paulo 26/27 Away Women's Jersey S-XXL11,https://minkang.x.yupoo.com/albums/239061548?uid=1&isSubCate=false&referrercate=680738,https://photo.yupoo.com/minkang/3a5bcbb1b8/large.jpg,7
Brasileirao Serie A,Sao Paulo 26/27 Away Women's Jersey S-XXL11,https://minkang.x.yupoo.com/albums/239061548?uid=1&isSubCate=false&referrercate=680738,https://photo.yupoo.com/minkang/aa16e4d57b/large.jpg,8
Brasileirao Serie A,Sao Paulo 26/27 Away Women's Jersey S-XXL11,https://minkang.x.yupoo.com/albums/239061548?uid=1&isSubCate=false&referrercate=680738,https://photo.yupoo.com/minkang/4320c4cc45/large.jpg,9
Brasileirao Serie A,Sao Paulo 26/27 Away Women's Jersey S-XXL11,https://minkang.x.yupoo.com/albums/239061548?uid=1&isSubCate=false&referrercate=680738,https://photo.yupoo.com/minkang/9b3c6e0333/large.jpg,10
Brasileirao Serie A,Sao Paulo 26/27 Away Women's Jersey S-XXL11,https://minkang.x.yupoo.com/albums/239061548?uid=1&isSubCate=false&referrercate=680738,https://photo.yupoo.com/minkang/9edfc16ca5/large.jpg,11
Brasileirao Serie A,Sao Paulo 26/27 Away Women's Jersey S-XXL11,https://minkang.x.yupoo.com/albums/239061548?uid=1&isSubCate=false&referrercate=680738,https://photo.yupoo.com/minkang/97a955d273/square.jpg,12
Brasileirao Serie A,Sao Paulo 26/27 Away Women's Jersey S-XXL11,https://minkang.x.yupoo.com/albums/239061548?uid=1&isSubCate=false&referrercate=680738,https://photo.yupoo.com/minkang/18747408d7/square.jpg,13
Brasileirao Serie A,Sao Paulo 26/27 Away Women's Jersey S-XXL11,https://minkang.x.yupoo.com/albums/239061548?uid=1&isSubCate=false&referrercate=680738,https://photo.yupoo.com/minkang/bbe8750d33/square.jpg,14
Brasileirao Serie A,Sao Paulo 26/27 Away Women's Jersey S-XXL11,https://minkang.x.yupoo.com/albums/239061548?uid=1&isSubCate=false&referrercate=680738,https://photo.yupoo.com/minkang/bfffdb74e5/square.jpg,15
Brasileirao Serie A,Sao Paulo 26/27 Away Women's Jersey S-XXL11,https://minkang.x.yupoo.com/albums/239061548?uid=1&isSubCate=false&referrercate=680738,https://photo.yupoo.com/minkang/d3548951e1/square.jpg,16
Brasileirao Serie A,Sao Paulo 26/27 Away Women's Jersey S-XXL11,https://minkang.x.yupoo.com/albums/239061548?uid=1&isSubCate=false&referrercate=680738,https://photo.yupoo.com/minkang/4c196ec555/square.jpg,17
Brasileirao Serie A,Sao Paulo 26/27 Away Women's Jersey S-XXL11,https://minkang.x.yupoo.com/albums/239061548?uid=1&isSubCate=false&referrercate=680738,https://photo.yupoo.com/minkang/3a5bcbb1b8/square.jpg,18
Brasileirao Serie A,Sao Paulo 26/27 Away Women's Jersey S-XXL11,https://minkang.x.yupoo.com/albums/239061548?uid=1&isSubCate=false&referrercate=680738,https://photo.yupoo.com/minkang/aa16e4d57b/square.jpg,19
Brasileirao Serie A,Sao Paulo 26/27 Away Women's Jersey S-XXL11,https://minkang.x.yupoo.com/albums/239061548?uid=1&isSubCate=false&referrercate=680738,https://photo.yupoo.com/minkang/4320c4cc45/square.jpg,20
Brasileirao Serie A,Sao Paulo 26/27 Away Women's Jersey S-XXL11,https://minkang.x.yupoo.com/albums/239061548?uid=1&isSubCate=false&referrercate=680738,https://photo.yupoo.com/minkang/9b3c6e0333/square.jpg,21
Brasileirao Serie A,Sao Paulo 26/27 Away Women's Jersey S-XXL11,https://minkang.x.yupoo.com/albums/239061548?uid=1&isSubCate=false&referrercate=680738,https://photo.yupoo.com/minkang/9edfc16ca5/square.jpg,22
Brasileirao Serie A,Flamengo 26/27 Away Long Sleeve Jersey S-4XL7,https://minkang.x.yupoo.com/albums/239060903?uid=1&isSubCate=false&referrercate=680738,https://photo.yupoo.com/minkang/0629d3f43a/large.jpg,1
Brasileirao Serie A,Flamengo 26/27 Away Long Sleeve Jersey S-4XL7,https://minkang.x.yupoo.com/albums/239060903?uid=1&isSubCate=false&referrercate=680738,https://photo.yupoo.com/minkang/f6fc8ed2ec/large.jpg,2
Brasileirao Serie A,Flamengo 26/27 Away Long Sleeve Jersey S-4XL7,https://minkang.x.yupoo.com/albums/239060903?uid=1&isSubCate=false&referrercate=680738,https://photo.yupoo.com/minkang/02cc632fc6/large.jpg,3
Brasileirao Serie A,Flamengo 26/27 Away Long Sleeve Jersey S-4XL7,https://minkang.x.yupoo.com/albums/239060903?uid=1&isSubCate=false&referrercate=680738,https://photo.yupoo.com/minkang/f8ba69369a/large.jpg,4
Brasileirao Serie A,Flamengo 26/27 Away Long Sleeve Jersey S-4XL7,https://minkang.x.yupoo.com/albums/239060903?uid=1&isSubCate=false&referrercate=680738,https://photo.yupoo.com/minkang/9c0580e4e0/large.jpg,5
Brasileirao Serie A,Flamengo 26/27 Away Long Sleeve Jersey S-4XL7,https://minkang.x.yupoo.com/albums/239060903?uid=1&isSubCate=false&referrercate=680738,https://photo.yupoo.com/minkang/ef291c76e9/large.jpg,6
Brasileirao Serie A,Flamengo 26/27 Away Long Sleeve Jersey S-4XL7,https://minkang.x.yupoo.com/albums/239060903?uid=1&isSubCate=false&referrercate=680738,https://photo.yupoo.com/minkang/54da8f5c13/large.jpg,7
Brasileirao Serie A,Flamengo 26/27 Away Long Sleeve Jersey S-4XL7,https://minkang.x.yupoo.com/albums/239060903?uid=1&isSubCate=false&referrercate=680738,https://photo.yupoo.com/minkang/f6fc8ed2ec/square.jpg,8
Brasileirao Serie A,Flamengo 26/27 Away Long Sleeve Jersey S-4XL7,https://minkang.x.yupoo.com/albums/239060903?uid=1&isSubCate=false&referrercate=680738,https://photo.yupoo.com/minkang/0629d3f43a/square.jpg,9
Brasileirao Serie A,Flamengo 26/27 Away Long Sleeve Jersey S-4XL7,https://minkang.x.yupoo.com/albums/239060903?uid=1&isSubCate=false&referrercate=680738,https://photo.yupoo.com/minkang/02cc632fc6/square.jpg,10
Brasileirao Serie A,Flamengo 26/27 Away Long Sleeve Jersey S-4XL7,https://minkang.x.yupoo.com/albums/239060903?uid=1&isSubCate=false&referrercate=680738,https://photo.yupoo.com/minkang/f8ba69369a/square.jpg,11
Brasileirao Serie A,Flamengo 26/27 Away Long Sleeve Jersey S-4XL7,https://minkang.x.yupoo.com/albums/239060903?uid=1&isSubCate=false&referrercate=680738,https://photo.yupoo.com/minkang/9c0580e4e0/square.jpg,12
Brasileirao Serie A,Flamengo 26/27 Away Long Sleeve Jersey S-4XL7,https://minkang.x.yupoo.com/albums/239060903?uid=1&isSubCate=false&referrercate=680738,https://photo.yupoo.com/minkang/ef291c76e9/square.jpg,13
Brasileirao Serie A,Flamengo 26/27 Away Long Sleeve Jersey S-4XL7,https://minkang.x.yupoo.com/albums/239060903?uid=1&isSubCate=false&referrercate=680738,https://photo.yupoo.com/minkang/54da8f5c13/square.jpg,14
Brasileirao Serie A,Corinthians 26/27 Away Player Version Jersey S-4XL8,https://minkang.x.yupoo.com/albums/239060369?uid=1&isSubCate=false&referrercate=680738,https://photo.yupoo.com/minkang/3af3bf62fc/large.jpg,1
Brasileirao Serie A,Corinthians 26/27 Away Player Version Jersey S-4XL8,https://minkang.x.yupoo.com/albums/239060369?uid=1&isSubCate=false&referrercate=680738,https://photo.yupoo.com/minkang/aacfb11c35/large.jpg,2
Brasileirao Serie A,Corinthians 26/27 Away Player Version Jersey S-4XL8,https://minkang.x.yupoo.com/albums/239060369?uid=1&isSubCate=false&referrercate=680738,https://photo.yupoo.com/minkang/cbc6cf850e/large.jpg,3
Brasileirao Serie A,Corinthians 26/27 Away Player Version Jersey S-4XL8,https://minkang.x.yupoo.com/albums/239060369?uid=1&isSubCate=false&referrercate=680738,https://photo.yupoo.com/minkang/f8512691ca/large.jpg,4
Brasileirao Serie A,Corinthians 26/27 Away Player Version Jersey S-4XL8,https://minkang.x.yupoo.com/albums/239060369?uid=1&isSubCate=false&referrercate=680738,https://photo.yupoo.com/minkang/82d0b268c5/large.jpg,5
Brasileirao Serie A,Corinthians 26/27 Away Player Version Jersey S-4XL8,https://minkang.x.yupoo.com/albums/239060369?uid=1&isSubCate=false&referrercate=680738,https://photo.yupoo.com/minkang/b29ae11102/large.jpg,6
Brasileirao Serie A,Corinthians 26/27 Away Player Version Jersey S-4XL8,https://minkang.x.yupoo.com/albums/239060369?uid=1&isSubCate=false&referrercate=680738,https://photo.yupoo.com/minkang/f668d22121/large.jpg,7
Brasileirao Serie A,Corinthians 26/27 Away Player Version Jersey S-4XL8,https://minkang.x.yupoo.com/albums/239060369?uid=1&isSubCate=false&referrercate=680738,https://photo.yupoo.com/minkang/7a3d0d0be7/large.jpg,8
Brasileirao Serie A,Corinthians 26/27 Away Player Version Jersey S-4XL8,https://minkang.x.yupoo.com/albums/239060369?uid=1&isSubCate=false&referrercate=680738,https://photo.yupoo.com/minkang/3af3bf62fc/square.jpg,9
Brasileirao Serie A,Corinthians 26/27 Away Player Version Jersey S-4XL8,https://minkang.x.yupoo.com/albums/239060369?uid=1&isSubCate=false&referrercate=680738,https://photo.yupoo.com/minkang/aacfb11c35/square.jpg,10
Brasileirao Serie A,Corinthians 26/27 Away Player Version Jersey S-4XL8,https://minkang.x.yupoo.com/albums/239060369?uid=1&isSubCate=false&referrercate=680738,https://photo.yupoo.com/minkang/cbc6cf850e/square.jpg,11
Brasileirao Serie A,Corinthians 26/27 Away Player Version Jersey S-4XL8,https://minkang.x.yupoo.com/albums/239060369?uid=1&isSubCate=false&referrercate=680738,https://photo.yupoo.com/minkang/f8512691ca/square.jpg,12
Brasileirao Serie A,Corinthians 26/27 Away Player Version Jersey S-4XL8,https://minkang.x.yupoo.com/albums/239060369?uid=1&isSubCate=false&referrercate=680738,https://photo.yupoo.com/minkang/82d0b268c5/square.jpg,13
Brasileirao Serie A,Corinthians 26/27 Away Player Version Jersey S-4XL8,https://minkang.x.yupoo.com/albums/239060369?uid=1&isSubCate=false&referrercate=680738,https://photo.yupoo.com/minkang/b29ae11102/square.jpg,14
Brasileirao Serie A,Corinthians 26/27 Away Player Version Jersey S-4XL8,https://minkang.x.yupoo.com/albums/239060369?uid=1&isSubCate=false&referrercate=680738,https://photo.yupoo.com/minkang/f668d22121/square.jpg,15
Brasileirao Serie A,Corinthians 26/27 Away Player Version Jersey S-4XL8,https://minkang.x.yupoo.com/albums/239060369?uid=1&isSubCate=false&referrercate=680738,https://photo.yupoo.com/minkang/7a3d0d0be7/square.jpg,16
Brasileirao Serie A,Bahia 26/27 Away Jersey S-4XL7,https://minkang.x.yupoo.com/albums/239060120?uid=1&isSubCate=false&referrercate=680738,https://photo.yupoo.com/minkang/188e4a8cec/large.jpg,1
Brasileirao Serie A,Bahia 26/27 Away Jersey S-4XL7,https://minkang.x.yupoo.com/albums/239060120?uid=1&isSubCate=false&referrercate=680738,https://photo.yupoo.com/minkang/a050ef831e/large.jpg,2
Brasileirao Serie A,Bahia 26/27 Away Jersey S-4XL7,https://minkang.x.yupoo.com/albums/239060120?uid=1&isSubCate=false&referrercate=680738,https://photo.yupoo.com/minkang/bc0464aab9/large.jpg,3
Brasileirao Serie A,Bahia 26/27 Away Jersey S-4XL7,https://minkang.x.yupoo.com/albums/239060120?uid=1&isSubCate=false&referrercate=680738,https://photo.yupoo.com/minkang/e02b16967b/large.jpg,4
Brasileirao Serie A,Bahia 26/27 Away Jersey S-4XL7,https://minkang.x.yupoo.com/albums/239060120?uid=1&isSubCate=false&referrercate=680738,https://photo.yupoo.com/minkang/cf0adce297/large.jpg,5
Brasileirao Serie A,Bahia 26/27 Away Jersey S-4XL7,https://minkang.x.yupoo.com/albums/239060120?uid=1&isSubCate=false&referrercate=680738,https://photo.yupoo.com/minkang/37539bc080/large.jpg,6
Brasileirao Serie A,Bahia 26/27 Away Jersey S-4XL7,https://minkang.x.yupoo.com/albums/239060120?uid=1&isSubCate=false&referrercate=680738,https://photo.yupoo.com/minkang/ffb98c3260/large.jpg,7
Brasileirao Serie A,Bahia 26/27 Away Jersey S-4XL7,https://minkang.x.yupoo.com/albums/239060120?uid=1&isSubCate=false&referrercate=680738,https://photo.yupoo.com/minkang/a050ef831e/square.jpg,8
Brasileirao Serie A,Bahia 26/27 Away Jersey S-4XL7,https://minkang.x.yupoo.com/albums/239060120?uid=1&isSubCate=false&referrercate=680738,https://photo.yupoo.com/minkang/188e4a8cec/square.jpg,9
Brasileirao Serie A,Bahia 26/27 Away Jersey S-4XL7,https://minkang.x.yupoo.com/albums/239060120?uid=1&isSubCate=false&referrercate=680738,https://photo.yupoo.com/minkang/bc0464aab9/square.jpg,10
Brasileirao Serie A,Bahia 26/27 Away Jersey S-4XL7,https://minkang.x.yupoo.com/albums/239060120?uid=1&isSubCate=false&referrercate=680738,https://photo.yupoo.com/minkang/e02b16967b/square.jpg,11
Brasileirao Serie A,Bahia 26/27 Away Jersey S-4XL7,https://minkang.x.yupoo.com/albums/239060120?uid=1&isSubCate=false&referrercate=680738,https://photo.yupoo.com/minkang/cf0adce297/square.jpg,12
Brasileirao Serie A,Bahia 26/27 Away Jersey S-4XL7,https://minkang.x.yupoo.com/albums/239060120?uid=1&isSubCate=false&referrercate=680738,https://photo.yupoo.com/minkang/37539bc080/square.jpg,13
Brasileirao Serie A,Bahia 26/27 Away Jersey S-4XL7,https://minkang.x.yupoo.com/albums/239060120?uid=1&isSubCate=false&referrercate=680738,https://photo.yupoo.com/minkang/ffb98c3260/square.jpg,14
Brasileirao Serie A,São Paulo 26/27 Away Jersey S-4XL11,https://minkang.x.yupoo.com/albums/238632844?uid=1&isSubCate=false&referrercate=680738,https://photo.yupoo.com/minkang/c73763f050/large.jpg,1
Brasileirao Serie A,São Paulo 26/27 Away Jersey S-4XL11,https://minkang.x.yupoo.com/albums/238632844?uid=1&isSubCate=false&referrercate=680738,https://photo.yupoo.com/minkang/1c1a77b3ea/large.jpg,2
Brasileirao Serie A,São Paulo 26/27 Away Jersey S-4XL11,https://minkang.x.yupoo.com/albums/238632844?uid=1&isSubCate=false&referrercate=680738,https://photo.yupoo.com/minkang/fae37eaae9/large.jpg,3
Brasileirao Serie A,São Paulo 26/27 Away Jersey S-4XL11,https://minkang.x.yupoo.com/albums/238632844?uid=1&isSubCate=false&referrercate=680738,https://photo.yupoo.com/minkang/62251ef485/large.jpg,4
Brasileirao Serie A,São Paulo 26/27 Away Jersey S-4XL11,https://minkang.x.yupoo.com/albums/238632844?uid=1&isSubCate=false&referrercate=680738,https://photo.yupoo.com/minkang/014dacd2e4/large.jpg,5
Brasileirao Serie A,São Paulo 26/27 Away Jersey S-4XL11,https://minkang.x.yupoo.com/albums/238632844?uid=1&isSubCate=false&referrercate=680738,https://photo.yupoo.com/minkang/395754a0d2/large.jpg,6
Brasileirao Serie A,São Paulo 26/27 Away Jersey S-4XL11,https://minkang.x.yupoo.com/albums/238632844?uid=1&isSubCate=false&referrercate=680738,https://photo.yupoo.com/minkang/f920bdf68b/large.jpg,7
Brasileirao Serie A,São Paulo 26/27 Away Jersey S-4XL11,https://minkang.x.yupoo.com/albums/238632844?uid=1&isSubCate=false&referrercate=680738,https://photo.yupoo.com/minkang/9beac7649d/large.jpg,8
Brasileirao Serie A,São Paulo 26/27 Away Jersey S-4XL11,https://minkang.x.yupoo.com/albums/238632844?uid=1&isSubCate=false&referrercate=680738,https://photo.yupoo.com/minkang/956a368c8f/large.jpg,9
Brasileirao Serie A,São Paulo 26/27 Away Jersey S-4XL11,https://minkang.x.yupoo.com/albums/238632844?uid=1&isSubCate=false&referrercate=680738,https://photo.yupoo.com/minkang/7a76f27200/large.jpg,10
Brasileirao Serie A,São Paulo 26/27 Away Jersey S-4XL11,https://minkang.x.yupoo.com/albums/238632844?uid=1&isSubCate=false&referrercate=680738,https://photo.yupoo.com/minkang/7aaebaa926/large.jpg,11
Brasileirao Serie A,São Paulo 26/27 Away Jersey S-4XL11,https://minkang.x.yupoo.com/albums/238632844?uid=1&isSubCate=false&referrercate=680738,https://photo.yupoo.com/minkang/c73763f050/square.jpg,12
Brasileirao Serie A,São Paulo 26/27 Away Jersey S-4XL11,https://minkang.x.yupoo.com/albums/238632844?uid=1&isSubCate=false&referrercate=680738,https://photo.yupoo.com/minkang/1c1a77b3ea/square.jpg,13
Brasileirao Serie A,São Paulo 26/27 Away Jersey S-4XL11,https://minkang.x.yupoo.com/albums/238632844?uid=1&isSubCate=false&referrercate=680738,https://photo.yupoo.com/minkang/fae37eaae9/square.jpg,14
Brasileirao Serie A,São Paulo 26/27 Away Jersey S-4XL11,https://minkang.x.yupoo.com/albums/238632844?uid=1&isSubCate=false&referrercate=680738,https://photo.yupoo.com/minkang/62251ef485/square.jpg,15
Brasileirao Serie A,São Paulo 26/27 Away Jersey S-4XL11,https://minkang.x.yupoo.com/albums/238632844?uid=1&isSubCate=false&referrercate=680738,https://photo.yupoo.com/minkang/014dacd2e4/square.jpg,16
Brasileirao Serie A,São Paulo 26/27 Away Jersey S-4XL11,https://minkang.x.yupoo.com/albums/238632844?uid=1&isSubCate=false&referrercate=680738,https://photo.yupoo.com/minkang/395754a0d2/square.jpg,17
Brasileirao Serie A,São Paulo 26/27 Away Jersey S-4XL11,https://minkang.x.yupoo.com/albums/238632844?uid=1&isSubCate=false&referrercate=680738,https://photo.yupoo.com/minkang/f920bdf68b/square.jpg,18
Brasileirao Serie A,São Paulo 26/27 Away Jersey S-4XL11,https://minkang.x.yupoo.com/albums/238632844?uid=1&isSubCate=false&referrercate=680738,https://photo.yupoo.com/minkang/9beac7649d/square.jpg,19
Brasileirao Serie A,São Paulo 26/27 Away Jersey S-4XL11,https://minkang.x.yupoo.com/albums/238632844?uid=1&isSubCate=false&referrercate=680738,https://photo.yupoo.com/minkang/956a368c8f/square.jpg,20
Brasileirao Serie A,São Paulo 26/27 Away Jersey S-4XL11,https://minkang.x.yupoo.com/albums/238632844?uid=1&isSubCate=false&referrercate=680738,https://photo.yupoo.com/minkang/7a76f27200/square.jpg,21
Brasileirao Serie A,São Paulo 26/27 Away Jersey S-4XL11,https://minkang.x.yupoo.com/albums/238632844?uid=1&isSubCate=false&referrercate=680738,https://photo.yupoo.com/minkang/7aaebaa926/square.jpg,22
Brasileirao Serie A,Santos 26/27 Away Jersey S-4XL9,https://minkang.x.yupoo.com/albums/238632786?uid=1&isSubCate=false&referrercate=680738,https://photo.yupoo.com/minkang/c5928c7fc1/large.jpg,1
Brasileirao Serie A,Santos 26/27 Away Jersey S-4XL9,https://minkang.x.yupoo.com/albums/238632786?uid=1&isSubCate=false&referrercate=680738,https://photo.yupoo.com/minkang/7b1ccd24cd/large.jpg,2
Brasileirao Serie A,Santos 26/27 Away Jersey S-4XL9,https://minkang.x.yupoo.com/albums/238632786?uid=1&isSubCate=false&referrercate=680738,https://photo.yupoo.com/minkang/3e56003663/large.jpg,3
Brasileirao Serie A,Santos 26/27 Away Jersey S-4XL9,https://minkang.x.yupoo.com/albums/238632786?uid=1&isSubCate=false&referrercate=680738,https://photo.yupoo.com/minkang/40f235c34b/large.jpg,4
Brasileirao Serie A,Santos 26/27 Away Jersey S-4XL9,https://minkang.x.yupoo.com/albums/238632786?uid=1&isSubCate=false&referrercate=680738,https://photo.yupoo.com/minkang/d22555cf70/large.jpg,5
Brasileirao Serie A,Santos 26/27 Away Jersey S-4XL9,https://minkang.x.yupoo.com/albums/238632786?uid=1&isSubCate=false&referrercate=680738,https://photo.yupoo.com/minkang/1b706f4334/large.jpg,6
Brasileirao Serie A,Santos 26/27 Away Jersey S-4XL9,https://minkang.x.yupoo.com/albums/238632786?uid=1&isSubCate=false&referrercate=680738,https://photo.yupoo.com/minkang/6c954a8a8a/large.jpg,7
Brasileirao Serie A,Santos 26/27 Away Jersey S-4XL9,https://minkang.x.yupoo.com/albums/238632786?uid=1&isSubCate=false&referrercate=680738,https://photo.yupoo.com/minkang/cd8ed5232f/large.jpg,8
Brasileirao Serie A,Santos 26/27 Away Jersey S-4XL9,https://minkang.x.yupoo.com/albums/238632786?uid=1&isSubCate=false&referrercate=680738,https://photo.yupoo.com/minkang/529b624771/large.jpg,9
Brasileirao Serie A,Santos 26/27 Away Jersey S-4XL9,https://minkang.x.yupoo.com/albums/238632786?uid=1&isSubCate=false&referrercate=680738,https://photo.yupoo.com/minkang/c5928c7fc1/square.jpg,10
Brasileirao Serie A,Santos 26/27 Away Jersey S-4XL9,https://minkang.x.yupoo.com/albums/238632786?uid=1&isSubCate=false&referrercate=680738,https://photo.yupoo.com/minkang/7b1ccd24cd/square.jpg,11
Brasileirao Serie A,Santos 26/27 Away Jersey S-4XL9,https://minkang.x.yupoo.com/albums/238632786?uid=1&isSubCate=false&referrercate=680738,https://photo.yupoo.com/minkang/3e56003663/square.jpg,12
Brasileirao Serie A,Santos 26/27 Away Jersey S-4XL9,https://minkang.x.yupoo.com/albums/238632786?uid=1&isSubCate=false&referrercate=680738,https://photo.yupoo.com/minkang/40f235c34b/square.jpg,13
Brasileirao Serie A,Santos 26/27 Away Jersey S-4XL9,https://minkang.x.yupoo.com/albums/238632786?uid=1&isSubCate=false&referrercate=680738,https://photo.yupoo.com/minkang/d22555cf70/square.jpg,14
Brasileirao Serie A,Santos 26/27 Away Jersey S-4XL9,https://minkang.x.yupoo.com/albums/238632786?uid=1&isSubCate=false&referrercate=680738,https://photo.yupoo.com/minkang/1b706f4334/square.jpg,15
Brasileirao Serie A,Santos 26/27 Away Jersey S-4XL9,https://minkang.x.yupoo.com/albums/238632786?uid=1&isSubCate=false&referrercate=680738,https://photo.yupoo.com/minkang/6c954a8a8a/square.jpg,16
Brasileirao Serie A,Santos 26/27 Away Jersey S-4XL9,https://minkang.x.yupoo.com/albums/238632786?uid=1&isSubCate=false&referrercate=680738,https://photo.yupoo.com/minkang/cd8ed5232f/square.jpg,17
Brasileirao Serie A,Santos 26/27 Away Jersey S-4XL9,https://minkang.x.yupoo.com/albums/238632786?uid=1&isSubCate=false&referrercate=680738,https://photo.yupoo.com/minkang/529b624771/square.jpg,18
Brasileirao Serie A,Santos 12/13 Retro Pink Long Sleeve Jersey S-XXL9,https://minkang.x.yupoo.com/albums/238632718?uid=1&isSubCate=false&referrercate=680738,https://photo.yupoo.com/minkang/ad2a8db07d/large.jpg,1
Brasileirao Serie A,Santos 12/13 Retro Pink Long Sleeve Jersey S-XXL9,https://minkang.x.yupoo.com/albums/238632718?uid=1&isSubCate=false&referrercate=680738,https://photo.yupoo.com/minkang/249fbf48fb/large.jpg,2
Brasileirao Serie A,Santos 12/13 Retro Pink Long Sleeve Jersey S-XXL9,https://minkang.x.yupoo.com/albums/238632718?uid=1&isSubCate=false&referrercate=680738,https://photo.yupoo.com/minkang/5c63205ec1/large.jpg,3
Brasileirao Serie A,Santos 12/13 Retro Pink Long Sleeve Jersey S-XXL9,https://minkang.x.yupoo.com/albums/238632718?uid=1&isSubCate=false&referrercate=680738,https://photo.yupoo.com/minkang/ed42f80c70/large.jpg,4
Brasileirao Serie A,Santos 12/13 Retro Pink Long Sleeve Jersey S-XXL9,https://minkang.x.yupoo.com/albums/238632718?uid=1&isSubCate=false&referrercate=680738,https://photo.yupoo.com/minkang/a3e6ef0717/large.jpg,5
Brasileirao Serie A,Santos 12/13 Retro Pink Long Sleeve Jersey S-XXL9,https://minkang.x.yupoo.com/albums/238632718?uid=1&isSubCate=false&referrercate=680738,https://photo.yupoo.com/minkang/a60ec84c5f/large.jpg,6
Brasileirao Serie A,Santos 12/13 Retro Pink Long Sleeve Jersey S-XXL9,https://minkang.x.yupoo.com/albums/238632718?uid=1&isSubCate=false&referrercate=680738,https://photo.yupoo.com/minkang/350d49c15c/large.jpg,7
Brasileirao Serie A,Santos 12/13 Retro Pink Long Sleeve Jersey S-XXL9,https://minkang.x.yupoo.com/albums/238632718?uid=1&isSubCate=false&referrercate=680738,https://photo.yupoo.com/minkang/79f54d69d9/large.jpg,8
Brasileirao Serie A,Santos 12/13 Retro Pink Long Sleeve Jersey S-XXL9,https://minkang.x.yupoo.com/albums/238632718?uid=1&isSubCate=false&referrercate=680738,https://photo.yupoo.com/minkang/02f5b7ac9b/large.jpg,9
Brasileirao Serie A,Santos 12/13 Retro Pink Long Sleeve Jersey S-XXL9,https://minkang.x.yupoo.com/albums/238632718?uid=1&isSubCate=false&referrercate=680738,https://photo.yupoo.com/minkang/249fbf48fb/square.jpg,10
Brasileirao Serie A,Santos 12/13 Retro Pink Long Sleeve Jersey S-XXL9,https://minkang.x.yupoo.com/albums/238632718?uid=1&isSubCate=false&referrercate=680738,https://photo.yupoo.com/minkang/ad2a8db07d/square.jpg,11
Brasileirao Serie A,Santos 12/13 Retro Pink Long Sleeve Jersey S-XXL9,https://minkang.x.yupoo.com/albums/238632718?uid=1&isSubCate=false&referrercate=680738,https://photo.yupoo.com/minkang/5c63205ec1/square.jpg,12
Brasileirao Serie A,Santos 12/13 Retro Pink Long Sleeve Jersey S-XXL9,https://minkang.x.yupoo.com/albums/238632718?uid=1&isSubCate=false&referrercate=680738,https://photo.yupoo.com/minkang/ed42f80c70/square.jpg,13
Brasileirao Serie A,Santos 12/13 Retro Pink Long Sleeve Jersey S-XXL9,https://minkang.x.yupoo.com/albums/238632718?uid=1&isSubCate=false&referrercate=680738,https://photo.yupoo.com/minkang/a3e6ef0717/square.jpg,14
Brasileirao Serie A,Santos 12/13 Retro Pink Long Sleeve Jersey S-XXL9,https://minkang.x.yupoo.com/albums/238632718?uid=1&isSubCate=false&referrercate=680738,https://photo.yupoo.com/minkang/a60ec84c5f/square.jpg,15
Brasileirao Serie A,Santos 12/13 Retro Pink Long Sleeve Jersey S-XXL9,https://minkang.x.yupoo.com/albums/238632718?uid=1&isSubCate=false&referrercate=680738,https://photo.yupoo.com/minkang/350d49c15c/square.jpg,16
Brasileirao Serie A,Santos 12/13 Retro Pink Long Sleeve Jersey S-XXL9,https://minkang.x.yupoo.com/albums/238632718?uid=1&isSubCate=false&referrercate=680738,https://photo.yupoo.com/minkang/79f54d69d9/square.jpg,17
Brasileirao Serie A,Santos 12/13 Retro Pink Long Sleeve Jersey S-XXL9,https://minkang.x.yupoo.com/albums/238632718?uid=1&isSubCate=false&referrercate=680738,https://photo.yupoo.com/minkang/02f5b7ac9b/square.jpg,18
Brasileirao Serie A,Gremio 26/27 Home Women's Jersey S-XXL9,https://minkang.x.yupoo.com/albums/238462337?uid=1&isSubCate=false&referrercate=680738,https://photo.yupoo.com/minkang/3e8ef65fa2/large.jpg,1
Brasileirao Serie A,Gremio 26/27 Home Women's Jersey S-XXL9,https://minkang.x.yupoo.com/albums/238462337?uid=1&isSubCate=false&referrercate=680738,https://photo.yupoo.com/minkang/191f3cd8dd/large.jpg,2
Brasileirao Serie A,Gremio 26/27 Home Women's Jersey S-XXL9,https://minkang.x.yupoo.com/albums/238462337?uid=1&isSubCate=false&referrercate=680738,https://photo.yupoo.com/minkang/9257e4c1bf/large.jpg,3
Brasileirao Serie A,Gremio 26/27 Home Women's Jersey S-XXL9,https://minkang.x.yupoo.com/albums/238462337?uid=1&isSubCate=false&referrercate=680738,https://photo.yupoo.com/minkang/0cb27229a1/large.jpg,4
Brasileirao Serie A,Gremio 26/27 Home Women's Jersey S-XXL9,https://minkang.x.yupoo.com/albums/238462337?uid=1&isSubCate=false&referrercate=680738,https://photo.yupoo.com/minkang/2d62ca46a5/large.jpg,5
Brasileirao Serie A,Gremio 26/27 Home Women's Jersey S-XXL9,https://minkang.x.yupoo.com/albums/238462337?uid=1&isSubCate=false&referrercate=680738,https://photo.yupoo.com/minkang/0eaa428e1a/large.jpg,6
Brasileirao Serie A,Gremio 26/27 Home Women's Jersey S-XXL9,https://minkang.x.yupoo.com/albums/238462337?uid=1&isSubCate=false&referrercate=680738,https://photo.yupoo.com/minkang/708b7f8018/large.jpg,7
Brasileirao Serie A,Gremio 26/27 Home Women's Jersey S-XXL9,https://minkang.x.yupoo.com/albums/238462337?uid=1&isSubCate=false&referrercate=680738,https://photo.yupoo.com/minkang/fe3c663cb5/large.jpg,8
Brasileirao Serie A,Gremio 26/27 Home Women's Jersey S-XXL9,https://minkang.x.yupoo.com/albums/238462337?uid=1&isSubCate=false&referrercate=680738,https://photo.yupoo.com/minkang/c36437f756/large.jpg,9
Brasileirao Serie A,Gremio 26/27 Home Women's Jersey S-XXL9,https://minkang.x.yupoo.com/albums/238462337?uid=1&isSubCate=false&referrercate=680738,https://photo.yupoo.com/minkang/191f3cd8dd/square.jpg,10
Brasileirao Serie A,Gremio 26/27 Home Women's Jersey S-XXL9,https://minkang.x.yupoo.com/albums/238462337?uid=1&isSubCate=false&referrercate=680738,https://photo.yupoo.com/minkang/3e8ef65fa2/square.jpg,11
Brasileirao Serie A,Gremio 26/27 Home Women's Jersey S-XXL9,https://minkang.x.yupoo.com/albums/238462337?uid=1&isSubCate=false&referrercate=680738,https://photo.yupoo.com/minkang/9257e4c1bf/square.jpg,12
Brasileirao Serie A,Gremio 26/27 Home Women's Jersey S-XXL9,https://minkang.x.yupoo.com/albums/238462337?uid=1&isSubCate=false&referrercate=680738,https://photo.yupoo.com/minkang/0cb27229a1/square.jpg,13
Brasileirao Serie A,Gremio 26/27 Home Women's Jersey S-XXL9,https://minkang.x.yupoo.com/albums/238462337?uid=1&isSubCate=false&referrercate=680738,https://photo.yupoo.com/minkang/2d62ca46a5/square.jpg,14
Brasileirao Serie A,Gremio 26/27 Home Women's Jersey S-XXL9,https://minkang.x.yupoo.com/albums/238462337?uid=1&isSubCate=false&referrercate=680738,https://photo.yupoo.com/minkang/0eaa428e1a/square.jpg,15
Brasileirao Serie A,Gremio 26/27 Home Women's Jersey S-XXL9,https://minkang.x.yupoo.com/albums/238462337?uid=1&isSubCate=false&referrercate=680738,https://photo.yupoo.com/minkang/708b7f8018/square.jpg,16
Brasileirao Serie A,Gremio 26/27 Home Women's Jersey S-XXL9,https://minkang.x.yupoo.com/albums/238462337?uid=1&isSubCate=false&referrercate=680738,https://photo.yupoo.com/minkang/fe3c663cb5/square.jpg,17
Brasileirao Serie A,Gremio 26/27 Home Women's Jersey S-XXL9,https://minkang.x.yupoo.com/albums/238462337?uid=1&isSubCate=false&referrercate=680738,https://photo.yupoo.com/minkang/c36437f756/square.jpg,18
Brasileirao Serie A,Bahia 26/27 GK-Orange Jersey S-4XL6,https://minkang.x.yupoo.com/albums/238460577?uid=1&isSubCate=false&referrercate=680738,https://photo.yupoo.com/minkang/c15231b1c7/large.jpg,1
Brasileirao Serie A,Bahia 26/27 GK-Orange Jersey S-4XL6,https://minkang.x.yupoo.com/albums/238460577?uid=1&isSubCate=false&referrercate=680738,https://photo.yupoo.com/minkang/5687ea0360/large.jpg,2
Brasileirao Serie A,Bahia 26/27 GK-Orange Jersey S-4XL6,https://minkang.x.yupoo.com/albums/238460577?uid=1&isSubCate=false&referrercate=680738,https://photo.yupoo.com/minkang/83b99da33d/large.jpg,3
Brasileirao Serie A,Bahia 26/27 GK-Orange Jersey S-4XL6,https://minkang.x.yupoo.com/albums/238460577?uid=1&isSubCate=false&referrercate=680738,https://photo.yupoo.com/minkang/cf320860b7/large.jpg,4
Brasileirao Serie A,Bahia 26/27 GK-Orange Jersey S-4XL6,https://minkang.x.yupoo.com/albums/238460577?uid=1&isSubCate=false&referrercate=680738,https://photo.yupoo.com/minkang/5de4a99f2c/large.jpg,5
Brasileirao Serie A,Bahia 26/27 GK-Orange Jersey S-4XL6,https://minkang.x.yupoo.com/albums/238460577?uid=1&isSubCate=false&referrercate=680738,https://photo.yupoo.com/minkang/24d25f48b2/large.jpg,6
Brasileirao Serie A,Bahia 26/27 GK-Orange Jersey S-4XL6,https://minkang.x.yupoo.com/albums/238460577?uid=1&isSubCate=false&referrercate=680738,https://photo.yupoo.com/minkang/5687ea0360/square.jpg,7
Brasileirao Serie A,Bahia 26/27 GK-Orange Jersey S-4XL6,https://minkang.x.yupoo.com/albums/238460577?uid=1&isSubCate=false&referrercate=680738,https://photo.yupoo.com/minkang/c15231b1c7/square.jpg,8
Brasileirao Serie A,Bahia 26/27 GK-Orange Jersey S-4XL6,https://minkang.x.yupoo.com/albums/238460577?uid=1&isSubCate=false&referrercate=680738,https://photo.yupoo.com/minkang/83b99da33d/square.jpg,9
Brasileirao Serie A,Bahia 26/27 GK-Orange Jersey S-4XL6,https://minkang.x.yupoo.com/albums/238460577?uid=1&isSubCate=false&referrercate=680738,https://photo.yupoo.com/minkang/cf320860b7/square.jpg,10
Brasileirao Serie A,Bahia 26/27 GK-Orange Jersey S-4XL6,https://minkang.x.yupoo.com/albums/238460577?uid=1&isSubCate=false&referrercate=680738,https://photo.yupoo.com/minkang/5de4a99f2c/square.jpg,11
Brasileirao Serie A,Bahia 26/27 GK-Orange Jersey S-4XL6,https://minkang.x.yupoo.com/albums/238460577?uid=1&isSubCate=false&referrercate=680738,https://photo.yupoo.com/minkang/24d25f48b2/square.jpg,12
Brasileirao Serie A,Bahia 26/27 GK-Green Jersey S-4XL6,https://minkang.x.yupoo.com/albums/238460521?uid=1&isSubCate=false&referrercate=680738,https://photo.yupoo.com/minkang/fbe575189f/large.jpg,1
Brasileirao Serie A,Bahia 26/27 GK-Green Jersey S-4XL6,https://minkang.x.yupoo.com/albums/238460521?uid=1&isSubCate=false&referrercate=680738,https://photo.yupoo.com/minkang/9c85f43870/large.jpg,2
Brasileirao Serie A,Bahia 26/27 GK-Green Jersey S-4XL6,https://minkang.x.yupoo.com/albums/238460521?uid=1&isSubCate=false&referrercate=680738,https://photo.yupoo.com/minkang/b30c34f684/large.jpg,3
Brasileirao Serie A,Bahia 26/27 GK-Green Jersey S-4XL6,https://minkang.x.yupoo.com/albums/238460521?uid=1&isSubCate=false&referrercate=680738,https://photo.yupoo.com/minkang/d74a96d6d2/large.jpg,4
Brasileirao Serie A,Bahia 26/27 GK-Green Jersey S-4XL6,https://minkang.x.yupoo.com/albums/238460521?uid=1&isSubCate=false&referrercate=680738,https://photo.yupoo.com/minkang/fd5608cea8/large.jpg,5
Brasileirao Serie A,Bahia 26/27 GK-Green Jersey S-4XL6,https://minkang.x.yupoo.com/albums/238460521?uid=1&isSubCate=false&referrercate=680738,https://photo.yupoo.com/minkang/fb5cb15144/large.jpg,6
Brasileirao Serie A,Bahia 26/27 GK-Green Jersey S-4XL6,https://minkang.x.yupoo.com/albums/238460521?uid=1&isSubCate=false&referrercate=680738,https://photo.yupoo.com/minkang/9c85f43870/square.jpg,7
Brasileirao Serie A,Bahia 26/27 GK-Green Jersey S-4XL6,https://minkang.x.yupoo.com/albums/238460521?uid=1&isSubCate=false&referrercate=680738,https://photo.yupoo.com/minkang/fbe575189f/square.jpg,8
Brasileirao Serie A,Bahia 26/27 GK-Green Jersey S-4XL6,https://minkang.x.yupoo.com/albums/238460521?uid=1&isSubCate=false&referrercate=680738,https://photo.yupoo.com/minkang/b30c34f684/square.jpg,9
Brasileirao Serie A,Bahia 26/27 GK-Green Jersey S-4XL6,https://minkang.x.yupoo.com/albums/238460521?uid=1&isSubCate=false&referrercate=680738,https://photo.yupoo.com/minkang/d74a96d6d2/square.jpg,10
Brasileirao Serie A,Bahia 26/27 GK-Green Jersey S-4XL6,https://minkang.x.yupoo.com/albums/238460521?uid=1&isSubCate=false&referrercate=680738,https://photo.yupoo.com/minkang/fd5608cea8/square.jpg,11
Brasileirao Serie A,Bahia 26/27 GK-Green Jersey S-4XL6,https://minkang.x.yupoo.com/albums/238460521?uid=1&isSubCate=false&referrercate=680738,https://photo.yupoo.com/minkang/fb5cb15144/square.jpg,12
Brasileirao Serie A,Santos 12/13 Home Retro Long Sleeve Kids Kit Jersey Size 16-2812,https://minkang.x.yupoo.com/albums/238401155?uid=1&isSubCate=false&referrercate=680738,https://photo.yupoo.com/minkang/28d234f930/large.jpg,1
Brasileirao Serie A,Santos 12/13 Home Retro Long Sleeve Kids Kit Jersey Size 16-2812,https://minkang.x.yupoo.com/albums/238401155?uid=1&isSubCate=false&referrercate=680738,https://photo.yupoo.com/minkang/63d70c2313/large.jpg,2
Brasileirao Serie A,Santos 12/13 Home Retro Long Sleeve Kids Kit Jersey Size 16-2812,https://minkang.x.yupoo.com/albums/238401155?uid=1&isSubCate=false&referrercate=680738,https://photo.yupoo.com/minkang/bf55012178/large.jpg,3
Brasileirao Serie A,Santos 12/13 Home Retro Long Sleeve Kids Kit Jersey Size 16-2812,https://minkang.x.yupoo.com/albums/238401155?uid=1&isSubCate=false&referrercate=680738,https://photo.yupoo.com/minkang/e1cbdc90c1/large.jpg,4
Brasileirao Serie A,Santos 12/13 Home Retro Long Sleeve Kids Kit Jersey Size 16-2812,https://minkang.x.yupoo.com/albums/238401155?uid=1&isSubCate=false&referrercate=680738,https://photo.yupoo.com/minkang/29a7c40d03/large.jpg,5
Brasileirao Serie A,Santos 12/13 Home Retro Long Sleeve Kids Kit Jersey Size 16-2812,https://minkang.x.yupoo.com/albums/238401155?uid=1&isSubCate=false&referrercate=680738,https://photo.yupoo.com/minkang/381369b60c/large.jpg,6
Brasileirao Serie A,Santos 12/13 Home Retro Long Sleeve Kids Kit Jersey Size 16-2812,https://minkang.x.yupoo.com/albums/238401155?uid=1&isSubCate=false&referrercate=680738,https://photo.yupoo.com/minkang/649d9ae29c/large.jpg,7
Brasileirao Serie A,Santos 12/13 Home Retro Long Sleeve Kids Kit Jersey Size 16-2812,https://minkang.x.yupoo.com/albums/238401155?uid=1&isSubCate=false&referrercate=680738,https://photo.yupoo.com/minkang/999fc6dece/large.jpg,8
Brasileirao Serie A,Santos 12/13 Home Retro Long Sleeve Kids Kit Jersey Size 16-2812,https://minkang.x.yupoo.com/albums/238401155?uid=1&isSubCate=false&referrercate=680738,https://photo.yupoo.com/minkang/11ebe58ced/large.jpg,9
Brasileirao Serie A,Santos 12/13 Home Retro Long Sleeve Kids Kit Jersey Size 16-2812,https://minkang.x.yupoo.com/albums/238401155?uid=1&isSubCate=false&referrercate=680738,https://photo.yupoo.com/minkang/55ce7e84e6/large.jpg,10
Brasileirao Serie A,Santos 12/13 Home Retro Long Sleeve Kids Kit Jersey Size 16-2812,https://minkang.x.yupoo.com/albums/238401155?uid=1&isSubCate=false&referrercate=680738,https://photo.yupoo.com/minkang/f305d41df6/large.jpg,11
Brasileirao Serie A,Santos 12/13 Home Retro Long Sleeve Kids Kit Jersey Size 16-2812,https://minkang.x.yupoo.com/albums/238401155?uid=1&isSubCate=false&referrercate=680738,https://photo.yupoo.com/minkang/a4e8759cc1/large.jpg,12
Brasileirao Serie A,Santos 12/13 Home Retro Long Sleeve Kids Kit Jersey Size 16-2812,https://minkang.x.yupoo.com/albums/238401155?uid=1&isSubCate=false&referrercate=680738,https://photo.yupoo.com/minkang/63d70c2313/square.jpg,13
Brasileirao Serie A,Santos 12/13 Home Retro Long Sleeve Kids Kit Jersey Size 16-2812,https://minkang.x.yupoo.com/albums/238401155?uid=1&isSubCate=false&referrercate=680738,https://photo.yupoo.com/minkang/28d234f930/square.jpg,14
Brasileirao Serie A,Santos 12/13 Home Retro Long Sleeve Kids Kit Jersey Size 16-2812,https://minkang.x.yupoo.com/albums/238401155?uid=1&isSubCate=false&referrercate=680738,https://photo.yupoo.com/minkang/bf55012178/square.jpg,15
Brasileirao Serie A,Santos 12/13 Home Retro Long Sleeve Kids Kit Jersey Size 16-2812,https://minkang.x.yupoo.com/albums/238401155?uid=1&isSubCate=false&referrercate=680738,https://photo.yupoo.com/minkang/e1cbdc90c1/square.jpg,16
Brasileirao Serie A,Santos 12/13 Home Retro Long Sleeve Kids Kit Jersey Size 16-2812,https://minkang.x.yupoo.com/albums/238401155?uid=1&isSubCate=false&referrercate=680738,https://photo.yupoo.com/minkang/29a7c40d03/square.jpg,17
Brasileirao Serie A,Santos 12/13 Home Retro Long Sleeve Kids Kit Jersey Size 16-2812,https://minkang.x.yupoo.com/albums/238401155?uid=1&isSubCate=false&referrercate=680738,https://photo.yupoo.com/minkang/381369b60c/square.jpg,18
Brasileirao Serie A,Santos 12/13 Home Retro Long Sleeve Kids Kit Jersey Size 16-2812,https://minkang.x.yupoo.com/albums/238401155?uid=1&isSubCate=false&referrercate=680738,https://photo.yupoo.com/minkang/649d9ae29c/square.jpg,19
Brasileirao Serie A,Santos 12/13 Home Retro Long Sleeve Kids Kit Jersey Size 16-2812,https://minkang.x.yupoo.com/albums/238401155?uid=1&isSubCate=false&referrercate=680738,https://photo.yupoo.com/minkang/999fc6dece/square.jpg,20
Brasileirao Serie A,Santos 12/13 Home Retro Long Sleeve Kids Kit Jersey Size 16-2812,https://minkang.x.yupoo.com/albums/238401155?uid=1&isSubCate=false&referrercate=680738,https://photo.yupoo.com/minkang/11ebe58ced/square.jpg,21
Brasileirao Serie A,Santos 12/13 Home Retro Long Sleeve Kids Kit Jersey Size 16-2812,https://minkang.x.yupoo.com/albums/238401155?uid=1&isSubCate=false&referrercate=680738,https://photo.yupoo.com/minkang/55ce7e84e6/square.jpg,22
Brasileirao Serie A,Santos 12/13 Home Retro Long Sleeve Kids Kit Jersey Size 16-2812,https://minkang.x.yupoo.com/albums/238401155?uid=1&isSubCate=false&referrercate=680738,https://photo.yupoo.com/minkang/f305d41df6/square.jpg,23
Brasileirao Serie A,Santos 12/13 Home Retro Long Sleeve Kids Kit Jersey Size 16-2812,https://minkang.x.yupoo.com/albums/238401155?uid=1&isSubCate=false&referrercate=680738,https://photo.yupoo.com/minkang/a4e8759cc1/square.jpg,24
La Liga,Barcelona 26/27 Third Kids kit Size 16-282,https://minkang.x.yupoo.com/albums/251867521?uid=1&isSubCate=false&referrercate=680717,https://photo.yupoo.com/minkang/cca4f97923/large.jpg,1
La Liga,Barcelona 26/27 Third Kids kit Size 16-282,https://minkang.x.yupoo.com/albums/251867521?uid=1&isSubCate=false&referrercate=680717,https://photo.yupoo.com/minkang/9eb9dce3ef/large.jpg,2
La Liga,Barcelona 26/27 Third Kids kit Size 16-282,https://minkang.x.yupoo.com/albums/251867521?uid=1&isSubCate=false&referrercate=680717,https://photo.yupoo.com/minkang/9eb9dce3ef/square.jpg,3
La Liga,Barcelona 26/27 Third Kids kit Size 16-282,https://minkang.x.yupoo.com/albums/251867521?uid=1&isSubCate=false&referrercate=680717,https://photo.yupoo.com/minkang/cca4f97923/square.jpg,4
La Liga,CA Osasuna 26/27 Away Kids kit Jersey Size 16-282,https://minkang.x.yupoo.com/albums/251867633?uid=1&isSubCate=false&referrercate=680717,https://photo.yupoo.com/minkang/5b3820ea45/large.jpg,1
La Liga,CA Osasuna 26/27 Away Kids kit Jersey Size 16-282,https://minkang.x.yupoo.com/albums/251867633?uid=1&isSubCate=false&referrercate=680717,https://photo.yupoo.com/minkang/f29ed14992/large.jpg,2
La Liga,CA Osasuna 26/27 Away Kids kit Jersey Size 16-282,https://minkang.x.yupoo.com/albums/251867633?uid=1&isSubCate=false&referrercate=680717,https://photo.yupoo.com/minkang/5b3820ea45/square.jpg,3
La Liga,CA Osasuna 26/27 Away Kids kit Jersey Size 16-282,https://minkang.x.yupoo.com/albums/251867633?uid=1&isSubCate=false&referrercate=680717,https://photo.yupoo.com/minkang/f29ed14992/square.jpg,4
La Liga,Celta Vigo 26/27 Away Kids kit Jersey Size 16-282,https://minkang.x.yupoo.com/albums/251867890?uid=1&isSubCate=false&referrercate=680717,https://photo.yupoo.com/minkang/d2fd062435/large.jpg,1
La Liga,Celta Vigo 26/27 Away Kids kit Jersey Size 16-282,https://minkang.x.yupoo.com/albums/251867890?uid=1&isSubCate=false&referrercate=680717,https://photo.yupoo.com/minkang/c877cf0e4f/large.jpg,2
La Liga,Celta Vigo 26/27 Away Kids kit Jersey Size 16-282,https://minkang.x.yupoo.com/albums/251867890?uid=1&isSubCate=false&referrercate=680717,https://photo.yupoo.com/minkang/c877cf0e4f/square.jpg,3
La Liga,Celta Vigo 26/27 Away Kids kit Jersey Size 16-282,https://minkang.x.yupoo.com/albums/251867890?uid=1&isSubCate=false&referrercate=680717,https://photo.yupoo.com/minkang/d2fd062435/square.jpg,4
La Liga,Deportivo de La Coruña 26/27 Home Kids kit Jersey Size 16-282,https://minkang.x.yupoo.com/albums/251867945?uid=1&isSubCate=false&referrercate=680717,https://photo.yupoo.com/minkang/6a51bb2ff7/large.jpg,1
La Liga,Deportivo de La Coruña 26/27 Home Kids kit Jersey Size 16-282,https://minkang.x.yupoo.com/albums/251867945?uid=1&isSubCate=false&referrercate=680717,https://photo.yupoo.com/minkang/705fcfb42c/large.jpg,2
La Liga,Deportivo de La Coruña 26/27 Home Kids kit Jersey Size 16-282,https://minkang.x.yupoo.com/albums/251867945?uid=1&isSubCate=false&referrercate=680717,https://photo.yupoo.com/minkang/705fcfb42c/square.jpg,3
La Liga,Deportivo de La Coruña 26/27 Home Kids kit Jersey Size 16-282,https://minkang.x.yupoo.com/albums/251867945?uid=1&isSubCate=false&referrercate=680717,https://photo.yupoo.com/minkang/6a51bb2ff7/square.jpg,4
La Liga,Deportivo La Coruña 26/27 Away Kids kit Jersey Size 16-282,https://minkang.x.yupoo.com/albums/251867955?uid=1&isSubCate=false&referrercate=680717,https://photo.yupoo.com/minkang/62b301ee99/large.jpg,1
La Liga,Deportivo La Coruña 26/27 Away Kids kit Jersey Size 16-282,https://minkang.x.yupoo.com/albums/251867955?uid=1&isSubCate=false&referrercate=680717,https://photo.yupoo.com/minkang/7767ff0cf2/large.jpg,2
La Liga,Deportivo La Coruña 26/27 Away Kids kit Jersey Size 16-282,https://minkang.x.yupoo.com/albums/251867955?uid=1&isSubCate=false&referrercate=680717,https://photo.yupoo.com/minkang/7767ff0cf2/square.jpg,3
La Liga,Deportivo La Coruña 26/27 Away Kids kit Jersey Size 16-282,https://minkang.x.yupoo.com/albums/251867955?uid=1&isSubCate=false&referrercate=680717,https://photo.yupoo.com/minkang/62b301ee99/square.jpg,4
La Liga,RCD Mallorca 26/27 Away Kids kit Jersey Size 16-282,https://minkang.x.yupoo.com/albums/251868407?uid=1&isSubCate=false&referrercate=680717,https://photo.yupoo.com/minkang/f5abef59cd/large.jpg,1
La Liga,RCD Mallorca 26/27 Away Kids kit Jersey Size 16-282,https://minkang.x.yupoo.com/albums/251868407?uid=1&isSubCate=false&referrercate=680717,https://photo.yupoo.com/minkang/2d27256fc7/large.jpg,2
La Liga,RCD Mallorca 26/27 Away Kids kit Jersey Size 16-282,https://minkang.x.yupoo.com/albums/251868407?uid=1&isSubCate=false&referrercate=680717,https://photo.yupoo.com/minkang/f5abef59cd/square.jpg,3
La Liga,RCD Mallorca 26/27 Away Kids kit Jersey Size 16-282,https://minkang.x.yupoo.com/albums/251868407?uid=1&isSubCate=false&referrercate=680717,https://photo.yupoo.com/minkang/2d27256fc7/square.jpg,4
La Liga,RCD Mallorca 26/27 Home Kids kit Jersey Size 16-282,https://minkang.x.yupoo.com/albums/251868423?uid=1&isSubCate=false&referrercate=680717,https://photo.yupoo.com/minkang/1a0be52d89/large.jpg,1
La Liga,RCD Mallorca 26/27 Home Kids kit Jersey Size 16-282,https://minkang.x.yupoo.com/albums/251868423?uid=1&isSubCate=false&referrercate=680717,https://photo.yupoo.com/minkang/e93f344660/large.jpg,2
La Liga,RCD Mallorca 26/27 Home Kids kit Jersey Size 16-282,https://minkang.x.yupoo.com/albums/251868423?uid=1&isSubCate=false&referrercate=680717,https://photo.yupoo.com/minkang/1a0be52d89/square.jpg,3
La Liga,RCD Mallorca 26/27 Home Kids kit Jersey Size 16-282,https://minkang.x.yupoo.com/albums/251868423?uid=1&isSubCate=false&referrercate=680717,https://photo.yupoo.com/minkang/e93f344660/square.jpg,4
La Liga,Real Madrid 26/27 Away Womens Jersey S-XXL2,https://minkang.x.yupoo.com/albums/251868440?uid=1&isSubCate=false&referrercate=680717,https://photo.yupoo.com/minkang/bdba0c82d6/large.jpg,1
La Liga,Real Madrid 26/27 Away Womens Jersey S-XXL2,https://minkang.x.yupoo.com/albums/251868440?uid=1&isSubCate=false&referrercate=680717,https://photo.yupoo.com/minkang/71c45ac802/large.jpg,2
La Liga,Real Madrid 26/27 Away Womens Jersey S-XXL2,https://minkang.x.yupoo.com/albums/251868440?uid=1&isSubCate=false&referrercate=680717,https://photo.yupoo.com/minkang/bdba0c82d6/square.jpg,3
La Liga,Real Madrid 26/27 Away Womens Jersey S-XXL2,https://minkang.x.yupoo.com/albums/251868440?uid=1&isSubCate=false&referrercate=680717,https://photo.yupoo.com/minkang/71c45ac802/square.jpg,4
La Liga,Real Madrid x LV 26/27 Collaboration Player Version Jersey S-3XL2,https://minkang.x.yupoo.com/albums/251868460?uid=1&isSubCate=false&referrercate=680717,https://photo.yupoo.com/minkang/cc01c6aa13/large.jpg,1
La Liga,Real Madrid x LV 26/27 Collaboration Player Version Jersey S-3XL2,https://minkang.x.yupoo.com/albums/251868460?uid=1&isSubCate=false&referrercate=680717,https://photo.yupoo.com/minkang/4ab4c1feaf/large.jpg,2
La Liga,Real Madrid x LV 26/27 Collaboration Player Version Jersey S-3XL2,https://minkang.x.yupoo.com/albums/251868460?uid=1&isSubCate=false&referrercate=680717,https://photo.yupoo.com/minkang/4ab4c1feaf/square.jpg,3
La Liga,Real Madrid x LV 26/27 Collaboration Player Version Jersey S-3XL2,https://minkang.x.yupoo.com/albums/251868460?uid=1&isSubCate=false&referrercate=680717,https://photo.yupoo.com/minkang/cc01c6aa13/square.jpg,4
La Liga,Barcelona 26/27 Fourth Jersey S-4XL2,https://minkang.x.yupoo.com/albums/251869262?uid=1&isSubCate=false&referrercate=680717,https://photo.yupoo.com/minkang/9e7d6c585e/large.jpg,1
La Liga,Barcelona 26/27 Fourth Jersey S-4XL2,https://minkang.x.yupoo.com/albums/251869262?uid=1&isSubCate=false&referrercate=680717,https://photo.yupoo.com/minkang/38819e4576/large.jpg,2
La Liga,Barcelona 26/27 Fourth Jersey S-4XL2,https://minkang.x.yupoo.com/albums/251869262?uid=1&isSubCate=false&referrercate=680717,https://photo.yupoo.com/minkang/9e7d6c585e/square.jpg,3
La Liga,Barcelona 26/27 Fourth Jersey S-4XL2,https://minkang.x.yupoo.com/albums/251869262?uid=1&isSubCate=false&referrercate=680717,https://photo.yupoo.com/minkang/38819e4576/square.jpg,4
La Liga,Barcelona 26/27 Pre-Match Jersey S-4XL2,https://minkang.x.yupoo.com/albums/251869299?uid=1&isSubCate=false&referrercate=680717,https://photo.yupoo.com/minkang/a3cf333f73/large.jpg,1
La Liga,Barcelona 26/27 Pre-Match Jersey S-4XL2,https://minkang.x.yupoo.com/albums/251869299?uid=1&isSubCate=false&referrercate=680717,https://photo.yupoo.com/minkang/36e3eb5c86/large.jpg,2
La Liga,Barcelona 26/27 Pre-Match Jersey S-4XL2,https://minkang.x.yupoo.com/albums/251869299?uid=1&isSubCate=false&referrercate=680717,https://photo.yupoo.com/minkang/a3cf333f73/square.jpg,3
La Liga,Barcelona 26/27 Pre-Match Jersey S-4XL2,https://minkang.x.yupoo.com/albums/251869299?uid=1&isSubCate=false&referrercate=680717,https://photo.yupoo.com/minkang/36e3eb5c86/square.jpg,4
La Liga,Barcelona 26/27 Third Womens Jersey S-XXL2,https://minkang.x.yupoo.com/albums/251869318?uid=1&isSubCate=false&referrercate=680717,https://photo.yupoo.com/minkang/b56fa6d07b/large.jpg,1
La Liga,Barcelona 26/27 Third Womens Jersey S-XXL2,https://minkang.x.yupoo.com/albums/251869318?uid=1&isSubCate=false&referrercate=680717,https://photo.yupoo.com/minkang/8c690abf20/large.jpg,2
La Liga,Barcelona 26/27 Third Womens Jersey S-XXL2,https://minkang.x.yupoo.com/albums/251869318?uid=1&isSubCate=false&referrercate=680717,https://photo.yupoo.com/minkang/b56fa6d07b/square.jpg,3
La Liga,Barcelona 26/27 Third Womens Jersey S-XXL2,https://minkang.x.yupoo.com/albums/251869318?uid=1&isSubCate=false&referrercate=680717,https://photo.yupoo.com/minkang/8c690abf20/square.jpg,4
La Liga,Real Madrid 26/27 commemorative jersey S-4XL2,https://minkang.x.yupoo.com/albums/252314969?uid=1&isSubCate=false&referrercate=680717,https://photo.yupoo.com/minkang/3b137966c2/large.jpg,1
La Liga,Real Madrid 26/27 commemorative jersey S-4XL2,https://minkang.x.yupoo.com/albums/252314969?uid=1&isSubCate=false&referrercate=680717,https://photo.yupoo.com/minkang/c6b3d4ca26/large.jpg,2
La Liga,Real Madrid 26/27 commemorative jersey S-4XL2,https://minkang.x.yupoo.com/albums/252314969?uid=1&isSubCate=false&referrercate=680717,https://photo.yupoo.com/minkang/c6b3d4ca26/square.jpg,3
La Liga,Real Madrid 26/27 commemorative jersey S-4XL2,https://minkang.x.yupoo.com/albums/252314969?uid=1&isSubCate=false&referrercate=680717,https://photo.yupoo.com/minkang/3b137966c2/square.jpg,4
La Liga,Real Madrid 26/27 Training Kit S-4XL2,https://minkang.x.yupoo.com/albums/252314988?uid=1&isSubCate=false&referrercate=680717,https://photo.yupoo.com/minkang/1af879954e/large.jpg,1
La Liga,Real Madrid 26/27 Training Kit S-4XL2,https://minkang.x.yupoo.com/albums/252314988?uid=1&isSubCate=false&referrercate=680717,https://photo.yupoo.com/minkang/18860ba7c2/large.jpg,2
La Liga,Real Madrid 26/27 Training Kit S-4XL2,https://minkang.x.yupoo.com/albums/252314988?uid=1&isSubCate=false&referrercate=680717,https://photo.yupoo.com/minkang/18860ba7c2/square.jpg,3
La Liga,Real Madrid 26/27 Training Kit S-4XL2,https://minkang.x.yupoo.com/albums/252314988?uid=1&isSubCate=false&referrercate=680717,https://photo.yupoo.com/minkang/1af879954e/square.jpg,4
La Liga,Girona 26/27 Home jersey S-4XL2,https://minkang.x.yupoo.com/albums/252315502?uid=1&isSubCate=false&referrercate=680717,https://photo.yupoo.com/minkang/31d3b6c05a/large.jpg,1
La Liga,Girona 26/27 Home jersey S-4XL2,https://minkang.x.yupoo.com/albums/252315502?uid=1&isSubCate=false&referrercate=680717,https://photo.yupoo.com/minkang/1a3cb78a05/large.jpg,2
La Liga,Girona 26/27 Home jersey S-4XL2,https://minkang.x.yupoo.com/albums/252315502?uid=1&isSubCate=false&referrercate=680717,https://photo.yupoo.com/minkang/1a3cb78a05/square.jpg,3
La Liga,Girona 26/27 Home jersey S-4XL2,https://minkang.x.yupoo.com/albums/252315502?uid=1&isSubCate=false&referrercate=680717,https://photo.yupoo.com/minkang/31d3b6c05a/square.jpg,4
La Liga,Cordoba 26/27 Home Jersey S-4XL7,https://minkang.x.yupoo.com/albums/252343110?uid=1&isSubCate=false&referrercate=680717,https://photo.yupoo.com/minkang/5141056841/large.jpg,1
La Liga,Cordoba 26/27 Home Jersey S-4XL7,https://minkang.x.yupoo.com/albums/252343110?uid=1&isSubCate=false&referrercate=680717,https://photo.yupoo.com/minkang/d9b81329de/large.jpg,2
La Liga,Cordoba 26/27 Home Jersey S-4XL7,https://minkang.x.yupoo.com/albums/252343110?uid=1&isSubCate=false&referrercate=680717,https://photo.yupoo.com/minkang/9a92e4805e/large.jpg,3
La Liga,Cordoba 26/27 Home Jersey S-4XL7,https://minkang.x.yupoo.com/albums/252343110?uid=1&isSubCate=false&referrercate=680717,https://photo.yupoo.com/minkang/ee447e8140/large.jpg,4
La Liga,Cordoba 26/27 Home Jersey S-4XL7,https://minkang.x.yupoo.com/albums/252343110?uid=1&isSubCate=false&referrercate=680717,https://photo.yupoo.com/minkang/b802f43f43/large.jpg,5
La Liga,Cordoba 26/27 Home Jersey S-4XL7,https://minkang.x.yupoo.com/albums/252343110?uid=1&isSubCate=false&referrercate=680717,https://photo.yupoo.com/minkang/fa5775173a/large.jpg,6
La Liga,Cordoba 26/27 Home Jersey S-4XL7,https://minkang.x.yupoo.com/albums/252343110?uid=1&isSubCate=false&referrercate=680717,https://photo.yupoo.com/minkang/2c77bffe1c/large.jpg,7
La Liga,Cordoba 26/27 Home Jersey S-4XL7,https://minkang.x.yupoo.com/albums/252343110?uid=1&isSubCate=false&referrercate=680717,https://photo.yupoo.com/minkang/d9b81329de/square.jpg,8
La Liga,Cordoba 26/27 Home Jersey S-4XL7,https://minkang.x.yupoo.com/albums/252343110?uid=1&isSubCate=false&referrercate=680717,https://photo.yupoo.com/minkang/5141056841/square.jpg,9
La Liga,Cordoba 26/27 Home Jersey S-4XL7,https://minkang.x.yupoo.com/albums/252343110?uid=1&isSubCate=false&referrercate=680717,https://photo.yupoo.com/minkang/9a92e4805e/square.jpg,10
La Liga,Cordoba 26/27 Home Jersey S-4XL7,https://minkang.x.yupoo.com/albums/252343110?uid=1&isSubCate=false&referrercate=680717,https://photo.yupoo.com/minkang/ee447e8140/square.jpg,11
La Liga,Cordoba 26/27 Home Jersey S-4XL7,https://minkang.x.yupoo.com/albums/252343110?uid=1&isSubCate=false&referrercate=680717,https://photo.yupoo.com/minkang/b802f43f43/square.jpg,12
La Liga,Cordoba 26/27 Home Jersey S-4XL7,https://minkang.x.yupoo.com/albums/252343110?uid=1&isSubCate=false&referrercate=680717,https://photo.yupoo.com/minkang/fa5775173a/square.jpg,13
La Liga,Cordoba 26/27 Home Jersey S-4XL7,https://minkang.x.yupoo.com/albums/252343110?uid=1&isSubCate=false&referrercate=680717,https://photo.yupoo.com/minkang/2c77bffe1c/square.jpg,14
La Liga,Cordoba 26/27 Third Jersey S-4XL7,https://minkang.x.yupoo.com/albums/252343264?uid=1&isSubCate=false&referrercate=680717,https://photo.yupoo.com/minkang/5da2541ab9/large.jpg,1
La Liga,Cordoba 26/27 Third Jersey S-4XL7,https://minkang.x.yupoo.com/albums/252343264?uid=1&isSubCate=false&referrercate=680717,https://photo.yupoo.com/minkang/65612f929b/large.jpg,2
La Liga,Cordoba 26/27 Third Jersey S-4XL7,https://minkang.x.yupoo.com/albums/252343264?uid=1&isSubCate=false&referrercate=680717,https://photo.yupoo.com/minkang/cc573e2037/large.jpg,3
La Liga,Cordoba 26/27 Third Jersey S-4XL7,https://minkang.x.yupoo.com/albums/252343264?uid=1&isSubCate=false&referrercate=680717,https://photo.yupoo.com/minkang/473d994202/large.jpg,4
La Liga,Cordoba 26/27 Third Jersey S-4XL7,https://minkang.x.yupoo.com/albums/252343264?uid=1&isSubCate=false&referrercate=680717,https://photo.yupoo.com/minkang/999ec9b675/large.jpg,5
La Liga,Cordoba 26/27 Third Jersey S-4XL7,https://minkang.x.yupoo.com/albums/252343264?uid=1&isSubCate=false&referrercate=680717,https://photo.yupoo.com/minkang/664308b938/large.jpg,6
La Liga,Cordoba 26/27 Third Jersey S-4XL7,https://minkang.x.yupoo.com/albums/252343264?uid=1&isSubCate=false&referrercate=680717,https://photo.yupoo.com/minkang/183c57a3c5/large.jpg,7
La Liga,Cordoba 26/27 Third Jersey S-4XL7,https://minkang.x.yupoo.com/albums/252343264?uid=1&isSubCate=false&referrercate=680717,https://photo.yupoo.com/minkang/65612f929b/square.jpg,8
La Liga,Cordoba 26/27 Third Jersey S-4XL7,https://minkang.x.yupoo.com/albums/252343264?uid=1&isSubCate=false&referrercate=680717,https://photo.yupoo.com/minkang/5da2541ab9/square.jpg,9
La Liga,Cordoba 26/27 Third Jersey S-4XL7,https://minkang.x.yupoo.com/albums/252343264?uid=1&isSubCate=false&referrercate=680717,https://photo.yupoo.com/minkang/cc573e2037/square.jpg,10
La Liga,Cordoba 26/27 Third Jersey S-4XL7,https://minkang.x.yupoo.com/albums/252343264?uid=1&isSubCate=false&referrercate=680717,https://photo.yupoo.com/minkang/473d994202/square.jpg,11
La Liga,Cordoba 26/27 Third Jersey S-4XL7,https://minkang.x.yupoo.com/albums/252343264?uid=1&isSubCate=false&referrercate=680717,https://photo.yupoo.com/minkang/999ec9b675/square.jpg,12
La Liga,Cordoba 26/27 Third Jersey S-4XL7,https://minkang.x.yupoo.com/albums/252343264?uid=1&isSubCate=false&referrercate=680717,https://photo.yupoo.com/minkang/664308b938/square.jpg,13
La Liga,Cordoba 26/27 Third Jersey S-4XL7,https://minkang.x.yupoo.com/albums/252343264?uid=1&isSubCate=false&referrercate=680717,https://photo.yupoo.com/minkang/183c57a3c5/square.jpg,14
La Liga,Athletic Bilbao 26/27 training kit S-2XL2,https://minkang.x.yupoo.com/albums/252347727?uid=1&isSubCate=false&referrercate=680717,https://photo.yupoo.com/minkang/e7d621fd74/large.jpg,1
La Liga,Athletic Bilbao 26/27 training kit S-2XL2,https://minkang.x.yupoo.com/albums/252347727?uid=1&isSubCate=false&referrercate=680717,https://photo.yupoo.com/minkang/bc91bce7d1/large.jpg,2
La Liga,Athletic Bilbao 26/27 training kit S-2XL2,https://minkang.x.yupoo.com/albums/252347727?uid=1&isSubCate=false&referrercate=680717,https://photo.yupoo.com/minkang/bc91bce7d1/square.jpg,3
La Liga,Athletic Bilbao 26/27 training kit S-2XL2,https://minkang.x.yupoo.com/albums/252347727?uid=1&isSubCate=false&referrercate=680717,https://photo.yupoo.com/minkang/e7d621fd74/square.jpg,4
La Liga,Malaga 26/27 Away Jersey S-4XL2,https://minkang.x.yupoo.com/albums/252347808?uid=1&isSubCate=false&referrercate=680717,https://photo.yupoo.com/minkang/1bf7f40094/large.jpg,1
La Liga,Malaga 26/27 Away Jersey S-4XL2,https://minkang.x.yupoo.com/albums/252347808?uid=1&isSubCate=false&referrercate=680717,https://photo.yupoo.com/minkang/4d5429b439/large.jpg,2
La Liga,Malaga 26/27 Away Jersey S-4XL2,https://minkang.x.yupoo.com/albums/252347808?uid=1&isSubCate=false&referrercate=680717,https://photo.yupoo.com/minkang/4d5429b439/square.jpg,3
La Liga,Malaga 26/27 Away Jersey S-4XL2,https://minkang.x.yupoo.com/albums/252347808?uid=1&isSubCate=false&referrercate=680717,https://photo.yupoo.com/minkang/1bf7f40094/square.jpg,4
La Liga,Oviedo 26/27 Away Jersey S-2XL2,https://minkang.x.yupoo.com/albums/252347826?uid=1&isSubCate=false&referrercate=680717,https://photo.yupoo.com/minkang/9251027ed2/large.jpg,1
La Liga,Oviedo 26/27 Away Jersey S-2XL2,https://minkang.x.yupoo.com/albums/252347826?uid=1&isSubCate=false&referrercate=680717,https://photo.yupoo.com/minkang/3245ccc2f4/large.jpg,2
La Liga,Oviedo 26/27 Away Jersey S-2XL2,https://minkang.x.yupoo.com/albums/252347826?uid=1&isSubCate=false&referrercate=680717,https://photo.yupoo.com/minkang/3245ccc2f4/square.jpg,3
La Liga,Oviedo 26/27 Away Jersey S-2XL2,https://minkang.x.yupoo.com/albums/252347826?uid=1&isSubCate=false&referrercate=680717,https://photo.yupoo.com/minkang/9251027ed2/square.jpg,4
La Liga,Oviedo 26/27 Third Away Jersey S-2XL2,https://minkang.x.yupoo.com/albums/252347833?uid=1&isSubCate=false&referrercate=680717,https://photo.yupoo.com/minkang/ebea10480d/large.jpg,1
La Liga,Oviedo 26/27 Third Away Jersey S-2XL2,https://minkang.x.yupoo.com/albums/252347833?uid=1&isSubCate=false&referrercate=680717,https://photo.yupoo.com/minkang/f02773465f/large.jpg,2
La Liga,Oviedo 26/27 Third Away Jersey S-2XL2,https://minkang.x.yupoo.com/albums/252347833?uid=1&isSubCate=false&referrercate=680717,https://photo.yupoo.com/minkang/f02773465f/square.jpg,3
La Liga,Oviedo 26/27 Third Away Jersey S-2XL2,https://minkang.x.yupoo.com/albums/252347833?uid=1&isSubCate=false&referrercate=680717,https://photo.yupoo.com/minkang/ebea10480d/square.jpg,4
La Liga,Real Betis 26/27 Away Jersey S-2XL2,https://minkang.x.yupoo.com/albums/252347916?uid=1&isSubCate=false&referrercate=680717,https://photo.yupoo.com/minkang/7a2296079c/large.jpg,1
La Liga,Real Betis 26/27 Away Jersey S-2XL2,https://minkang.x.yupoo.com/albums/252347916?uid=1&isSubCate=false&referrercate=680717,https://photo.yupoo.com/minkang/f9d7a24ae0/large.jpg,2
La Liga,Real Betis 26/27 Away Jersey S-2XL2,https://minkang.x.yupoo.com/albums/252347916?uid=1&isSubCate=false&referrercate=680717,https://photo.yupoo.com/minkang/f9d7a24ae0/square.jpg,3
La Liga,Real Betis 26/27 Away Jersey S-2XL2,https://minkang.x.yupoo.com/albums/252347916?uid=1&isSubCate=false&referrercate=680717,https://photo.yupoo.com/minkang/7a2296079c/square.jpg,4
La Liga,Barcelona x Kobe Bryant 26/27 Away Jersey S-4XL8,https://minkang.x.yupoo.com/albums/252348489?uid=1&isSubCate=false&referrercate=680717,https://photo.yupoo.com/minkang/3fc42d3c27/large.jpg,1
La Liga,Barcelona x Kobe Bryant 26/27 Away Jersey S-4XL8,https://minkang.x.yupoo.com/albums/252348489?uid=1&isSubCate=false&referrercate=680717,https://photo.yupoo.com/minkang/e574095d7a/large.jpg,2
La Liga,Barcelona x Kobe Bryant 26/27 Away Jersey S-4XL8,https://minkang.x.yupoo.com/albums/252348489?uid=1&isSubCate=false&referrercate=680717,https://photo.yupoo.com/minkang/f529858f13/large.jpg,3
La Liga,Barcelona x Kobe Bryant 26/27 Away Jersey S-4XL8,https://minkang.x.yupoo.com/albums/252348489?uid=1&isSubCate=false&referrercate=680717,https://photo.yupoo.com/minkang/7990405ae4/large.jpg,4
La Liga,Barcelona x Kobe Bryant 26/27 Away Jersey S-4XL8,https://minkang.x.yupoo.com/albums/252348489?uid=1&isSubCate=false&referrercate=680717,https://photo.yupoo.com/minkang/f966fb5fa7/large.jpg,5
La Liga,Barcelona x Kobe Bryant 26/27 Away Jersey S-4XL8,https://minkang.x.yupoo.com/albums/252348489?uid=1&isSubCate=false&referrercate=680717,https://photo.yupoo.com/minkang/ba766731fe/large.jpg,6
La Liga,Barcelona x Kobe Bryant 26/27 Away Jersey S-4XL8,https://minkang.x.yupoo.com/albums/252348489?uid=1&isSubCate=false&referrercate=680717,https://photo.yupoo.com/minkang/e1d73b348b/large.jpg,7
La Liga,Barcelona x Kobe Bryant 26/27 Away Jersey S-4XL8,https://minkang.x.yupoo.com/albums/252348489?uid=1&isSubCate=false&referrercate=680717,https://photo.yupoo.com/minkang/8c15e9fb0b/large.jpg,8
La Liga,Barcelona x Kobe Bryant 26/27 Away Jersey S-4XL8,https://minkang.x.yupoo.com/albums/252348489?uid=1&isSubCate=false&referrercate=680717,https://photo.yupoo.com/minkang/3fc42d3c27/square.jpg,9
La Liga,Barcelona x Kobe Bryant 26/27 Away Jersey S-4XL8,https://minkang.x.yupoo.com/albums/252348489?uid=1&isSubCate=false&referrercate=680717,https://photo.yupoo.com/minkang/e574095d7a/square.jpg,10
La Liga,Barcelona x Kobe Bryant 26/27 Away Jersey S-4XL8,https://minkang.x.yupoo.com/albums/252348489?uid=1&isSubCate=false&referrercate=680717,https://photo.yupoo.com/minkang/f529858f13/square.jpg,11
La Liga,Barcelona x Kobe Bryant 26/27 Away Jersey S-4XL8,https://minkang.x.yupoo.com/albums/252348489?uid=1&isSubCate=false&referrercate=680717,https://photo.yupoo.com/minkang/7990405ae4/square.jpg,12
La Liga,Barcelona x Kobe Bryant 26/27 Away Jersey S-4XL8,https://minkang.x.yupoo.com/albums/252348489?uid=1&isSubCate=false&referrercate=680717,https://photo.yupoo.com/minkang/f966fb5fa7/square.jpg,13
La Liga,Barcelona x Kobe Bryant 26/27 Away Jersey S-4XL8,https://minkang.x.yupoo.com/albums/252348489?uid=1&isSubCate=false&referrercate=680717,https://photo.yupoo.com/minkang/ba766731fe/square.jpg,14
La Liga,Barcelona x Kobe Bryant 26/27 Away Jersey S-4XL8,https://minkang.x.yupoo.com/albums/252348489?uid=1&isSubCate=false&referrercate=680717,https://photo.yupoo.com/minkang/e1d73b348b/square.jpg,15
La Liga,Barcelona x Kobe Bryant 26/27 Away Jersey S-4XL8,https://minkang.x.yupoo.com/albums/252348489?uid=1&isSubCate=false&referrercate=680717,https://photo.yupoo.com/minkang/8c15e9fb0b/square.jpg,16
La Liga,Real Madrid 26/27 Away Jersey S-4XL9,https://minkang.x.yupoo.com/albums/252348812?uid=1&isSubCate=false&referrercate=680717,https://photo.yupoo.com/minkang/dd325c98f5/large.jpg,1
La Liga,Real Madrid 26/27 Away Jersey S-4XL9,https://minkang.x.yupoo.com/albums/252348812?uid=1&isSubCate=false&referrercate=680717,https://photo.yupoo.com/minkang/ec15a84dbc/large.jpg,2
La Liga,Real Madrid 26/27 Away Jersey S-4XL9,https://minkang.x.yupoo.com/albums/252348812?uid=1&isSubCate=false&referrercate=680717,https://photo.yupoo.com/minkang/4d4115dd3b/large.jpg,3
La Liga,Real Madrid 26/27 Away Jersey S-4XL9,https://minkang.x.yupoo.com/albums/252348812?uid=1&isSubCate=false&referrercate=680717,https://photo.yupoo.com/minkang/d3788eb6b9/large.jpg,4
La Liga,Real Madrid 26/27 Away Jersey S-4XL9,https://minkang.x.yupoo.com/albums/252348812?uid=1&isSubCate=false&referrercate=680717,https://photo.yupoo.com/minkang/964a50875f/large.jpg,5
La Liga,Real Madrid 26/27 Away Jersey S-4XL9,https://minkang.x.yupoo.com/albums/252348812?uid=1&isSubCate=false&referrercate=680717,https://photo.yupoo.com/minkang/41df7a5a72/large.jpg,6
La Liga,Real Madrid 26/27 Away Jersey S-4XL9,https://minkang.x.yupoo.com/albums/252348812?uid=1&isSubCate=false&referrercate=680717,https://photo.yupoo.com/minkang/f6d0948091/large.jpg,7
La Liga,Real Madrid 26/27 Away Jersey S-4XL9,https://minkang.x.yupoo.com/albums/252348812?uid=1&isSubCate=false&referrercate=680717,https://photo.yupoo.com/minkang/d5362c22af/large.jpg,8
La Liga,Real Madrid 26/27 Away Jersey S-4XL9,https://minkang.x.yupoo.com/albums/252348812?uid=1&isSubCate=false&referrercate=680717,https://photo.yupoo.com/minkang/cca6ac2b09/large.jpg,9
La Liga,Real Madrid 26/27 Away Jersey S-4XL9,https://minkang.x.yupoo.com/albums/252348812?uid=1&isSubCate=false&referrercate=680717,https://photo.yupoo.com/minkang/dd325c98f5/square.jpg,10
La Liga,Real Madrid 26/27 Away Jersey S-4XL9,https://minkang.x.yupoo.com/albums/252348812?uid=1&isSubCate=false&referrercate=680717,https://photo.yupoo.com/minkang/ec15a84dbc/square.jpg,11
La Liga,Real Madrid 26/27 Away Jersey S-4XL9,https://minkang.x.yupoo.com/albums/252348812?uid=1&isSubCate=false&referrercate=680717,https://photo.yupoo.com/minkang/4d4115dd3b/square.jpg,12
La Liga,Real Madrid 26/27 Away Jersey S-4XL9,https://minkang.x.yupoo.com/albums/252348812?uid=1&isSubCate=false&referrercate=680717,https://photo.yupoo.com/minkang/d3788eb6b9/square.jpg,13
La Liga,Real Madrid 26/27 Away Jersey S-4XL9,https://minkang.x.yupoo.com/albums/252348812?uid=1&isSubCate=false&referrercate=680717,https://photo.yupoo.com/minkang/964a50875f/square.jpg,14
La Liga,Real Madrid 26/27 Away Jersey S-4XL9,https://minkang.x.yupoo.com/albums/252348812?uid=1&isSubCate=false&referrercate=680717,https://photo.yupoo.com/minkang/41df7a5a72/square.jpg,15
La Liga,Real Madrid 26/27 Away Jersey S-4XL9,https://minkang.x.yupoo.com/albums/252348812?uid=1&isSubCate=false&referrercate=680717,https://photo.yupoo.com/minkang/f6d0948091/square.jpg,16
La Liga,Real Madrid 26/27 Away Jersey S-4XL9,https://minkang.x.yupoo.com/albums/252348812?uid=1&isSubCate=false&referrercate=680717,https://photo.yupoo.com/minkang/d5362c22af/square.jpg,17
La Liga,Real Madrid 26/27 Away Jersey S-4XL9,https://minkang.x.yupoo.com/albums/252348812?uid=1&isSubCate=false&referrercate=680717,https://photo.yupoo.com/minkang/cca6ac2b09/square.jpg,18
La Liga,Barcelona 26/27 Goalkeeper Away Player Version Jersey S-XXL8,https://minkang.x.yupoo.com/albums/252351190?uid=1&isSubCate=false&referrercate=680717,https://photo.yupoo.com/minkang/e8291a4446/large.jpg,1
La Liga,Barcelona 26/27 Goalkeeper Away Player Version Jersey S-XXL8,https://minkang.x.yupoo.com/albums/252351190?uid=1&isSubCate=false&referrercate=680717,https://photo.yupoo.com/minkang/9bf84c38f3/large.jpg,2
La Liga,Barcelona 26/27 Goalkeeper Away Player Version Jersey S-XXL8,https://minkang.x.yupoo.com/albums/252351190?uid=1&isSubCate=false&referrercate=680717,https://photo.yupoo.com/minkang/ce87b30c2b/large.jpg,3
La Liga,Barcelona 26/27 Goalkeeper Away Player Version Jersey S-XXL8,https://minkang.x.yupoo.com/albums/252351190?uid=1&isSubCate=false&referrercate=680717,https://photo.yupoo.com/minkang/567c7387fc/large.jpg,4
La Liga,Barcelona 26/27 Goalkeeper Away Player Version Jersey S-XXL8,https://minkang.x.yupoo.com/albums/252351190?uid=1&isSubCate=false&referrercate=680717,https://photo.yupoo.com/minkang/7698692d7c/large.jpg,5
La Liga,Barcelona 26/27 Goalkeeper Away Player Version Jersey S-XXL8,https://minkang.x.yupoo.com/albums/252351190?uid=1&isSubCate=false&referrercate=680717,https://photo.yupoo.com/minkang/f8f340f67e/large.jpg,6
La Liga,Barcelona 26/27 Goalkeeper Away Player Version Jersey S-XXL8,https://minkang.x.yupoo.com/albums/252351190?uid=1&isSubCate=false&referrercate=680717,https://photo.yupoo.com/minkang/d57fa2333b/large.jpg,7
La Liga,Barcelona 26/27 Goalkeeper Away Player Version Jersey S-XXL8,https://minkang.x.yupoo.com/albums/252351190?uid=1&isSubCate=false&referrercate=680717,https://photo.yupoo.com/minkang/eb9192dd49/large.jpg,8
La Liga,Barcelona 26/27 Goalkeeper Away Player Version Jersey S-XXL8,https://minkang.x.yupoo.com/albums/252351190?uid=1&isSubCate=false&referrercate=680717,https://photo.yupoo.com/minkang/e8291a4446/square.jpg,9
La Liga,Barcelona 26/27 Goalkeeper Away Player Version Jersey S-XXL8,https://minkang.x.yupoo.com/albums/252351190?uid=1&isSubCate=false&referrercate=680717,https://photo.yupoo.com/minkang/9bf84c38f3/square.jpg,10
La Liga,Barcelona 26/27 Goalkeeper Away Player Version Jersey S-XXL8,https://minkang.x.yupoo.com/albums/252351190?uid=1&isSubCate=false&referrercate=680717,https://photo.yupoo.com/minkang/ce87b30c2b/square.jpg,11
La Liga,Barcelona 26/27 Goalkeeper Away Player Version Jersey S-XXL8,https://minkang.x.yupoo.com/albums/252351190?uid=1&isSubCate=false&referrercate=680717,https://photo.yupoo.com/minkang/567c7387fc/square.jpg,12
La Liga,Barcelona 26/27 Goalkeeper Away Player Version Jersey S-XXL8,https://minkang.x.yupoo.com/albums/252351190?uid=1&isSubCate=false&referrercate=680717,https://photo.yupoo.com/minkang/7698692d7c/square.jpg,13
La Liga,Barcelona 26/27 Goalkeeper Away Player Version Jersey S-XXL8,https://minkang.x.yupoo.com/albums/252351190?uid=1&isSubCate=false&referrercate=680717,https://photo.yupoo.com/minkang/f8f340f67e/square.jpg,14
La Liga,Barcelona 26/27 Goalkeeper Away Player Version Jersey S-XXL8,https://minkang.x.yupoo.com/albums/252351190?uid=1&isSubCate=false&referrercate=680717,https://photo.yupoo.com/minkang/d57fa2333b/square.jpg,15
La Liga,Barcelona 26/27 Goalkeeper Away Player Version Jersey S-XXL8,https://minkang.x.yupoo.com/albums/252351190?uid=1&isSubCate=false&referrercate=680717,https://photo.yupoo.com/minkang/eb9192dd49/square.jpg,16
La Liga,Barcelona 26/27 Home Player Version Jersey S-4XL9,https://minkang.x.yupoo.com/albums/252351718?uid=1&isSubCate=false&referrercate=680717,https://photo.yupoo.com/minkang/053a2a525d/large.jpg,1
La Liga,Barcelona 26/27 Home Player Version Jersey S-4XL9,https://minkang.x.yupoo.com/albums/252351718?uid=1&isSubCate=false&referrercate=680717,https://photo.yupoo.com/minkang/e1a5cfe5f3/large.jpg,2
La Liga,Barcelona 26/27 Home Player Version Jersey S-4XL9,https://minkang.x.yupoo.com/albums/252351718?uid=1&isSubCate=false&referrercate=680717,https://photo.yupoo.com/minkang/82b6873363/large.jpg,3
La Liga,Barcelona 26/27 Home Player Version Jersey S-4XL9,https://minkang.x.yupoo.com/albums/252351718?uid=1&isSubCate=false&referrercate=680717,https://photo.yupoo.com/minkang/6566128835/large.jpg,4
La Liga,Barcelona 26/27 Home Player Version Jersey S-4XL9,https://minkang.x.yupoo.com/albums/252351718?uid=1&isSubCate=false&referrercate=680717,https://photo.yupoo.com/minkang/f81418ca1b/large.jpg,5
La Liga,Barcelona 26/27 Home Player Version Jersey S-4XL9,https://minkang.x.yupoo.com/albums/252351718?uid=1&isSubCate=false&referrercate=680717,https://photo.yupoo.com/minkang/43422b7542/large.jpg,6
La Liga,Barcelona 26/27 Home Player Version Jersey S-4XL9,https://minkang.x.yupoo.com/albums/252351718?uid=1&isSubCate=false&referrercate=680717,https://photo.yupoo.com/minkang/84dc61f291/large.jpg,7
La Liga,Barcelona 26/27 Home Player Version Jersey S-4XL9,https://minkang.x.yupoo.com/albums/252351718?uid=1&isSubCate=false&referrercate=680717,https://photo.yupoo.com/minkang/64c6428a47/large.jpg,8
La Liga,Barcelona 26/27 Home Player Version Jersey S-4XL9,https://minkang.x.yupoo.com/albums/252351718?uid=1&isSubCate=false&referrercate=680717,https://photo.yupoo.com/minkang/98527e0031/large.jpg,9
La Liga,Barcelona 26/27 Home Player Version Jersey S-4XL9,https://minkang.x.yupoo.com/albums/252351718?uid=1&isSubCate=false&referrercate=680717,https://photo.yupoo.com/minkang/053a2a525d/square.jpg,10
La Liga,Barcelona 26/27 Home Player Version Jersey S-4XL9,https://minkang.x.yupoo.com/albums/252351718?uid=1&isSubCate=false&referrercate=680717,https://photo.yupoo.com/minkang/e1a5cfe5f3/square.jpg,11
La Liga,Barcelona 26/27 Home Player Version Jersey S-4XL9,https://minkang.x.yupoo.com/albums/252351718?uid=1&isSubCate=false&referrercate=680717,https://photo.yupoo.com/minkang/82b6873363/square.jpg,12
La Liga,Barcelona 26/27 Home Player Version Jersey S-4XL9,https://minkang.x.yupoo.com/albums/252351718?uid=1&isSubCate=false&referrercate=680717,https://photo.yupoo.com/minkang/6566128835/square.jpg,13
La Liga,Barcelona 26/27 Home Player Version Jersey S-4XL9,https://minkang.x.yupoo.com/albums/252351718?uid=1&isSubCate=false&referrercate=680717,https://photo.yupoo.com/minkang/f81418ca1b/square.jpg,14
La Liga,Barcelona 26/27 Home Player Version Jersey S-4XL9,https://minkang.x.yupoo.com/albums/252351718?uid=1&isSubCate=false&referrercate=680717,https://photo.yupoo.com/minkang/43422b7542/square.jpg,15
La Liga,Barcelona 26/27 Home Player Version Jersey S-4XL9,https://minkang.x.yupoo.com/albums/252351718?uid=1&isSubCate=false&referrercate=680717,https://photo.yupoo.com/minkang/84dc61f291/square.jpg,16
La Liga,Barcelona 26/27 Home Player Version Jersey S-4XL9,https://minkang.x.yupoo.com/albums/252351718?uid=1&isSubCate=false&referrercate=680717,https://photo.yupoo.com/minkang/64c6428a47/square.jpg,17
La Liga,Barcelona 26/27 Home Player Version Jersey S-4XL9,https://minkang.x.yupoo.com/albums/252351718?uid=1&isSubCate=false&referrercate=680717,https://photo.yupoo.com/minkang/98527e0031/square.jpg,18
La Liga,Real Madrid 26/27 Away Player Version Jersey S-4XL10,https://minkang.x.yupoo.com/albums/252351937?uid=1&isSubCate=false&referrercate=680717,https://photo.yupoo.com/minkang/0b3cf04c38/large.jpg,1
La Liga,Real Madrid 26/27 Away Player Version Jersey S-4XL10,https://minkang.x.yupoo.com/albums/252351937?uid=1&isSubCate=false&referrercate=680717,https://photo.yupoo.com/minkang/246a8a3390/large.jpg,2
La Liga,Real Madrid 26/27 Away Player Version Jersey S-4XL10,https://minkang.x.yupoo.com/albums/252351937?uid=1&isSubCate=false&referrercate=680717,https://photo.yupoo.com/minkang/e3b5fbeb90/large.jpg,3
La Liga,Real Madrid 26/27 Away Player Version Jersey S-4XL10,https://minkang.x.yupoo.com/albums/252351937?uid=1&isSubCate=false&referrercate=680717,https://photo.yupoo.com/minkang/3ba8ccacad/large.jpg,4
La Liga,Real Madrid 26/27 Away Player Version Jersey S-4XL10,https://minkang.x.yupoo.com/albums/252351937?uid=1&isSubCate=false&referrercate=680717,https://photo.yupoo.com/minkang/f08f4ce2cc/large.jpg,5
La Liga,Real Madrid 26/27 Away Player Version Jersey S-4XL10,https://minkang.x.yupoo.com/albums/252351937?uid=1&isSubCate=false&referrercate=680717,https://photo.yupoo.com/minkang/b67d568ef7/large.jpg,6
La Liga,Real Madrid 26/27 Away Player Version Jersey S-4XL10,https://minkang.x.yupoo.com/albums/252351937?uid=1&isSubCate=false&referrercate=680717,https://photo.yupoo.com/minkang/08867e6da5/large.jpg,7
La Liga,Real Madrid 26/27 Away Player Version Jersey S-4XL10,https://minkang.x.yupoo.com/albums/252351937?uid=1&isSubCate=false&referrercate=680717,https://photo.yupoo.com/minkang/1d8059f4d8/large.jpg,8
La Liga,Real Madrid 26/27 Away Player Version Jersey S-4XL10,https://minkang.x.yupoo.com/albums/252351937?uid=1&isSubCate=false&referrercate=680717,https://photo.yupoo.com/minkang/74cf8f2712/large.jpg,9
La Liga,Real Madrid 26/27 Away Player Version Jersey S-4XL10,https://minkang.x.yupoo.com/albums/252351937?uid=1&isSubCate=false&referrercate=680717,https://photo.yupoo.com/minkang/d4efe43f4c/large.jpg,10
La Liga,Real Madrid 26/27 Away Player Version Jersey S-4XL10,https://minkang.x.yupoo.com/albums/252351937?uid=1&isSubCate=false&referrercate=680717,https://photo.yupoo.com/minkang/0b3cf04c38/square.jpg,11
La Liga,Real Madrid 26/27 Away Player Version Jersey S-4XL10,https://minkang.x.yupoo.com/albums/252351937?uid=1&isSubCate=false&referrercate=680717,https://photo.yupoo.com/minkang/246a8a3390/square.jpg,12
La Liga,Real Madrid 26/27 Away Player Version Jersey S-4XL10,https://minkang.x.yupoo.com/albums/252351937?uid=1&isSubCate=false&referrercate=680717,https://photo.yupoo.com/minkang/e3b5fbeb90/square.jpg,13
La Liga,Real Madrid 26/27 Away Player Version Jersey S-4XL10,https://minkang.x.yupoo.com/albums/252351937?uid=1&isSubCate=false&referrercate=680717,https://photo.yupoo.com/minkang/3ba8ccacad/square.jpg,14
La Liga,Real Madrid 26/27 Away Player Version Jersey S-4XL10,https://minkang.x.yupoo.com/albums/252351937?uid=1&isSubCate=false&referrercate=680717,https://photo.yupoo.com/minkang/f08f4ce2cc/square.jpg,15
La Liga,Real Madrid 26/27 Away Player Version Jersey S-4XL10,https://minkang.x.yupoo.com/albums/252351937?uid=1&isSubCate=false&referrercate=680717,https://photo.yupoo.com/minkang/b67d568ef7/square.jpg,16
La Liga,Real Madrid 26/27 Away Player Version Jersey S-4XL10,https://minkang.x.yupoo.com/albums/252351937?uid=1&isSubCate=false&referrercate=680717,https://photo.yupoo.com/minkang/08867e6da5/square.jpg,17
La Liga,Real Madrid 26/27 Away Player Version Jersey S-4XL10,https://minkang.x.yupoo.com/albums/252351937?uid=1&isSubCate=false&referrercate=680717,https://photo.yupoo.com/minkang/1d8059f4d8/square.jpg,18
La Liga,Real Madrid 26/27 Away Player Version Jersey S-4XL10,https://minkang.x.yupoo.com/albums/252351937?uid=1&isSubCate=false&referrercate=680717,https://photo.yupoo.com/minkang/74cf8f2712/square.jpg,19
La Liga,Real Madrid 26/27 Away Player Version Jersey S-4XL10,https://minkang.x.yupoo.com/albums/252351937?uid=1&isSubCate=false&referrercate=680717,https://photo.yupoo.com/minkang/d4efe43f4c/square.jpg,20
La Liga,Girona 26/27 away jersey S-4XL2,https://minkang.x.yupoo.com/albums/252315331?uid=1&isSubCate=false&referrercate=680717,https://photo.yupoo.com/minkang/1f38255837/large.jpg,1
La Liga,Girona 26/27 away jersey S-4XL2,https://minkang.x.yupoo.com/albums/252315331?uid=1&isSubCate=false&referrercate=680717,https://photo.yupoo.com/minkang/08cf6af103/large.jpg,2
La Liga,Girona 26/27 away jersey S-4XL2,https://minkang.x.yupoo.com/albums/252315331?uid=1&isSubCate=false&referrercate=680717,https://photo.yupoo.com/minkang/08cf6af103/square.jpg,3
La Liga,Girona 26/27 away jersey S-4XL2,https://minkang.x.yupoo.com/albums/252315331?uid=1&isSubCate=false&referrercate=680717,https://photo.yupoo.com/minkang/1f38255837/square.jpg,4
La Liga,Barcelona 26/27 Retro Jersey S-4XL2,https://minkang.x.yupoo.com/albums/252314372?uid=1&isSubCate=false&referrercate=680717,https://photo.yupoo.com/minkang/05a41f5f19/large.jpg,1
La Liga,Barcelona 26/27 Retro Jersey S-4XL2,https://minkang.x.yupoo.com/albums/252314372?uid=1&isSubCate=false&referrercate=680717,https://photo.yupoo.com/minkang/1ca5838545/large.jpg,2
La Liga,Barcelona 26/27 Retro Jersey S-4XL2,https://minkang.x.yupoo.com/albums/252314372?uid=1&isSubCate=false&referrercate=680717,https://photo.yupoo.com/minkang/1ca5838545/square.jpg,3
La Liga,Barcelona 26/27 Retro Jersey S-4XL2,https://minkang.x.yupoo.com/albums/252314372?uid=1&isSubCate=false&referrercate=680717,https://photo.yupoo.com/minkang/05a41f5f19/square.jpg,4
La Liga,Cordoba 26/27 Third Away Jersey S-4XL7,https://minkang.x.yupoo.com/albums/251847938?uid=1&isSubCate=false&referrercate=680717,https://photo.yupoo.com/minkang/cdc10090bb/large.jpg,1
La Liga,Cordoba 26/27 Third Away Jersey S-4XL7,https://minkang.x.yupoo.com/albums/251847938?uid=1&isSubCate=false&referrercate=680717,https://photo.yupoo.com/minkang/cac0cb16d1/large.jpg,2
La Liga,Cordoba 26/27 Third Away Jersey S-4XL7,https://minkang.x.yupoo.com/albums/251847938?uid=1&isSubCate=false&referrercate=680717,https://photo.yupoo.com/minkang/bde1fa953b/large.jpg,3
La Liga,Cordoba 26/27 Third Away Jersey S-4XL7,https://minkang.x.yupoo.com/albums/251847938?uid=1&isSubCate=false&referrercate=680717,https://photo.yupoo.com/minkang/232a420e94/large.jpg,4
La Liga,Cordoba 26/27 Third Away Jersey S-4XL7,https://minkang.x.yupoo.com/albums/251847938?uid=1&isSubCate=false&referrercate=680717,https://photo.yupoo.com/minkang/4debe21959/large.jpg,5
La Liga,Cordoba 26/27 Third Away Jersey S-4XL7,https://minkang.x.yupoo.com/albums/251847938?uid=1&isSubCate=false&referrercate=680717,https://photo.yupoo.com/minkang/b6bef8e620/large.jpg,6
La Liga,Cordoba 26/27 Third Away Jersey S-4XL7,https://minkang.x.yupoo.com/albums/251847938?uid=1&isSubCate=false&referrercate=680717,https://photo.yupoo.com/minkang/9cceed989a/large.jpg,7
La Liga,Cordoba 26/27 Third Away Jersey S-4XL7,https://minkang.x.yupoo.com/albums/251847938?uid=1&isSubCate=false&referrercate=680717,https://photo.yupoo.com/minkang/cac0cb16d1/square.jpg,8
La Liga,Cordoba 26/27 Third Away Jersey S-4XL7,https://minkang.x.yupoo.com/albums/251847938?uid=1&isSubCate=false&referrercate=680717,https://photo.yupoo.com/minkang/cdc10090bb/square.jpg,9
La Liga,Cordoba 26/27 Third Away Jersey S-4XL7,https://minkang.x.yupoo.com/albums/251847938?uid=1&isSubCate=false&referrercate=680717,https://photo.yupoo.com/minkang/bde1fa953b/square.jpg,10
La Liga,Cordoba 26/27 Third Away Jersey S-4XL7,https://minkang.x.yupoo.com/albums/251847938?uid=1&isSubCate=false&referrercate=680717,https://photo.yupoo.com/minkang/232a420e94/square.jpg,11
La Liga,Cordoba 26/27 Third Away Jersey S-4XL7,https://minkang.x.yupoo.com/albums/251847938?uid=1&isSubCate=false&referrercate=680717,https://photo.yupoo.com/minkang/4debe21959/square.jpg,12
La Liga,Cordoba 26/27 Third Away Jersey S-4XL7,https://minkang.x.yupoo.com/albums/251847938?uid=1&isSubCate=false&referrercate=680717,https://photo.yupoo.com/minkang/b6bef8e620/square.jpg,13
La Liga,Cordoba 26/27 Third Away Jersey S-4XL7,https://minkang.x.yupoo.com/albums/251847938?uid=1&isSubCate=false&referrercate=680717,https://photo.yupoo.com/minkang/9cceed989a/square.jpg,14
La Liga,Cordoba 26/27 Home Jersey S-4XL7,https://minkang.x.yupoo.com/albums/251847702?uid=1&isSubCate=false&referrercate=680717,https://photo.yupoo.com/minkang/40755f4163/large.jpg,1
La Liga,Cordoba 26/27 Home Jersey S-4XL7,https://minkang.x.yupoo.com/albums/251847702?uid=1&isSubCate=false&referrercate=680717,https://photo.yupoo.com/minkang/655eae8fcf/large.jpg,2
La Liga,Cordoba 26/27 Home Jersey S-4XL7,https://minkang.x.yupoo.com/albums/251847702?uid=1&isSubCate=false&referrercate=680717,https://photo.yupoo.com/minkang/6d44b1f4cb/large.jpg,3
La Liga,Cordoba 26/27 Home Jersey S-4XL7,https://minkang.x.yupoo.com/albums/251847702?uid=1&isSubCate=false&referrercate=680717,https://photo.yupoo.com/minkang/fddcfa6f1f/large.jpg,4
La Liga,Cordoba 26/27 Home Jersey S-4XL7,https://minkang.x.yupoo.com/albums/251847702?uid=1&isSubCate=false&referrercate=680717,https://photo.yupoo.com/minkang/74378701bb/large.jpg,5
La Liga,Cordoba 26/27 Home Jersey S-4XL7,https://minkang.x.yupoo.com/albums/251847702?uid=1&isSubCate=false&referrercate=680717,https://photo.yupoo.com/minkang/b774c8c4a1/large.jpg,6
La Liga,Cordoba 26/27 Home Jersey S-4XL7,https://minkang.x.yupoo.com/albums/251847702?uid=1&isSubCate=false&referrercate=680717,https://photo.yupoo.com/minkang/9c5108d224/large.jpg,7
La Liga,Cordoba 26/27 Home Jersey S-4XL7,https://minkang.x.yupoo.com/albums/251847702?uid=1&isSubCate=false&referrercate=680717,https://photo.yupoo.com/minkang/655eae8fcf/square.jpg,8
La Liga,Cordoba 26/27 Home Jersey S-4XL7,https://minkang.x.yupoo.com/albums/251847702?uid=1&isSubCate=false&referrercate=680717,https://photo.yupoo.com/minkang/40755f4163/square.jpg,9
La Liga,Cordoba 26/27 Home Jersey S-4XL7,https://minkang.x.yupoo.com/albums/251847702?uid=1&isSubCate=false&referrercate=680717,https://photo.yupoo.com/minkang/6d44b1f4cb/square.jpg,10
La Liga,Cordoba 26/27 Home Jersey S-4XL7,https://minkang.x.yupoo.com/albums/251847702?uid=1&isSubCate=false&referrercate=680717,https://photo.yupoo.com/minkang/fddcfa6f1f/square.jpg,11
La Liga,Cordoba 26/27 Home Jersey S-4XL7,https://minkang.x.yupoo.com/albums/251847702?uid=1&isSubCate=false&referrercate=680717,https://photo.yupoo.com/minkang/74378701bb/square.jpg,12
La Liga,Cordoba 26/27 Home Jersey S-4XL7,https://minkang.x.yupoo.com/albums/251847702?uid=1&isSubCate=false&referrercate=680717,https://photo.yupoo.com/minkang/b774c8c4a1/square.jpg,13
La Liga,Cordoba 26/27 Home Jersey S-4XL7,https://minkang.x.yupoo.com/albums/251847702?uid=1&isSubCate=false&referrercate=680717,https://photo.yupoo.com/minkang/9c5108d224/square.jpg,14
La Liga,Real Betis 26/27 Home Player Version Jersey S-3XL9,https://minkang.x.yupoo.com/albums/251100741?uid=1&isSubCate=false&referrercate=680717,https://photo.yupoo.com/minkang/c7f1f394ca/large.jpg,1
La Liga,Real Betis 26/27 Home Player Version Jersey S-3XL9,https://minkang.x.yupoo.com/albums/251100741?uid=1&isSubCate=false&referrercate=680717,https://photo.yupoo.com/minkang/3ff8836d38/large.jpg,2
La Liga,Real Betis 26/27 Home Player Version Jersey S-3XL9,https://minkang.x.yupoo.com/albums/251100741?uid=1&isSubCate=false&referrercate=680717,https://photo.yupoo.com/minkang/ea700ed92b/large.jpg,3
La Liga,Real Betis 26/27 Home Player Version Jersey S-3XL9,https://minkang.x.yupoo.com/albums/251100741?uid=1&isSubCate=false&referrercate=680717,https://photo.yupoo.com/minkang/c5219f52fa/large.jpg,4
La Liga,Real Betis 26/27 Home Player Version Jersey S-3XL9,https://minkang.x.yupoo.com/albums/251100741?uid=1&isSubCate=false&referrercate=680717,https://photo.yupoo.com/minkang/81452348db/large.jpg,5
La Liga,Real Betis 26/27 Home Player Version Jersey S-3XL9,https://minkang.x.yupoo.com/albums/251100741?uid=1&isSubCate=false&referrercate=680717,https://photo.yupoo.com/minkang/645eca47ed/large.jpg,6
La Liga,Real Betis 26/27 Home Player Version Jersey S-3XL9,https://minkang.x.yupoo.com/albums/251100741?uid=1&isSubCate=false&referrercate=680717,https://photo.yupoo.com/minkang/ec44d6cbf6/large.jpg,7
La Liga,Real Betis 26/27 Home Player Version Jersey S-3XL9,https://minkang.x.yupoo.com/albums/251100741?uid=1&isSubCate=false&referrercate=680717,https://photo.yupoo.com/minkang/8508b5a9df/large.jpg,8
La Liga,Real Betis 26/27 Home Player Version Jersey S-3XL9,https://minkang.x.yupoo.com/albums/251100741?uid=1&isSubCate=false&referrercate=680717,https://photo.yupoo.com/minkang/95e0f80feb/large.jpg,9
La Liga,Real Betis 26/27 Home Player Version Jersey S-3XL9,https://minkang.x.yupoo.com/albums/251100741?uid=1&isSubCate=false&referrercate=680717,https://photo.yupoo.com/minkang/3ff8836d38/square.jpg,10
La Liga,Real Betis 26/27 Home Player Version Jersey S-3XL9,https://minkang.x.yupoo.com/albums/251100741?uid=1&isSubCate=false&referrercate=680717,https://photo.yupoo.com/minkang/c7f1f394ca/square.jpg,11
La Liga,Real Betis 26/27 Home Player Version Jersey S-3XL9,https://minkang.x.yupoo.com/albums/251100741?uid=1&isSubCate=false&referrercate=680717,https://photo.yupoo.com/minkang/ea700ed92b/square.jpg,12
La Liga,Real Betis 26/27 Home Player Version Jersey S-3XL9,https://minkang.x.yupoo.com/albums/251100741?uid=1&isSubCate=false&referrercate=680717,https://photo.yupoo.com/minkang/c5219f52fa/square.jpg,13
La Liga,Real Betis 26/27 Home Player Version Jersey S-3XL9,https://minkang.x.yupoo.com/albums/251100741?uid=1&isSubCate=false&referrercate=680717,https://photo.yupoo.com/minkang/81452348db/square.jpg,14
La Liga,Real Betis 26/27 Home Player Version Jersey S-3XL9,https://minkang.x.yupoo.com/albums/251100741?uid=1&isSubCate=false&referrercate=680717,https://photo.yupoo.com/minkang/645eca47ed/square.jpg,15
La Liga,Real Betis 26/27 Home Player Version Jersey S-3XL9,https://minkang.x.yupoo.com/albums/251100741?uid=1&isSubCate=false&referrercate=680717,https://photo.yupoo.com/minkang/ec44d6cbf6/square.jpg,16
La Liga,Real Betis 26/27 Home Player Version Jersey S-3XL9,https://minkang.x.yupoo.com/albums/251100741?uid=1&isSubCate=false&referrercate=680717,https://photo.yupoo.com/minkang/8508b5a9df/square.jpg,17
La Liga,Real Betis 26/27 Home Player Version Jersey S-3XL9,https://minkang.x.yupoo.com/albums/251100741?uid=1&isSubCate=false&referrercate=680717,https://photo.yupoo.com/minkang/95e0f80feb/square.jpg,18
La Liga,Real Betis 26/27 Third Away Jersey S-4XL2,https://minkang.x.yupoo.com/albums/249561614?uid=1&isSubCate=false&referrercate=680717,https://photo.yupoo.com/minkang/c4d4ea2205/large.jpg,1
La Liga,Real Betis 26/27 Third Away Jersey S-4XL2,https://minkang.x.yupoo.com/albums/249561614?uid=1&isSubCate=false&referrercate=680717,https://photo.yupoo.com/minkang/42bc678262/large.jpg,2
La Liga,Real Betis 26/27 Third Away Jersey S-4XL2,https://minkang.x.yupoo.com/albums/249561614?uid=1&isSubCate=false&referrercate=680717,https://photo.yupoo.com/minkang/42bc678262/square.jpg,3
La Liga,Real Betis 26/27 Third Away Jersey S-4XL2,https://minkang.x.yupoo.com/albums/249561614?uid=1&isSubCate=false&referrercate=680717,https://photo.yupoo.com/minkang/c4d4ea2205/square.jpg,4
La Liga,Real Betis 26/27 Away Jersey S-4XL2,https://minkang.x.yupoo.com/albums/249560033?uid=1&isSubCate=false&referrercate=680717,https://photo.yupoo.com/minkang/7727cf1d4d/large.jpg,1
La Liga,Real Betis 26/27 Away Jersey S-4XL2,https://minkang.x.yupoo.com/albums/249560033?uid=1&isSubCate=false&referrercate=680717,https://photo.yupoo.com/minkang/049ad6237a/large.jpg,2
La Liga,Real Betis 26/27 Away Jersey S-4XL2,https://minkang.x.yupoo.com/albums/249560033?uid=1&isSubCate=false&referrercate=680717,https://photo.yupoo.com/minkang/049ad6237a/square.jpg,3
La Liga,Real Betis 26/27 Away Jersey S-4XL2,https://minkang.x.yupoo.com/albums/249560033?uid=1&isSubCate=false&referrercate=680717,https://photo.yupoo.com/minkang/7727cf1d4d/square.jpg,4
La Liga,Malaga 26/27 Away Jersey S-4XL9,https://minkang.x.yupoo.com/albums/249052426?uid=1&isSubCate=false&referrercate=680717,https://photo.yupoo.com/minkang/0b4abf7173/large.jpg,1
La Liga,Malaga 26/27 Away Jersey S-4XL9,https://minkang.x.yupoo.com/albums/249052426?uid=1&isSubCate=false&referrercate=680717,https://photo.yupoo.com/minkang/114fcb1d97/large.jpg,2
La Liga,Malaga 26/27 Away Jersey S-4XL9,https://minkang.x.yupoo.com/albums/249052426?uid=1&isSubCate=false&referrercate=680717,https://photo.yupoo.com/minkang/74123c2969/large.jpg,3
La Liga,Malaga 26/27 Away Jersey S-4XL9,https://minkang.x.yupoo.com/albums/249052426?uid=1&isSubCate=false&referrercate=680717,https://photo.yupoo.com/minkang/8bc0c81e66/large.jpg,4
La Liga,Malaga 26/27 Away Jersey S-4XL9,https://minkang.x.yupoo.com/albums/249052426?uid=1&isSubCate=false&referrercate=680717,https://photo.yupoo.com/minkang/1596d6a625/large.jpg,5
La Liga,Malaga 26/27 Away Jersey S-4XL9,https://minkang.x.yupoo.com/albums/249052426?uid=1&isSubCate=false&referrercate=680717,https://photo.yupoo.com/minkang/58667b7987/large.jpg,6
La Liga,Malaga 26/27 Away Jersey S-4XL9,https://minkang.x.yupoo.com/albums/249052426?uid=1&isSubCate=false&referrercate=680717,https://photo.yupoo.com/minkang/8141b74032/large.jpg,7
La Liga,Malaga 26/27 Away Jersey S-4XL9,https://minkang.x.yupoo.com/albums/249052426?uid=1&isSubCate=false&referrercate=680717,https://photo.yupoo.com/minkang/db2d530624/large.jpg,8
La Liga,Malaga 26/27 Away Jersey S-4XL9,https://minkang.x.yupoo.com/albums/249052426?uid=1&isSubCate=false&referrercate=680717,https://photo.yupoo.com/minkang/b49b1c6b5c/large.jpg,9
La Liga,Malaga 26/27 Away Jersey S-4XL9,https://minkang.x.yupoo.com/albums/249052426?uid=1&isSubCate=false&referrercate=680717,https://photo.yupoo.com/minkang/114fcb1d97/square.jpg,10
La Liga,Malaga 26/27 Away Jersey S-4XL9,https://minkang.x.yupoo.com/albums/249052426?uid=1&isSubCate=false&referrercate=680717,https://photo.yupoo.com/minkang/0b4abf7173/square.jpg,11
La Liga,Malaga 26/27 Away Jersey S-4XL9,https://minkang.x.yupoo.com/albums/249052426?uid=1&isSubCate=false&referrercate=680717,https://photo.yupoo.com/minkang/74123c2969/square.jpg,12
La Liga,Malaga 26/27 Away Jersey S-4XL9,https://minkang.x.yupoo.com/albums/249052426?uid=1&isSubCate=false&referrercate=680717,https://photo.yupoo.com/minkang/8bc0c81e66/square.jpg,13
La Liga,Malaga 26/27 Away Jersey S-4XL9,https://minkang.x.yupoo.com/albums/249052426?uid=1&isSubCate=false&referrercate=680717,https://photo.yupoo.com/minkang/1596d6a625/square.jpg,14
La Liga,Malaga 26/27 Away Jersey S-4XL9,https://minkang.x.yupoo.com/albums/249052426?uid=1&isSubCate=false&referrercate=680717,https://photo.yupoo.com/minkang/58667b7987/square.jpg,15
La Liga,Malaga 26/27 Away Jersey S-4XL9,https://minkang.x.yupoo.com/albums/249052426?uid=1&isSubCate=false&referrercate=680717,https://photo.yupoo.com/minkang/8141b74032/square.jpg,16
La Liga,Malaga 26/27 Away Jersey S-4XL9,https://minkang.x.yupoo.com/albums/249052426?uid=1&isSubCate=false&referrercate=680717,https://photo.yupoo.com/minkang/db2d530624/square.jpg,17
La Liga,Malaga 26/27 Away Jersey S-4XL9,https://minkang.x.yupoo.com/albums/249052426?uid=1&isSubCate=false&referrercate=680717,https://photo.yupoo.com/minkang/b49b1c6b5c/square.jpg,18
La Liga,Osasuna 26/27 Away Jersey S-4XL8,https://minkang.x.yupoo.com/albums/249062238?uid=1&isSubCate=false&referrercate=680717,https://photo.yupoo.com/minkang/9ecb445679/large.jpg,1
La Liga,Osasuna 26/27 Away Jersey S-4XL8,https://minkang.x.yupoo.com/albums/249062238?uid=1&isSubCate=false&referrercate=680717,https://photo.yupoo.com/minkang/46a14a42d1/large.jpg,2
La Liga,Osasuna 26/27 Away Jersey S-4XL8,https://minkang.x.yupoo.com/albums/249062238?uid=1&isSubCate=false&referrercate=680717,https://photo.yupoo.com/minkang/8fe1c3edc5/large.jpg,3
La Liga,Osasuna 26/27 Away Jersey S-4XL8,https://minkang.x.yupoo.com/albums/249062238?uid=1&isSubCate=false&referrercate=680717,https://photo.yupoo.com/minkang/81b7db85c0/large.jpg,4
La Liga,Osasuna 26/27 Away Jersey S-4XL8,https://minkang.x.yupoo.com/albums/249062238?uid=1&isSubCate=false&referrercate=680717,https://photo.yupoo.com/minkang/f5f5ae3c02/large.jpg,5
La Liga,Osasuna 26/27 Away Jersey S-4XL8,https://minkang.x.yupoo.com/albums/249062238?uid=1&isSubCate=false&referrercate=680717,https://photo.yupoo.com/minkang/0faacb05f7/large.jpg,6
La Liga,Osasuna 26/27 Away Jersey S-4XL8,https://minkang.x.yupoo.com/albums/249062238?uid=1&isSubCate=false&referrercate=680717,https://photo.yupoo.com/minkang/4ad68cf4a4/large.jpg,7
La Liga,Osasuna 26/27 Away Jersey S-4XL8,https://minkang.x.yupoo.com/albums/249062238?uid=1&isSubCate=false&referrercate=680717,https://photo.yupoo.com/minkang/f65b20fe4c/large.jpg,8
La Liga,Osasuna 26/27 Away Jersey S-4XL8,https://minkang.x.yupoo.com/albums/249062238?uid=1&isSubCate=false&referrercate=680717,https://photo.yupoo.com/minkang/9ecb445679/square.jpg,9
La Liga,Osasuna 26/27 Away Jersey S-4XL8,https://minkang.x.yupoo.com/albums/249062238?uid=1&isSubCate=false&referrercate=680717,https://photo.yupoo.com/minkang/46a14a42d1/square.jpg,10
La Liga,Osasuna 26/27 Away Jersey S-4XL8,https://minkang.x.yupoo.com/albums/249062238?uid=1&isSubCate=false&referrercate=680717,https://photo.yupoo.com/minkang/8fe1c3edc5/square.jpg,11
La Liga,Osasuna 26/27 Away Jersey S-4XL8,https://minkang.x.yupoo.com/albums/249062238?uid=1&isSubCate=false&referrercate=680717,https://photo.yupoo.com/minkang/81b7db85c0/square.jpg,12
La Liga,Osasuna 26/27 Away Jersey S-4XL8,https://minkang.x.yupoo.com/albums/249062238?uid=1&isSubCate=false&referrercate=680717,https://photo.yupoo.com/minkang/f5f5ae3c02/square.jpg,13
La Liga,Osasuna 26/27 Away Jersey S-4XL8,https://minkang.x.yupoo.com/albums/249062238?uid=1&isSubCate=false&referrercate=680717,https://photo.yupoo.com/minkang/0faacb05f7/square.jpg,14
La Liga,Osasuna 26/27 Away Jersey S-4XL8,https://minkang.x.yupoo.com/albums/249062238?uid=1&isSubCate=false&referrercate=680717,https://photo.yupoo.com/minkang/4ad68cf4a4/square.jpg,15
La Liga,Osasuna 26/27 Away Jersey S-4XL8,https://minkang.x.yupoo.com/albums/249062238?uid=1&isSubCate=false&referrercate=680717,https://photo.yupoo.com/minkang/f65b20fe4c/square.jpg,16
La Liga,Real Sociedad 26/27 Third Away Match Jersey S-4XL9,https://minkang.x.yupoo.com/albums/249062530?uid=1&isSubCate=false&referrercate=680717,https://photo.yupoo.com/minkang/4dc5bfbc43/large.jpg,1
La Liga,Real Sociedad 26/27 Third Away Match Jersey S-4XL9,https://minkang.x.yupoo.com/albums/249062530?uid=1&isSubCate=false&referrercate=680717,https://photo.yupoo.com/minkang/234957e3a5/large.jpg,2
La Liga,Real Sociedad 26/27 Third Away Match Jersey S-4XL9,https://minkang.x.yupoo.com/albums/249062530?uid=1&isSubCate=false&referrercate=680717,https://photo.yupoo.com/minkang/24e5dbc02d/large.jpg,3
La Liga,Real Sociedad 26/27 Third Away Match Jersey S-4XL9,https://minkang.x.yupoo.com/albums/249062530?uid=1&isSubCate=false&referrercate=680717,https://photo.yupoo.com/minkang/00bd427448/large.jpg,4
La Liga,Real Sociedad 26/27 Third Away Match Jersey S-4XL9,https://minkang.x.yupoo.com/albums/249062530?uid=1&isSubCate=false&referrercate=680717,https://photo.yupoo.com/minkang/a6f374b275/large.jpg,5
La Liga,Real Sociedad 26/27 Third Away Match Jersey S-4XL9,https://minkang.x.yupoo.com/albums/249062530?uid=1&isSubCate=false&referrercate=680717,https://photo.yupoo.com/minkang/96a74c07e3/large.jpg,6
La Liga,Real Sociedad 26/27 Third Away Match Jersey S-4XL9,https://minkang.x.yupoo.com/albums/249062530?uid=1&isSubCate=false&referrercate=680717,https://photo.yupoo.com/minkang/54ad82400e/large.jpg,7
La Liga,Real Sociedad 26/27 Third Away Match Jersey S-4XL9,https://minkang.x.yupoo.com/albums/249062530?uid=1&isSubCate=false&referrercate=680717,https://photo.yupoo.com/minkang/9d6e81ddec/large.jpg,8
La Liga,Real Sociedad 26/27 Third Away Match Jersey S-4XL9,https://minkang.x.yupoo.com/albums/249062530?uid=1&isSubCate=false&referrercate=680717,https://photo.yupoo.com/minkang/da2b26c431/large.jpg,9
La Liga,Real Sociedad 26/27 Third Away Match Jersey S-4XL9,https://minkang.x.yupoo.com/albums/249062530?uid=1&isSubCate=false&referrercate=680717,https://photo.yupoo.com/minkang/234957e3a5/square.jpg,10
La Liga,Real Sociedad 26/27 Third Away Match Jersey S-4XL9,https://minkang.x.yupoo.com/albums/249062530?uid=1&isSubCate=false&referrercate=680717,https://photo.yupoo.com/minkang/4dc5bfbc43/square.jpg,11
La Liga,Real Sociedad 26/27 Third Away Match Jersey S-4XL9,https://minkang.x.yupoo.com/albums/249062530?uid=1&isSubCate=false&referrercate=680717,https://photo.yupoo.com/minkang/24e5dbc02d/square.jpg,12
La Liga,Real Sociedad 26/27 Third Away Match Jersey S-4XL9,https://minkang.x.yupoo.com/albums/249062530?uid=1&isSubCate=false&referrercate=680717,https://photo.yupoo.com/minkang/00bd427448/square.jpg,13
La Liga,Real Sociedad 26/27 Third Away Match Jersey S-4XL9,https://minkang.x.yupoo.com/albums/249062530?uid=1&isSubCate=false&referrercate=680717,https://photo.yupoo.com/minkang/a6f374b275/square.jpg,14
La Liga,Real Sociedad 26/27 Third Away Match Jersey S-4XL9,https://minkang.x.yupoo.com/albums/249062530?uid=1&isSubCate=false&referrercate=680717,https://photo.yupoo.com/minkang/96a74c07e3/square.jpg,15
La Liga,Real Sociedad 26/27 Third Away Match Jersey S-4XL9,https://minkang.x.yupoo.com/albums/249062530?uid=1&isSubCate=false&referrercate=680717,https://photo.yupoo.com/minkang/54ad82400e/square.jpg,16
La Liga,Real Sociedad 26/27 Third Away Match Jersey S-4XL9,https://minkang.x.yupoo.com/albums/249062530?uid=1&isSubCate=false&referrercate=680717,https://photo.yupoo.com/minkang/9d6e81ddec/square.jpg,17
La Liga,Real Sociedad 26/27 Third Away Match Jersey S-4XL9,https://minkang.x.yupoo.com/albums/249062530?uid=1&isSubCate=false&referrercate=680717,https://photo.yupoo.com/minkang/da2b26c431/square.jpg,18
La Liga,Celta Vigo 26/27 Away Jersey S-4XL8,https://minkang.x.yupoo.com/albums/249062084?uid=1&isSubCate=false&referrercate=680717,https://photo.yupoo.com/minkang/2646e77cbb/large.jpg,1
La Liga,Celta Vigo 26/27 Away Jersey S-4XL8,https://minkang.x.yupoo.com/albums/249062084?uid=1&isSubCate=false&referrercate=680717,https://photo.yupoo.com/minkang/15506d368a/large.jpg,2
La Liga,Celta Vigo 26/27 Away Jersey S-4XL8,https://minkang.x.yupoo.com/albums/249062084?uid=1&isSubCate=false&referrercate=680717,https://photo.yupoo.com/minkang/e5eed8f754/large.jpg,3
La Liga,Celta Vigo 26/27 Away Jersey S-4XL8,https://minkang.x.yupoo.com/albums/249062084?uid=1&isSubCate=false&referrercate=680717,https://photo.yupoo.com/minkang/b4e7b13922/large.jpg,4
La Liga,Celta Vigo 26/27 Away Jersey S-4XL8,https://minkang.x.yupoo.com/albums/249062084?uid=1&isSubCate=false&referrercate=680717,https://photo.yupoo.com/minkang/9bc2097f8c/large.jpg,5
La Liga,Celta Vigo 26/27 Away Jersey S-4XL8,https://minkang.x.yupoo.com/albums/249062084?uid=1&isSubCate=false&referrercate=680717,https://photo.yupoo.com/minkang/18eb2e9fe3/large.jpg,6
La Liga,Celta Vigo 26/27 Away Jersey S-4XL8,https://minkang.x.yupoo.com/albums/249062084?uid=1&isSubCate=false&referrercate=680717,https://photo.yupoo.com/minkang/236a58b92c/large.jpg,7
La Liga,Celta Vigo 26/27 Away Jersey S-4XL8,https://minkang.x.yupoo.com/albums/249062084?uid=1&isSubCate=false&referrercate=680717,https://photo.yupoo.com/minkang/9b8f60d6dd/large.jpg,8
La Liga,Celta Vigo 26/27 Away Jersey S-4XL8,https://minkang.x.yupoo.com/albums/249062084?uid=1&isSubCate=false&referrercate=680717,https://photo.yupoo.com/minkang/2646e77cbb/square.jpg,9
La Liga,Celta Vigo 26/27 Away Jersey S-4XL8,https://minkang.x.yupoo.com/albums/249062084?uid=1&isSubCate=false&referrercate=680717,https://photo.yupoo.com/minkang/15506d368a/square.jpg,10
La Liga,Celta Vigo 26/27 Away Jersey S-4XL8,https://minkang.x.yupoo.com/albums/249062084?uid=1&isSubCate=false&referrercate=680717,https://photo.yupoo.com/minkang/e5eed8f754/square.jpg,11
La Liga,Celta Vigo 26/27 Away Jersey S-4XL8,https://minkang.x.yupoo.com/albums/249062084?uid=1&isSubCate=false&referrercate=680717,https://photo.yupoo.com/minkang/b4e7b13922/square.jpg,12
La Liga,Celta Vigo 26/27 Away Jersey S-4XL8,https://minkang.x.yupoo.com/albums/249062084?uid=1&isSubCate=false&referrercate=680717,https://photo.yupoo.com/minkang/9bc2097f8c/square.jpg,13
La Liga,Celta Vigo 26/27 Away Jersey S-4XL8,https://minkang.x.yupoo.com/albums/249062084?uid=1&isSubCate=false&referrercate=680717,https://photo.yupoo.com/minkang/18eb2e9fe3/square.jpg,14
La Liga,Celta Vigo 26/27 Away Jersey S-4XL8,https://minkang.x.yupoo.com/albums/249062084?uid=1&isSubCate=false&referrercate=680717,https://photo.yupoo.com/minkang/236a58b92c/square.jpg,15
La Liga,Celta Vigo 26/27 Away Jersey S-4XL8,https://minkang.x.yupoo.com/albums/249062084?uid=1&isSubCate=false&referrercate=680717,https://photo.yupoo.com/minkang/9b8f60d6dd/square.jpg,16
La Liga,Celta Vigo 26/27 Home Jersey S-4XL9,https://minkang.x.yupoo.com/albums/249064215?uid=1&isSubCate=false&referrercate=680717,https://photo.yupoo.com/minkang/2750923eda/large.jpg,1
La Liga,Celta Vigo 26/27 Home Jersey S-4XL9,https://minkang.x.yupoo.com/albums/249064215?uid=1&isSubCate=false&referrercate=680717,https://photo.yupoo.com/minkang/875a3a852c/large.jpg,2
La Liga,Celta Vigo 26/27 Home Jersey S-4XL9,https://minkang.x.yupoo.com/albums/249064215?uid=1&isSubCate=false&referrercate=680717,https://photo.yupoo.com/minkang/a05e984d0a/large.jpg,3
La Liga,Celta Vigo 26/27 Home Jersey S-4XL9,https://minkang.x.yupoo.com/albums/249064215?uid=1&isSubCate=false&referrercate=680717,https://photo.yupoo.com/minkang/c4d7d6087b/large.jpg,4
La Liga,Celta Vigo 26/27 Home Jersey S-4XL9,https://minkang.x.yupoo.com/albums/249064215?uid=1&isSubCate=false&referrercate=680717,https://photo.yupoo.com/minkang/47fb270f55/large.jpg,5
La Liga,Celta Vigo 26/27 Home Jersey S-4XL9,https://minkang.x.yupoo.com/albums/249064215?uid=1&isSubCate=false&referrercate=680717,https://photo.yupoo.com/minkang/5fa7037fa6/large.jpg,6
La Liga,Celta Vigo 26/27 Home Jersey S-4XL9,https://minkang.x.yupoo.com/albums/249064215?uid=1&isSubCate=false&referrercate=680717,https://photo.yupoo.com/minkang/3592c0ee5d/large.jpg,7
La Liga,Celta Vigo 26/27 Home Jersey S-4XL9,https://minkang.x.yupoo.com/albums/249064215?uid=1&isSubCate=false&referrercate=680717,https://photo.yupoo.com/minkang/82e3b3b0a1/large.jpg,8
La Liga,Celta Vigo 26/27 Home Jersey S-4XL9,https://minkang.x.yupoo.com/albums/249064215?uid=1&isSubCate=false&referrercate=680717,https://photo.yupoo.com/minkang/f4b4fd4308/large.jpg,9
La Liga,Celta Vigo 26/27 Home Jersey S-4XL9,https://minkang.x.yupoo.com/albums/249064215?uid=1&isSubCate=false&referrercate=680717,https://photo.yupoo.com/minkang/875a3a852c/square.jpg,10
La Liga,Celta Vigo 26/27 Home Jersey S-4XL9,https://minkang.x.yupoo.com/albums/249064215?uid=1&isSubCate=false&referrercate=680717,https://photo.yupoo.com/minkang/2750923eda/square.jpg,11
La Liga,Celta Vigo 26/27 Home Jersey S-4XL9,https://minkang.x.yupoo.com/albums/249064215?uid=1&isSubCate=false&referrercate=680717,https://photo.yupoo.com/minkang/a05e984d0a/square.jpg,12
La Liga,Celta Vigo 26/27 Home Jersey S-4XL9,https://minkang.x.yupoo.com/albums/249064215?uid=1&isSubCate=false&referrercate=680717,https://photo.yupoo.com/minkang/c4d7d6087b/square.jpg,13
La Liga,Celta Vigo 26/27 Home Jersey S-4XL9,https://minkang.x.yupoo.com/albums/249064215?uid=1&isSubCate=false&referrercate=680717,https://photo.yupoo.com/minkang/47fb270f55/square.jpg,14
La Liga,Celta Vigo 26/27 Home Jersey S-4XL9,https://minkang.x.yupoo.com/albums/249064215?uid=1&isSubCate=false&referrercate=680717,https://photo.yupoo.com/minkang/5fa7037fa6/square.jpg,15
La Liga,Celta Vigo 26/27 Home Jersey S-4XL9,https://minkang.x.yupoo.com/albums/249064215?uid=1&isSubCate=false&referrercate=680717,https://photo.yupoo.com/minkang/3592c0ee5d/square.jpg,16
La Liga,Celta Vigo 26/27 Home Jersey S-4XL9,https://minkang.x.yupoo.com/albums/249064215?uid=1&isSubCate=false&referrercate=680717,https://photo.yupoo.com/minkang/82e3b3b0a1/square.jpg,17
La Liga,Celta Vigo 26/27 Home Jersey S-4XL9,https://minkang.x.yupoo.com/albums/249064215?uid=1&isSubCate=false&referrercate=680717,https://photo.yupoo.com/minkang/f4b4fd4308/square.jpg,18
La Liga,Real Oviedo 26/27 Away Jersey S-4XL8,https://minkang.x.yupoo.com/albums/249064984?uid=1&isSubCate=false&referrercate=680717,https://photo.yupoo.com/minkang/abf7bbda89/large.jpg,1
La Liga,Real Oviedo 26/27 Away Jersey S-4XL8,https://minkang.x.yupoo.com/albums/249064984?uid=1&isSubCate=false&referrercate=680717,https://photo.yupoo.com/minkang/e2f16f6b13/large.jpg,2
La Liga,Real Oviedo 26/27 Away Jersey S-4XL8,https://minkang.x.yupoo.com/albums/249064984?uid=1&isSubCate=false&referrercate=680717,https://photo.yupoo.com/minkang/5c59d96b00/large.jpg,3
La Liga,Real Oviedo 26/27 Away Jersey S-4XL8,https://minkang.x.yupoo.com/albums/249064984?uid=1&isSubCate=false&referrercate=680717,https://photo.yupoo.com/minkang/8b376fe970/large.jpg,4
La Liga,Real Oviedo 26/27 Away Jersey S-4XL8,https://minkang.x.yupoo.com/albums/249064984?uid=1&isSubCate=false&referrercate=680717,https://photo.yupoo.com/minkang/1119559a2f/large.jpg,5
La Liga,Real Oviedo 26/27 Away Jersey S-4XL8,https://minkang.x.yupoo.com/albums/249064984?uid=1&isSubCate=false&referrercate=680717,https://photo.yupoo.com/minkang/c26d508eb0/large.jpg,6
La Liga,Real Oviedo 26/27 Away Jersey S-4XL8,https://minkang.x.yupoo.com/albums/249064984?uid=1&isSubCate=false&referrercate=680717,https://photo.yupoo.com/minkang/0a27260922/large.jpg,7
La Liga,Real Oviedo 26/27 Away Jersey S-4XL8,https://minkang.x.yupoo.com/albums/249064984?uid=1&isSubCate=false&referrercate=680717,https://photo.yupoo.com/minkang/dbe13aac2b/large.jpg,8
La Liga,Real Oviedo 26/27 Away Jersey S-4XL8,https://minkang.x.yupoo.com/albums/249064984?uid=1&isSubCate=false&referrercate=680717,https://photo.yupoo.com/minkang/e2f16f6b13/square.jpg,9
La Liga,Real Oviedo 26/27 Away Jersey S-4XL8,https://minkang.x.yupoo.com/albums/249064984?uid=1&isSubCate=false&referrercate=680717,https://photo.yupoo.com/minkang/abf7bbda89/square.jpg,10
La Liga,Real Oviedo 26/27 Away Jersey S-4XL8,https://minkang.x.yupoo.com/albums/249064984?uid=1&isSubCate=false&referrercate=680717,https://photo.yupoo.com/minkang/5c59d96b00/square.jpg,11
La Liga,Real Oviedo 26/27 Away Jersey S-4XL8,https://minkang.x.yupoo.com/albums/249064984?uid=1&isSubCate=false&referrercate=680717,https://photo.yupoo.com/minkang/8b376fe970/square.jpg,12
La Liga,Real Oviedo 26/27 Away Jersey S-4XL8,https://minkang.x.yupoo.com/albums/249064984?uid=1&isSubCate=false&referrercate=680717,https://photo.yupoo.com/minkang/1119559a2f/square.jpg,13
La Liga,Real Oviedo 26/27 Away Jersey S-4XL8,https://minkang.x.yupoo.com/albums/249064984?uid=1&isSubCate=false&referrercate=680717,https://photo.yupoo.com/minkang/c26d508eb0/square.jpg,14
La Liga,Real Oviedo 26/27 Away Jersey S-4XL8,https://minkang.x.yupoo.com/albums/249064984?uid=1&isSubCate=false&referrercate=680717,https://photo.yupoo.com/minkang/0a27260922/square.jpg,15
La Liga,Real Oviedo 26/27 Away Jersey S-4XL8,https://minkang.x.yupoo.com/albums/249064984?uid=1&isSubCate=false&referrercate=680717,https://photo.yupoo.com/minkang/dbe13aac2b/square.jpg,16
La Liga,Las Palmas 26/27 Third Away Jersey S-4XL10,https://minkang.x.yupoo.com/albums/249064674?uid=1&isSubCate=false&referrercate=680717,https://photo.yupoo.com/minkang/a1a21a2c05/large.jpg,1
La Liga,Las Palmas 26/27 Third Away Jersey S-4XL10,https://minkang.x.yupoo.com/albums/249064674?uid=1&isSubCate=false&referrercate=680717,https://photo.yupoo.com/minkang/379400b563/large.jpg,2
La Liga,Las Palmas 26/27 Third Away Jersey S-4XL10,https://minkang.x.yupoo.com/albums/249064674?uid=1&isSubCate=false&referrercate=680717,https://photo.yupoo.com/minkang/c12a90a271/large.jpg,3
La Liga,Las Palmas 26/27 Third Away Jersey S-4XL10,https://minkang.x.yupoo.com/albums/249064674?uid=1&isSubCate=false&referrercate=680717,https://photo.yupoo.com/minkang/e32e4a720f/large.jpg,4
La Liga,Las Palmas 26/27 Third Away Jersey S-4XL10,https://minkang.x.yupoo.com/albums/249064674?uid=1&isSubCate=false&referrercate=680717,https://photo.yupoo.com/minkang/7a81d67d4a/large.jpg,5
La Liga,Las Palmas 26/27 Third Away Jersey S-4XL10,https://minkang.x.yupoo.com/albums/249064674?uid=1&isSubCate=false&referrercate=680717,https://photo.yupoo.com/minkang/f8a69a57ee/large.jpg,6
La Liga,Las Palmas 26/27 Third Away Jersey S-4XL10,https://minkang.x.yupoo.com/albums/249064674?uid=1&isSubCate=false&referrercate=680717,https://photo.yupoo.com/minkang/bceb6e85d4/large.jpg,7
La Liga,Las Palmas 26/27 Third Away Jersey S-4XL10,https://minkang.x.yupoo.com/albums/249064674?uid=1&isSubCate=false&referrercate=680717,https://photo.yupoo.com/minkang/c148fdf60e/large.jpg,8
La Liga,Las Palmas 26/27 Third Away Jersey S-4XL10,https://minkang.x.yupoo.com/albums/249064674?uid=1&isSubCate=false&referrercate=680717,https://photo.yupoo.com/minkang/4966ea397b/large.jpg,9
La Liga,Las Palmas 26/27 Third Away Jersey S-4XL10,https://minkang.x.yupoo.com/albums/249064674?uid=1&isSubCate=false&referrercate=680717,https://photo.yupoo.com/minkang/5caaa3efd8/large.jpg,10
La Liga,Las Palmas 26/27 Third Away Jersey S-4XL10,https://minkang.x.yupoo.com/albums/249064674?uid=1&isSubCate=false&referrercate=680717,https://photo.yupoo.com/minkang/379400b563/square.jpg,11
La Liga,Las Palmas 26/27 Third Away Jersey S-4XL10,https://minkang.x.yupoo.com/albums/249064674?uid=1&isSubCate=false&referrercate=680717,https://photo.yupoo.com/minkang/a1a21a2c05/square.jpg,12
La Liga,Las Palmas 26/27 Third Away Jersey S-4XL10,https://minkang.x.yupoo.com/albums/249064674?uid=1&isSubCate=false&referrercate=680717,https://photo.yupoo.com/minkang/c12a90a271/square.jpg,13
La Liga,Las Palmas 26/27 Third Away Jersey S-4XL10,https://minkang.x.yupoo.com/albums/249064674?uid=1&isSubCate=false&referrercate=680717,https://photo.yupoo.com/minkang/e32e4a720f/square.jpg,14
La Liga,Las Palmas 26/27 Third Away Jersey S-4XL10,https://minkang.x.yupoo.com/albums/249064674?uid=1&isSubCate=false&referrercate=680717,https://photo.yupoo.com/minkang/7a81d67d4a/square.jpg,15
La Liga,Las Palmas 26/27 Third Away Jersey S-4XL10,https://minkang.x.yupoo.com/albums/249064674?uid=1&isSubCate=false&referrercate=680717,https://photo.yupoo.com/minkang/f8a69a57ee/square.jpg,16
La Liga,Las Palmas 26/27 Third Away Jersey S-4XL10,https://minkang.x.yupoo.com/albums/249064674?uid=1&isSubCate=false&referrercate=680717,https://photo.yupoo.com/minkang/bceb6e85d4/square.jpg,17
La Liga,Las Palmas 26/27 Third Away Jersey S-4XL10,https://minkang.x.yupoo.com/albums/249064674?uid=1&isSubCate=false&referrercate=680717,https://photo.yupoo.com/minkang/c148fdf60e/square.jpg,18
La Liga,Las Palmas 26/27 Third Away Jersey S-4XL10,https://minkang.x.yupoo.com/albums/249064674?uid=1&isSubCate=false&referrercate=680717,https://photo.yupoo.com/minkang/4966ea397b/square.jpg,19
La Liga,Las Palmas 26/27 Third Away Jersey S-4XL10,https://minkang.x.yupoo.com/albums/249064674?uid=1&isSubCate=false&referrercate=680717,https://photo.yupoo.com/minkang/5caaa3efd8/square.jpg,20
La Liga,Sevilla 26/27 Away Jersey S-4XL7,https://minkang.x.yupoo.com/albums/249064401?uid=1&isSubCate=false&referrercate=680717,https://photo.yupoo.com/minkang/7b00c63210/large.jpg,1
La Liga,Sevilla 26/27 Away Jersey S-4XL7,https://minkang.x.yupoo.com/albums/249064401?uid=1&isSubCate=false&referrercate=680717,https://photo.yupoo.com/minkang/8634320926/large.jpg,2
La Liga,Sevilla 26/27 Away Jersey S-4XL7,https://minkang.x.yupoo.com/albums/249064401?uid=1&isSubCate=false&referrercate=680717,https://photo.yupoo.com/minkang/6bc4200a8d/large.jpg,3
La Liga,Sevilla 26/27 Away Jersey S-4XL7,https://minkang.x.yupoo.com/albums/249064401?uid=1&isSubCate=false&referrercate=680717,https://photo.yupoo.com/minkang/e84023ac86/large.jpg,4
La Liga,Sevilla 26/27 Away Jersey S-4XL7,https://minkang.x.yupoo.com/albums/249064401?uid=1&isSubCate=false&referrercate=680717,https://photo.yupoo.com/minkang/c3ff927720/large.jpg,5
La Liga,Sevilla 26/27 Away Jersey S-4XL7,https://minkang.x.yupoo.com/albums/249064401?uid=1&isSubCate=false&referrercate=680717,https://photo.yupoo.com/minkang/430f650351/large.jpg,6
La Liga,Sevilla 26/27 Away Jersey S-4XL7,https://minkang.x.yupoo.com/albums/249064401?uid=1&isSubCate=false&referrercate=680717,https://photo.yupoo.com/minkang/c30504ba76/large.jpg,7
La Liga,Sevilla 26/27 Away Jersey S-4XL7,https://minkang.x.yupoo.com/albums/249064401?uid=1&isSubCate=false&referrercate=680717,https://photo.yupoo.com/minkang/7b00c63210/square.jpg,8
La Liga,Sevilla 26/27 Away Jersey S-4XL7,https://minkang.x.yupoo.com/albums/249064401?uid=1&isSubCate=false&referrercate=680717,https://photo.yupoo.com/minkang/8634320926/square.jpg,9
La Liga,Sevilla 26/27 Away Jersey S-4XL7,https://minkang.x.yupoo.com/albums/249064401?uid=1&isSubCate=false&referrercate=680717,https://photo.yupoo.com/minkang/6bc4200a8d/square.jpg,10
La Liga,Sevilla 26/27 Away Jersey S-4XL7,https://minkang.x.yupoo.com/albums/249064401?uid=1&isSubCate=false&referrercate=680717,https://photo.yupoo.com/minkang/e84023ac86/square.jpg,11
La Liga,Sevilla 26/27 Away Jersey S-4XL7,https://minkang.x.yupoo.com/albums/249064401?uid=1&isSubCate=false&referrercate=680717,https://photo.yupoo.com/minkang/c3ff927720/square.jpg,12
La Liga,Sevilla 26/27 Away Jersey S-4XL7,https://minkang.x.yupoo.com/albums/249064401?uid=1&isSubCate=false&referrercate=680717,https://photo.yupoo.com/minkang/430f650351/square.jpg,13
La Liga,Sevilla 26/27 Away Jersey S-4XL7,https://minkang.x.yupoo.com/albums/249064401?uid=1&isSubCate=false&referrercate=680717,https://photo.yupoo.com/minkang/c30504ba76/square.jpg,14
La Liga,Sevilla 26/27 Third Away Jersey S-4XL7,https://minkang.x.yupoo.com/albums/249064519?uid=1&isSubCate=false&referrercate=680717,https://photo.yupoo.com/minkang/653776d7ae/large.jpg,1
La Liga,Sevilla 26/27 Third Away Jersey S-4XL7,https://minkang.x.yupoo.com/albums/249064519?uid=1&isSubCate=false&referrercate=680717,https://photo.yupoo.com/minkang/6ab920ec2c/large.jpg,2
La Liga,Sevilla 26/27 Third Away Jersey S-4XL7,https://minkang.x.yupoo.com/albums/249064519?uid=1&isSubCate=false&referrercate=680717,https://photo.yupoo.com/minkang/88346018c0/large.jpg,3
La Liga,Sevilla 26/27 Third Away Jersey S-4XL7,https://minkang.x.yupoo.com/albums/249064519?uid=1&isSubCate=false&referrercate=680717,https://photo.yupoo.com/minkang/39cd252be9/large.jpg,4
La Liga,Sevilla 26/27 Third Away Jersey S-4XL7,https://minkang.x.yupoo.com/albums/249064519?uid=1&isSubCate=false&referrercate=680717,https://photo.yupoo.com/minkang/129aecad97/large.jpg,5
La Liga,Sevilla 26/27 Third Away Jersey S-4XL7,https://minkang.x.yupoo.com/albums/249064519?uid=1&isSubCate=false&referrercate=680717,https://photo.yupoo.com/minkang/0caef4eebb/large.jpg,6
La Liga,Sevilla 26/27 Third Away Jersey S-4XL7,https://minkang.x.yupoo.com/albums/249064519?uid=1&isSubCate=false&referrercate=680717,https://photo.yupoo.com/minkang/fed72cdf7b/large.jpg,7
La Liga,Sevilla 26/27 Third Away Jersey S-4XL7,https://minkang.x.yupoo.com/albums/249064519?uid=1&isSubCate=false&referrercate=680717,https://photo.yupoo.com/minkang/6ab920ec2c/square.jpg,8
La Liga,Sevilla 26/27 Third Away Jersey S-4XL7,https://minkang.x.yupoo.com/albums/249064519?uid=1&isSubCate=false&referrercate=680717,https://photo.yupoo.com/minkang/653776d7ae/square.jpg,9
La Liga,Sevilla 26/27 Third Away Jersey S-4XL7,https://minkang.x.yupoo.com/albums/249064519?uid=1&isSubCate=false&referrercate=680717,https://photo.yupoo.com/minkang/88346018c0/square.jpg,10
La Liga,Sevilla 26/27 Third Away Jersey S-4XL7,https://minkang.x.yupoo.com/albums/249064519?uid=1&isSubCate=false&referrercate=680717,https://photo.yupoo.com/minkang/39cd252be9/square.jpg,11
La Liga,Sevilla 26/27 Third Away Jersey S-4XL7,https://minkang.x.yupoo.com/albums/249064519?uid=1&isSubCate=false&referrercate=680717,https://photo.yupoo.com/minkang/129aecad97/square.jpg,12
La Liga,Sevilla 26/27 Third Away Jersey S-4XL7,https://minkang.x.yupoo.com/albums/249064519?uid=1&isSubCate=false&referrercate=680717,https://photo.yupoo.com/minkang/0caef4eebb/square.jpg,13
La Liga,Sevilla 26/27 Third Away Jersey S-4XL7,https://minkang.x.yupoo.com/albums/249064519?uid=1&isSubCate=false&referrercate=680717,https://photo.yupoo.com/minkang/fed72cdf7b/square.jpg,14
La Liga,Sevilla 26/27 Home Jersey S-4XL7,https://minkang.x.yupoo.com/albums/249066014?uid=1&isSubCate=false&referrercate=680717,https://photo.yupoo.com/minkang/6afae0961c/large.jpg,1
La Liga,Sevilla 26/27 Home Jersey S-4XL7,https://minkang.x.yupoo.com/albums/249066014?uid=1&isSubCate=false&referrercate=680717,https://photo.yupoo.com/minkang/7bcd7cb236/large.jpg,2
La Liga,Sevilla 26/27 Home Jersey S-4XL7,https://minkang.x.yupoo.com/albums/249066014?uid=1&isSubCate=false&referrercate=680717,https://photo.yupoo.com/minkang/3c36787319/large.jpg,3
La Liga,Sevilla 26/27 Home Jersey S-4XL7,https://minkang.x.yupoo.com/albums/249066014?uid=1&isSubCate=false&referrercate=680717,https://photo.yupoo.com/minkang/fdcf4d5204/large.jpg,4
La Liga,Sevilla 26/27 Home Jersey S-4XL7,https://minkang.x.yupoo.com/albums/249066014?uid=1&isSubCate=false&referrercate=680717,https://photo.yupoo.com/minkang/86cfdf894c/large.jpg,5
La Liga,Sevilla 26/27 Home Jersey S-4XL7,https://minkang.x.yupoo.com/albums/249066014?uid=1&isSubCate=false&referrercate=680717,https://photo.yupoo.com/minkang/33ef9ede99/large.jpg,6
La Liga,Sevilla 26/27 Home Jersey S-4XL7,https://minkang.x.yupoo.com/albums/249066014?uid=1&isSubCate=false&referrercate=680717,https://photo.yupoo.com/minkang/4c65459712/large.jpg,7
La Liga,Sevilla 26/27 Home Jersey S-4XL7,https://minkang.x.yupoo.com/albums/249066014?uid=1&isSubCate=false&referrercate=680717,https://photo.yupoo.com/minkang/7bcd7cb236/square.jpg,8
La Liga,Sevilla 26/27 Home Jersey S-4XL7,https://minkang.x.yupoo.com/albums/249066014?uid=1&isSubCate=false&referrercate=680717,https://photo.yupoo.com/minkang/6afae0961c/square.jpg,9
La Liga,Sevilla 26/27 Home Jersey S-4XL7,https://minkang.x.yupoo.com/albums/249066014?uid=1&isSubCate=false&referrercate=680717,https://photo.yupoo.com/minkang/3c36787319/square.jpg,10
La Liga,Sevilla 26/27 Home Jersey S-4XL7,https://minkang.x.yupoo.com/albums/249066014?uid=1&isSubCate=false&referrercate=680717,https://photo.yupoo.com/minkang/fdcf4d5204/square.jpg,11
La Liga,Sevilla 26/27 Home Jersey S-4XL7,https://minkang.x.yupoo.com/albums/249066014?uid=1&isSubCate=false&referrercate=680717,https://photo.yupoo.com/minkang/86cfdf894c/square.jpg,12
La Liga,Sevilla 26/27 Home Jersey S-4XL7,https://minkang.x.yupoo.com/albums/249066014?uid=1&isSubCate=false&referrercate=680717,https://photo.yupoo.com/minkang/33ef9ede99/square.jpg,13
La Liga,Sevilla 26/27 Home Jersey S-4XL7,https://minkang.x.yupoo.com/albums/249066014?uid=1&isSubCate=false&referrercate=680717,https://photo.yupoo.com/minkang/4c65459712/square.jpg,14
La Liga,Tenerife 26/27 Home Jersey S-4XL7,https://minkang.x.yupoo.com/albums/249066519?uid=1&isSubCate=false&referrercate=680717,https://photo.yupoo.com/minkang/342c6a4585/large.jpg,1
La Liga,Tenerife 26/27 Home Jersey S-4XL7,https://minkang.x.yupoo.com/albums/249066519?uid=1&isSubCate=false&referrercate=680717,https://photo.yupoo.com/minkang/c928ec7152/large.jpg,2
La Liga,Tenerife 26/27 Home Jersey S-4XL7,https://minkang.x.yupoo.com/albums/249066519?uid=1&isSubCate=false&referrercate=680717,https://photo.yupoo.com/minkang/bbe7d76813/large.jpg,3
La Liga,Tenerife 26/27 Home Jersey S-4XL7,https://minkang.x.yupoo.com/albums/249066519?uid=1&isSubCate=false&referrercate=680717,https://photo.yupoo.com/minkang/4ee3b487cc/large.jpg,4
La Liga,Tenerife 26/27 Home Jersey S-4XL7,https://minkang.x.yupoo.com/albums/249066519?uid=1&isSubCate=false&referrercate=680717,https://photo.yupoo.com/minkang/f12d730c7d/large.jpg,5
La Liga,Tenerife 26/27 Home Jersey S-4XL7,https://minkang.x.yupoo.com/albums/249066519?uid=1&isSubCate=false&referrercate=680717,https://photo.yupoo.com/minkang/f2c55ec4a6/large.jpg,6
La Liga,Tenerife 26/27 Home Jersey S-4XL7,https://minkang.x.yupoo.com/albums/249066519?uid=1&isSubCate=false&referrercate=680717,https://photo.yupoo.com/minkang/f76cc3b776/large.jpg,7
La Liga,Tenerife 26/27 Home Jersey S-4XL7,https://minkang.x.yupoo.com/albums/249066519?uid=1&isSubCate=false&referrercate=680717,https://photo.yupoo.com/minkang/c928ec7152/square.jpg,8
La Liga,Tenerife 26/27 Home Jersey S-4XL7,https://minkang.x.yupoo.com/albums/249066519?uid=1&isSubCate=false&referrercate=680717,https://photo.yupoo.com/minkang/342c6a4585/square.jpg,9
La Liga,Tenerife 26/27 Home Jersey S-4XL7,https://minkang.x.yupoo.com/albums/249066519?uid=1&isSubCate=false&referrercate=680717,https://photo.yupoo.com/minkang/bbe7d76813/square.jpg,10
La Liga,Tenerife 26/27 Home Jersey S-4XL7,https://minkang.x.yupoo.com/albums/249066519?uid=1&isSubCate=false&referrercate=680717,https://photo.yupoo.com/minkang/4ee3b487cc/square.jpg,11
La Liga,Tenerife 26/27 Home Jersey S-4XL7,https://minkang.x.yupoo.com/albums/249066519?uid=1&isSubCate=false&referrercate=680717,https://photo.yupoo.com/minkang/f12d730c7d/square.jpg,12
La Liga,Tenerife 26/27 Home Jersey S-4XL7,https://minkang.x.yupoo.com/albums/249066519?uid=1&isSubCate=false&referrercate=680717,https://photo.yupoo.com/minkang/f2c55ec4a6/square.jpg,13
La Liga,Tenerife 26/27 Home Jersey S-4XL7,https://minkang.x.yupoo.com/albums/249066519?uid=1&isSubCate=false&referrercate=680717,https://photo.yupoo.com/minkang/f76cc3b776/square.jpg,14
La Liga,Malaga 26/27 Special Edition Jersey S-4XL6,https://minkang.x.yupoo.com/albums/249065457?uid=1&isSubCate=false&referrercate=680717,https://photo.yupoo.com/minkang/378f3ef9f3/large.jpg,1
La Liga,Malaga 26/27 Special Edition Jersey S-4XL6,https://minkang.x.yupoo.com/albums/249065457?uid=1&isSubCate=false&referrercate=680717,https://photo.yupoo.com/minkang/0765e33089/large.jpg,2
La Liga,Malaga 26/27 Special Edition Jersey S-4XL6,https://minkang.x.yupoo.com/albums/249065457?uid=1&isSubCate=false&referrercate=680717,https://photo.yupoo.com/minkang/2f16bfdfd3/large.jpg,3
La Liga,Malaga 26/27 Special Edition Jersey S-4XL6,https://minkang.x.yupoo.com/albums/249065457?uid=1&isSubCate=false&referrercate=680717,https://photo.yupoo.com/minkang/389b0b6794/large.jpg,4
La Liga,Malaga 26/27 Special Edition Jersey S-4XL6,https://minkang.x.yupoo.com/albums/249065457?uid=1&isSubCate=false&referrercate=680717,https://photo.yupoo.com/minkang/6f9f4b2e11/large.jpg,5
La Liga,Malaga 26/27 Special Edition Jersey S-4XL6,https://minkang.x.yupoo.com/albums/249065457?uid=1&isSubCate=false&referrercate=680717,https://photo.yupoo.com/minkang/8b8e1c7d87/large.jpg,6
La Liga,Malaga 26/27 Special Edition Jersey S-4XL6,https://minkang.x.yupoo.com/albums/249065457?uid=1&isSubCate=false&referrercate=680717,https://photo.yupoo.com/minkang/0765e33089/square.jpg,7
La Liga,Malaga 26/27 Special Edition Jersey S-4XL6,https://minkang.x.yupoo.com/albums/249065457?uid=1&isSubCate=false&referrercate=680717,https://photo.yupoo.com/minkang/378f3ef9f3/square.jpg,8
La Liga,Malaga 26/27 Special Edition Jersey S-4XL6,https://minkang.x.yupoo.com/albums/249065457?uid=1&isSubCate=false&referrercate=680717,https://photo.yupoo.com/minkang/2f16bfdfd3/square.jpg,9
La Liga,Malaga 26/27 Special Edition Jersey S-4XL6,https://minkang.x.yupoo.com/albums/249065457?uid=1&isSubCate=false&referrercate=680717,https://photo.yupoo.com/minkang/389b0b6794/square.jpg,10
La Liga,Malaga 26/27 Special Edition Jersey S-4XL6,https://minkang.x.yupoo.com/albums/249065457?uid=1&isSubCate=false&referrercate=680717,https://photo.yupoo.com/minkang/6f9f4b2e11/square.jpg,11
La Liga,Malaga 26/27 Special Edition Jersey S-4XL6,https://minkang.x.yupoo.com/albums/249065457?uid=1&isSubCate=false&referrercate=680717,https://photo.yupoo.com/minkang/8b8e1c7d87/square.jpg,12
La Liga,Deportivo La Coruña 26/27 Away Jersey S-4XL9,https://minkang.x.yupoo.com/albums/249052255?uid=1&isSubCate=false&referrercate=680717,https://photo.yupoo.com/minkang/e6ff2a0ebc/large.jpg,1
La Liga,Deportivo La Coruña 26/27 Away Jersey S-4XL9,https://minkang.x.yupoo.com/albums/249052255?uid=1&isSubCate=false&referrercate=680717,https://photo.yupoo.com/minkang/c304de2ef1/large.jpg,2
La Liga,Deportivo La Coruña 26/27 Away Jersey S-4XL9,https://minkang.x.yupoo.com/albums/249052255?uid=1&isSubCate=false&referrercate=680717,https://photo.yupoo.com/minkang/7c815cf6a9/large.jpg,3
La Liga,Deportivo La Coruña 26/27 Away Jersey S-4XL9,https://minkang.x.yupoo.com/albums/249052255?uid=1&isSubCate=false&referrercate=680717,https://photo.yupoo.com/minkang/5b774a84ba/large.jpg,4
La Liga,Deportivo La Coruña 26/27 Away Jersey S-4XL9,https://minkang.x.yupoo.com/albums/249052255?uid=1&isSubCate=false&referrercate=680717,https://photo.yupoo.com/minkang/62b70730be/large.jpg,5
La Liga,Deportivo La Coruña 26/27 Away Jersey S-4XL9,https://minkang.x.yupoo.com/albums/249052255?uid=1&isSubCate=false&referrercate=680717,https://photo.yupoo.com/minkang/81fdf5684b/large.jpg,6
La Liga,Deportivo La Coruña 26/27 Away Jersey S-4XL9,https://minkang.x.yupoo.com/albums/249052255?uid=1&isSubCate=false&referrercate=680717,https://photo.yupoo.com/minkang/546ca59aa2/large.jpg,7
La Liga,Deportivo La Coruña 26/27 Away Jersey S-4XL9,https://minkang.x.yupoo.com/albums/249052255?uid=1&isSubCate=false&referrercate=680717,https://photo.yupoo.com/minkang/0f9873a400/large.jpg,8
La Liga,Deportivo La Coruña 26/27 Away Jersey S-4XL9,https://minkang.x.yupoo.com/albums/249052255?uid=1&isSubCate=false&referrercate=680717,https://photo.yupoo.com/minkang/3c7649cdac/large.jpg,9
La Liga,Deportivo La Coruña 26/27 Away Jersey S-4XL9,https://minkang.x.yupoo.com/albums/249052255?uid=1&isSubCate=false&referrercate=680717,https://photo.yupoo.com/minkang/e6ff2a0ebc/square.jpg,10
La Liga,Deportivo La Coruña 26/27 Away Jersey S-4XL9,https://minkang.x.yupoo.com/albums/249052255?uid=1&isSubCate=false&referrercate=680717,https://photo.yupoo.com/minkang/c304de2ef1/square.jpg,11
La Liga,Deportivo La Coruña 26/27 Away Jersey S-4XL9,https://minkang.x.yupoo.com/albums/249052255?uid=1&isSubCate=false&referrercate=680717,https://photo.yupoo.com/minkang/7c815cf6a9/square.jpg,12
La Liga,Deportivo La Coruña 26/27 Away Jersey S-4XL9,https://minkang.x.yupoo.com/albums/249052255?uid=1&isSubCate=false&referrercate=680717,https://photo.yupoo.com/minkang/5b774a84ba/square.jpg,13
La Liga,Deportivo La Coruña 26/27 Away Jersey S-4XL9,https://minkang.x.yupoo.com/albums/249052255?uid=1&isSubCate=false&referrercate=680717,https://photo.yupoo.com/minkang/62b70730be/square.jpg,14
La Liga,Deportivo La Coruña 26/27 Away Jersey S-4XL9,https://minkang.x.yupoo.com/albums/249052255?uid=1&isSubCate=false&referrercate=680717,https://photo.yupoo.com/minkang/81fdf5684b/square.jpg,15
La Liga,Deportivo La Coruña 26/27 Away Jersey S-4XL9,https://minkang.x.yupoo.com/albums/249052255?uid=1&isSubCate=false&referrercate=680717,https://photo.yupoo.com/minkang/546ca59aa2/square.jpg,16
La Liga,Deportivo La Coruña 26/27 Away Jersey S-4XL9,https://minkang.x.yupoo.com/albums/249052255?uid=1&isSubCate=false&referrercate=680717,https://photo.yupoo.com/minkang/0f9873a400/square.jpg,17
La Liga,Deportivo La Coruña 26/27 Away Jersey S-4XL9,https://minkang.x.yupoo.com/albums/249052255?uid=1&isSubCate=false&referrercate=680717,https://photo.yupoo.com/minkang/3c7649cdac/square.jpg,18
La Liga,Espanyol 26/27 Home Jersey S-4XL7,https://minkang.x.yupoo.com/albums/249051486?uid=1&isSubCate=false&referrercate=680717,https://photo.yupoo.com/minkang/fbdcbe1906/large.jpg,1
La Liga,Espanyol 26/27 Home Jersey S-4XL7,https://minkang.x.yupoo.com/albums/249051486?uid=1&isSubCate=false&referrercate=680717,https://photo.yupoo.com/minkang/ec77e76dc7/large.jpg,2
La Liga,Espanyol 26/27 Home Jersey S-4XL7,https://minkang.x.yupoo.com/albums/249051486?uid=1&isSubCate=false&referrercate=680717,https://photo.yupoo.com/minkang/252b5bf3b2/large.jpg,3
La Liga,Espanyol 26/27 Home Jersey S-4XL7,https://minkang.x.yupoo.com/albums/249051486?uid=1&isSubCate=false&referrercate=680717,https://photo.yupoo.com/minkang/43d1048ce8/large.jpg,4
La Liga,Espanyol 26/27 Home Jersey S-4XL7,https://minkang.x.yupoo.com/albums/249051486?uid=1&isSubCate=false&referrercate=680717,https://photo.yupoo.com/minkang/d86663c28f/large.jpg,5
La Liga,Espanyol 26/27 Home Jersey S-4XL7,https://minkang.x.yupoo.com/albums/249051486?uid=1&isSubCate=false&referrercate=680717,https://photo.yupoo.com/minkang/f0646e1878/large.jpg,6
La Liga,Espanyol 26/27 Home Jersey S-4XL7,https://minkang.x.yupoo.com/albums/249051486?uid=1&isSubCate=false&referrercate=680717,https://photo.yupoo.com/minkang/9c9e1a75ab/large.jpg,7
La Liga,Espanyol 26/27 Home Jersey S-4XL7,https://minkang.x.yupoo.com/albums/249051486?uid=1&isSubCate=false&referrercate=680717,https://photo.yupoo.com/minkang/ec77e76dc7/square.jpg,8
La Liga,Espanyol 26/27 Home Jersey S-4XL7,https://minkang.x.yupoo.com/albums/249051486?uid=1&isSubCate=false&referrercate=680717,https://photo.yupoo.com/minkang/fbdcbe1906/square.jpg,9
La Liga,Espanyol 26/27 Home Jersey S-4XL7,https://minkang.x.yupoo.com/albums/249051486?uid=1&isSubCate=false&referrercate=680717,https://photo.yupoo.com/minkang/252b5bf3b2/square.jpg,10
La Liga,Espanyol 26/27 Home Jersey S-4XL7,https://minkang.x.yupoo.com/albums/249051486?uid=1&isSubCate=false&referrercate=680717,https://photo.yupoo.com/minkang/43d1048ce8/square.jpg,11
La Liga,Espanyol 26/27 Home Jersey S-4XL7,https://minkang.x.yupoo.com/albums/249051486?uid=1&isSubCate=false&referrercate=680717,https://photo.yupoo.com/minkang/d86663c28f/square.jpg,12
La Liga,Espanyol 26/27 Home Jersey S-4XL7,https://minkang.x.yupoo.com/albums/249051486?uid=1&isSubCate=false&referrercate=680717,https://photo.yupoo.com/minkang/f0646e1878/square.jpg,13
La Liga,Espanyol 26/27 Home Jersey S-4XL7,https://minkang.x.yupoo.com/albums/249051486?uid=1&isSubCate=false&referrercate=680717,https://photo.yupoo.com/minkang/9c9e1a75ab/square.jpg,14
La Liga,Real Oviedo 26/27 Third Away Jersey S-4XL8,https://minkang.x.yupoo.com/albums/249051265?uid=1&isSubCate=false&referrercate=680717,https://photo.yupoo.com/minkang/00fcfa347a/large.jpg,1
La Liga,Real Oviedo 26/27 Third Away Jersey S-4XL8,https://minkang.x.yupoo.com/albums/249051265?uid=1&isSubCate=false&referrercate=680717,https://photo.yupoo.com/minkang/3831354a82/large.jpg,2
La Liga,Real Oviedo 26/27 Third Away Jersey S-4XL8,https://minkang.x.yupoo.com/albums/249051265?uid=1&isSubCate=false&referrercate=680717,https://photo.yupoo.com/minkang/348820cf8d/large.jpg,3
La Liga,Real Oviedo 26/27 Third Away Jersey S-4XL8,https://minkang.x.yupoo.com/albums/249051265?uid=1&isSubCate=false&referrercate=680717,https://photo.yupoo.com/minkang/8ba93a5987/large.jpg,4
La Liga,Real Oviedo 26/27 Third Away Jersey S-4XL8,https://minkang.x.yupoo.com/albums/249051265?uid=1&isSubCate=false&referrercate=680717,https://photo.yupoo.com/minkang/08c0a28084/large.jpg,5
La Liga,Real Oviedo 26/27 Third Away Jersey S-4XL8,https://minkang.x.yupoo.com/albums/249051265?uid=1&isSubCate=false&referrercate=680717,https://photo.yupoo.com/minkang/5947282d73/large.jpg,6
La Liga,Real Oviedo 26/27 Third Away Jersey S-4XL8,https://minkang.x.yupoo.com/albums/249051265?uid=1&isSubCate=false&referrercate=680717,https://photo.yupoo.com/minkang/c0f146c1a3/large.jpg,7
La Liga,Real Oviedo 26/27 Third Away Jersey S-4XL8,https://minkang.x.yupoo.com/albums/249051265?uid=1&isSubCate=false&referrercate=680717,https://photo.yupoo.com/minkang/a3e68ca0fa/large.jpg,8
La Liga,Real Oviedo 26/27 Third Away Jersey S-4XL8,https://minkang.x.yupoo.com/albums/249051265?uid=1&isSubCate=false&referrercate=680717,https://photo.yupoo.com/minkang/00fcfa347a/square.jpg,9
La Liga,Real Oviedo 26/27 Third Away Jersey S-4XL8,https://minkang.x.yupoo.com/albums/249051265?uid=1&isSubCate=false&referrercate=680717,https://photo.yupoo.com/minkang/3831354a82/square.jpg,10
La Liga,Real Oviedo 26/27 Third Away Jersey S-4XL8,https://minkang.x.yupoo.com/albums/249051265?uid=1&isSubCate=false&referrercate=680717,https://photo.yupoo.com/minkang/348820cf8d/square.jpg,11
La Liga,Real Oviedo 26/27 Third Away Jersey S-4XL8,https://minkang.x.yupoo.com/albums/249051265?uid=1&isSubCate=false&referrercate=680717,https://photo.yupoo.com/minkang/8ba93a5987/square.jpg,12
La Liga,Real Oviedo 26/27 Third Away Jersey S-4XL8,https://minkang.x.yupoo.com/albums/249051265?uid=1&isSubCate=false&referrercate=680717,https://photo.yupoo.com/minkang/08c0a28084/square.jpg,13
La Liga,Real Oviedo 26/27 Third Away Jersey S-4XL8,https://minkang.x.yupoo.com/albums/249051265?uid=1&isSubCate=false&referrercate=680717,https://photo.yupoo.com/minkang/5947282d73/square.jpg,14
La Liga,Real Oviedo 26/27 Third Away Jersey S-4XL8,https://minkang.x.yupoo.com/albums/249051265?uid=1&isSubCate=false&referrercate=680717,https://photo.yupoo.com/minkang/c0f146c1a3/square.jpg,15
La Liga,Real Oviedo 26/27 Third Away Jersey S-4XL8,https://minkang.x.yupoo.com/albums/249051265?uid=1&isSubCate=false&referrercate=680717,https://photo.yupoo.com/minkang/a3e68ca0fa/square.jpg,16
La Liga,Cádiz 26/27 Training Jersey S-4XL9,https://minkang.x.yupoo.com/albums/249051089?uid=1&isSubCate=false&referrercate=680717,https://photo.yupoo.com/minkang/da3b06b106/large.jpg,1
La Liga,Cádiz 26/27 Training Jersey S-4XL9,https://minkang.x.yupoo.com/albums/249051089?uid=1&isSubCate=false&referrercate=680717,https://photo.yupoo.com/minkang/c06a0057a6/large.jpg,2
La Liga,Cádiz 26/27 Training Jersey S-4XL9,https://minkang.x.yupoo.com/albums/249051089?uid=1&isSubCate=false&referrercate=680717,https://photo.yupoo.com/minkang/0fcffc2596/large.jpg,3
La Liga,Cádiz 26/27 Training Jersey S-4XL9,https://minkang.x.yupoo.com/albums/249051089?uid=1&isSubCate=false&referrercate=680717,https://photo.yupoo.com/minkang/a9c97d0d52/large.jpg,4
La Liga,Cádiz 26/27 Training Jersey S-4XL9,https://minkang.x.yupoo.com/albums/249051089?uid=1&isSubCate=false&referrercate=680717,https://photo.yupoo.com/minkang/6007d1daa4/large.jpg,5
La Liga,Cádiz 26/27 Training Jersey S-4XL9,https://minkang.x.yupoo.com/albums/249051089?uid=1&isSubCate=false&referrercate=680717,https://photo.yupoo.com/minkang/9061c1f1f6/large.jpg,6
La Liga,Cádiz 26/27 Training Jersey S-4XL9,https://minkang.x.yupoo.com/albums/249051089?uid=1&isSubCate=false&referrercate=680717,https://photo.yupoo.com/minkang/e831178f2a/large.jpg,7
La Liga,Cádiz 26/27 Training Jersey S-4XL9,https://minkang.x.yupoo.com/albums/249051089?uid=1&isSubCate=false&referrercate=680717,https://photo.yupoo.com/minkang/29179547ca/large.jpg,8
La Liga,Cádiz 26/27 Training Jersey S-4XL9,https://minkang.x.yupoo.com/albums/249051089?uid=1&isSubCate=false&referrercate=680717,https://photo.yupoo.com/minkang/e95aa30bff/large.jpg,9
La Liga,Cádiz 26/27 Training Jersey S-4XL9,https://minkang.x.yupoo.com/albums/249051089?uid=1&isSubCate=false&referrercate=680717,https://photo.yupoo.com/minkang/c06a0057a6/square.jpg,10
La Liga,Cádiz 26/27 Training Jersey S-4XL9,https://minkang.x.yupoo.com/albums/249051089?uid=1&isSubCate=false&referrercate=680717,https://photo.yupoo.com/minkang/da3b06b106/square.jpg,11
La Liga,Cádiz 26/27 Training Jersey S-4XL9,https://minkang.x.yupoo.com/albums/249051089?uid=1&isSubCate=false&referrercate=680717,https://photo.yupoo.com/minkang/0fcffc2596/square.jpg,12
La Liga,Cádiz 26/27 Training Jersey S-4XL9,https://minkang.x.yupoo.com/albums/249051089?uid=1&isSubCate=false&referrercate=680717,https://photo.yupoo.com/minkang/a9c97d0d52/square.jpg,13
La Liga,Cádiz 26/27 Training Jersey S-4XL9,https://minkang.x.yupoo.com/albums/249051089?uid=1&isSubCate=false&referrercate=680717,https://photo.yupoo.com/minkang/6007d1daa4/square.jpg,14
La Liga,Cádiz 26/27 Training Jersey S-4XL9,https://minkang.x.yupoo.com/albums/249051089?uid=1&isSubCate=false&referrercate=680717,https://photo.yupoo.com/minkang/9061c1f1f6/square.jpg,15
La Liga,Cádiz 26/27 Training Jersey S-4XL9,https://minkang.x.yupoo.com/albums/249051089?uid=1&isSubCate=false&referrercate=680717,https://photo.yupoo.com/minkang/e831178f2a/square.jpg,16
La Liga,Cádiz 26/27 Training Jersey S-4XL9,https://minkang.x.yupoo.com/albums/249051089?uid=1&isSubCate=false&referrercate=680717,https://photo.yupoo.com/minkang/29179547ca/square.jpg,17
La Liga,Cádiz 26/27 Training Jersey S-4XL9,https://minkang.x.yupoo.com/albums/249051089?uid=1&isSubCate=false&referrercate=680717,https://photo.yupoo.com/minkang/e95aa30bff/square.jpg,18
La Liga,Osasuna 26/27 Home Jersey S-4XL9,https://minkang.x.yupoo.com/albums/249050082?uid=1&isSubCate=false&referrercate=680717,https://photo.yupoo.com/minkang/738702a147/large.jpg,1
La Liga,Osasuna 26/27 Home Jersey S-4XL9,https://minkang.x.yupoo.com/albums/249050082?uid=1&isSubCate=false&referrercate=680717,https://photo.yupoo.com/minkang/7392be8873/large.jpg,2
La Liga,Osasuna 26/27 Home Jersey S-4XL9,https://minkang.x.yupoo.com/albums/249050082?uid=1&isSubCate=false&referrercate=680717,https://photo.yupoo.com/minkang/76fc78ff6c/large.jpg,3
La Liga,Osasuna 26/27 Home Jersey S-4XL9,https://minkang.x.yupoo.com/albums/249050082?uid=1&isSubCate=false&referrercate=680717,https://photo.yupoo.com/minkang/df31f8eaa4/large.jpg,4
La Liga,Osasuna 26/27 Home Jersey S-4XL9,https://minkang.x.yupoo.com/albums/249050082?uid=1&isSubCate=false&referrercate=680717,https://photo.yupoo.com/minkang/4ab4a42750/large.jpg,5
La Liga,Osasuna 26/27 Home Jersey S-4XL9,https://minkang.x.yupoo.com/albums/249050082?uid=1&isSubCate=false&referrercate=680717,https://photo.yupoo.com/minkang/b6d46f8dd0/large.jpg,6
La Liga,Osasuna 26/27 Home Jersey S-4XL9,https://minkang.x.yupoo.com/albums/249050082?uid=1&isSubCate=false&referrercate=680717,https://photo.yupoo.com/minkang/f8e8f52cd5/large.jpg,7
La Liga,Osasuna 26/27 Home Jersey S-4XL9,https://minkang.x.yupoo.com/albums/249050082?uid=1&isSubCate=false&referrercate=680717,https://photo.yupoo.com/minkang/9dd2d57420/large.jpg,8
La Liga,Osasuna 26/27 Home Jersey S-4XL9,https://minkang.x.yupoo.com/albums/249050082?uid=1&isSubCate=false&referrercate=680717,https://photo.yupoo.com/minkang/d5ffbed94e/large.jpg,9
La Liga,Osasuna 26/27 Home Jersey S-4XL9,https://minkang.x.yupoo.com/albums/249050082?uid=1&isSubCate=false&referrercate=680717,https://photo.yupoo.com/minkang/738702a147/square.jpg,10
La Liga,Osasuna 26/27 Home Jersey S-4XL9,https://minkang.x.yupoo.com/albums/249050082?uid=1&isSubCate=false&referrercate=680717,https://photo.yupoo.com/minkang/7392be8873/square.jpg,11
La Liga,Osasuna 26/27 Home Jersey S-4XL9,https://minkang.x.yupoo.com/albums/249050082?uid=1&isSubCate=false&referrercate=680717,https://photo.yupoo.com/minkang/76fc78ff6c/square.jpg,12
La Liga,Osasuna 26/27 Home Jersey S-4XL9,https://minkang.x.yupoo.com/albums/249050082?uid=1&isSubCate=false&referrercate=680717,https://photo.yupoo.com/minkang/df31f8eaa4/square.jpg,13
La Liga,Osasuna 26/27 Home Jersey S-4XL9,https://minkang.x.yupoo.com/albums/249050082?uid=1&isSubCate=false&referrercate=680717,https://photo.yupoo.com/minkang/4ab4a42750/square.jpg,14
La Liga,Osasuna 26/27 Home Jersey S-4XL9,https://minkang.x.yupoo.com/albums/249050082?uid=1&isSubCate=false&referrercate=680717,https://photo.yupoo.com/minkang/b6d46f8dd0/square.jpg,15
La Liga,Osasuna 26/27 Home Jersey S-4XL9,https://minkang.x.yupoo.com/albums/249050082?uid=1&isSubCate=false&referrercate=680717,https://photo.yupoo.com/minkang/f8e8f52cd5/square.jpg,16
La Liga,Osasuna 26/27 Home Jersey S-4XL9,https://minkang.x.yupoo.com/albums/249050082?uid=1&isSubCate=false&referrercate=680717,https://photo.yupoo.com/minkang/9dd2d57420/square.jpg,17
La Liga,Osasuna 26/27 Home Jersey S-4XL9,https://minkang.x.yupoo.com/albums/249050082?uid=1&isSubCate=false&referrercate=680717,https://photo.yupoo.com/minkang/d5ffbed94e/square.jpg,18
La Liga,Las Palmas 26/27 Home Jersey S-4XL9,https://minkang.x.yupoo.com/albums/249049936?uid=1&isSubCate=false&referrercate=680717,https://photo.yupoo.com/minkang/ce4aacea27/large.jpg,1
La Liga,Las Palmas 26/27 Home Jersey S-4XL9,https://minkang.x.yupoo.com/albums/249049936?uid=1&isSubCate=false&referrercate=680717,https://photo.yupoo.com/minkang/5eb4072782/large.jpg,2
La Liga,Las Palmas 26/27 Home Jersey S-4XL9,https://minkang.x.yupoo.com/albums/249049936?uid=1&isSubCate=false&referrercate=680717,https://photo.yupoo.com/minkang/279c10779a/large.jpg,3
La Liga,Las Palmas 26/27 Home Jersey S-4XL9,https://minkang.x.yupoo.com/albums/249049936?uid=1&isSubCate=false&referrercate=680717,https://photo.yupoo.com/minkang/12e98fd6ac/large.jpg,4
La Liga,Las Palmas 26/27 Home Jersey S-4XL9,https://minkang.x.yupoo.com/albums/249049936?uid=1&isSubCate=false&referrercate=680717,https://photo.yupoo.com/minkang/24aeeb8a84/large.jpg,5
La Liga,Las Palmas 26/27 Home Jersey S-4XL9,https://minkang.x.yupoo.com/albums/249049936?uid=1&isSubCate=false&referrercate=680717,https://photo.yupoo.com/minkang/b1f073933f/large.jpg,6
La Liga,Las Palmas 26/27 Home Jersey S-4XL9,https://minkang.x.yupoo.com/albums/249049936?uid=1&isSubCate=false&referrercate=680717,https://photo.yupoo.com/minkang/49a282565c/large.jpg,7
La Liga,Las Palmas 26/27 Home Jersey S-4XL9,https://minkang.x.yupoo.com/albums/249049936?uid=1&isSubCate=false&referrercate=680717,https://photo.yupoo.com/minkang/e2e145c417/large.jpg,8
La Liga,Las Palmas 26/27 Home Jersey S-4XL9,https://minkang.x.yupoo.com/albums/249049936?uid=1&isSubCate=false&referrercate=680717,https://photo.yupoo.com/minkang/df3247acd5/large.jpg,9
La Liga,Las Palmas 26/27 Home Jersey S-4XL9,https://minkang.x.yupoo.com/albums/249049936?uid=1&isSubCate=false&referrercate=680717,https://photo.yupoo.com/minkang/5eb4072782/square.jpg,10
La Liga,Las Palmas 26/27 Home Jersey S-4XL9,https://minkang.x.yupoo.com/albums/249049936?uid=1&isSubCate=false&referrercate=680717,https://photo.yupoo.com/minkang/ce4aacea27/square.jpg,11
La Liga,Las Palmas 26/27 Home Jersey S-4XL9,https://minkang.x.yupoo.com/albums/249049936?uid=1&isSubCate=false&referrercate=680717,https://photo.yupoo.com/minkang/279c10779a/square.jpg,12
La Liga,Las Palmas 26/27 Home Jersey S-4XL9,https://minkang.x.yupoo.com/albums/249049936?uid=1&isSubCate=false&referrercate=680717,https://photo.yupoo.com/minkang/12e98fd6ac/square.jpg,13
La Liga,Las Palmas 26/27 Home Jersey S-4XL9,https://minkang.x.yupoo.com/albums/249049936?uid=1&isSubCate=false&referrercate=680717,https://photo.yupoo.com/minkang/24aeeb8a84/square.jpg,14
La Liga,Las Palmas 26/27 Home Jersey S-4XL9,https://minkang.x.yupoo.com/albums/249049936?uid=1&isSubCate=false&referrercate=680717,https://photo.yupoo.com/minkang/b1f073933f/square.jpg,15
La Liga,Las Palmas 26/27 Home Jersey S-4XL9,https://minkang.x.yupoo.com/albums/249049936?uid=1&isSubCate=false&referrercate=680717,https://photo.yupoo.com/minkang/49a282565c/square.jpg,16
La Liga,Las Palmas 26/27 Home Jersey S-4XL9,https://minkang.x.yupoo.com/albums/249049936?uid=1&isSubCate=false&referrercate=680717,https://photo.yupoo.com/minkang/e2e145c417/square.jpg,17
La Liga,Las Palmas 26/27 Home Jersey S-4XL9,https://minkang.x.yupoo.com/albums/249049936?uid=1&isSubCate=false&referrercate=680717,https://photo.yupoo.com/minkang/df3247acd5/square.jpg,18
La Liga,Valencia 26/27 Third Away Jersey S-4XL9,https://minkang.x.yupoo.com/albums/249049547?uid=1&isSubCate=false&referrercate=680717,https://photo.yupoo.com/minkang/d86155c293/large.jpg,1
La Liga,Valencia 26/27 Third Away Jersey S-4XL9,https://minkang.x.yupoo.com/albums/249049547?uid=1&isSubCate=false&referrercate=680717,https://photo.yupoo.com/minkang/0dcbe571ea/large.jpg,2
La Liga,Valencia 26/27 Third Away Jersey S-4XL9,https://minkang.x.yupoo.com/albums/249049547?uid=1&isSubCate=false&referrercate=680717,https://photo.yupoo.com/minkang/7c6a9fb05b/large.jpg,3
La Liga,Valencia 26/27 Third Away Jersey S-4XL9,https://minkang.x.yupoo.com/albums/249049547?uid=1&isSubCate=false&referrercate=680717,https://photo.yupoo.com/minkang/44cb5ff6c1/large.jpg,4
La Liga,Valencia 26/27 Third Away Jersey S-4XL9,https://minkang.x.yupoo.com/albums/249049547?uid=1&isSubCate=false&referrercate=680717,https://photo.yupoo.com/minkang/318c3545a1/large.jpg,5
La Liga,Valencia 26/27 Third Away Jersey S-4XL9,https://minkang.x.yupoo.com/albums/249049547?uid=1&isSubCate=false&referrercate=680717,https://photo.yupoo.com/minkang/0e39300c63/large.jpg,6
La Liga,Valencia 26/27 Third Away Jersey S-4XL9,https://minkang.x.yupoo.com/albums/249049547?uid=1&isSubCate=false&referrercate=680717,https://photo.yupoo.com/minkang/e068044d99/large.jpg,7
La Liga,Valencia 26/27 Third Away Jersey S-4XL9,https://minkang.x.yupoo.com/albums/249049547?uid=1&isSubCate=false&referrercate=680717,https://photo.yupoo.com/minkang/ea451b9620/large.jpg,8
La Liga,Valencia 26/27 Third Away Jersey S-4XL9,https://minkang.x.yupoo.com/albums/249049547?uid=1&isSubCate=false&referrercate=680717,https://photo.yupoo.com/minkang/d3d12df360/large.jpg,9
La Liga,Valencia 26/27 Third Away Jersey S-4XL9,https://minkang.x.yupoo.com/albums/249049547?uid=1&isSubCate=false&referrercate=680717,https://photo.yupoo.com/minkang/d86155c293/square.jpg,10
La Liga,Valencia 26/27 Third Away Jersey S-4XL9,https://minkang.x.yupoo.com/albums/249049547?uid=1&isSubCate=false&referrercate=680717,https://photo.yupoo.com/minkang/0dcbe571ea/square.jpg,11
La Liga,Valencia 26/27 Third Away Jersey S-4XL9,https://minkang.x.yupoo.com/albums/249049547?uid=1&isSubCate=false&referrercate=680717,https://photo.yupoo.com/minkang/7c6a9fb05b/square.jpg,12
La Liga,Valencia 26/27 Third Away Jersey S-4XL9,https://minkang.x.yupoo.com/albums/249049547?uid=1&isSubCate=false&referrercate=680717,https://photo.yupoo.com/minkang/44cb5ff6c1/square.jpg,13
La Liga,Valencia 26/27 Third Away Jersey S-4XL9,https://minkang.x.yupoo.com/albums/249049547?uid=1&isSubCate=false&referrercate=680717,https://photo.yupoo.com/minkang/318c3545a1/square.jpg,14
La Liga,Valencia 26/27 Third Away Jersey S-4XL9,https://minkang.x.yupoo.com/albums/249049547?uid=1&isSubCate=false&referrercate=680717,https://photo.yupoo.com/minkang/0e39300c63/square.jpg,15
La Liga,Valencia 26/27 Third Away Jersey S-4XL9,https://minkang.x.yupoo.com/albums/249049547?uid=1&isSubCate=false&referrercate=680717,https://photo.yupoo.com/minkang/e068044d99/square.jpg,16
La Liga,Valencia 26/27 Third Away Jersey S-4XL9,https://minkang.x.yupoo.com/albums/249049547?uid=1&isSubCate=false&referrercate=680717,https://photo.yupoo.com/minkang/ea451b9620/square.jpg,17
La Liga,Valencia 26/27 Third Away Jersey S-4XL9,https://minkang.x.yupoo.com/albums/249049547?uid=1&isSubCate=false&referrercate=680717,https://photo.yupoo.com/minkang/d3d12df360/square.jpg,18
La Liga,Real Oviedo 26/27 Home Jersey S-4XL8,https://minkang.x.yupoo.com/albums/249049232?uid=1&isSubCate=false&referrercate=680717,https://photo.yupoo.com/minkang/6a4682cb42/large.jpg,1
La Liga,Real Oviedo 26/27 Home Jersey S-4XL8,https://minkang.x.yupoo.com/albums/249049232?uid=1&isSubCate=false&referrercate=680717,https://photo.yupoo.com/minkang/04e1a65716/large.jpg,2
La Liga,Real Oviedo 26/27 Home Jersey S-4XL8,https://minkang.x.yupoo.com/albums/249049232?uid=1&isSubCate=false&referrercate=680717,https://photo.yupoo.com/minkang/ef85ea5147/large.jpg,3
La Liga,Real Oviedo 26/27 Home Jersey S-4XL8,https://minkang.x.yupoo.com/albums/249049232?uid=1&isSubCate=false&referrercate=680717,https://photo.yupoo.com/minkang/0ff99204fd/large.jpg,4
La Liga,Real Oviedo 26/27 Home Jersey S-4XL8,https://minkang.x.yupoo.com/albums/249049232?uid=1&isSubCate=false&referrercate=680717,https://photo.yupoo.com/minkang/0a81818ce9/large.jpg,5
La Liga,Real Oviedo 26/27 Home Jersey S-4XL8,https://minkang.x.yupoo.com/albums/249049232?uid=1&isSubCate=false&referrercate=680717,https://photo.yupoo.com/minkang/b1e875bf1b/large.jpg,6
La Liga,Real Oviedo 26/27 Home Jersey S-4XL8,https://minkang.x.yupoo.com/albums/249049232?uid=1&isSubCate=false&referrercate=680717,https://photo.yupoo.com/minkang/516814cb2d/large.jpg,7
La Liga,Real Oviedo 26/27 Home Jersey S-4XL8,https://minkang.x.yupoo.com/albums/249049232?uid=1&isSubCate=false&referrercate=680717,https://photo.yupoo.com/minkang/6f4835c6eb/large.jpg,8
La Liga,Real Oviedo 26/27 Home Jersey S-4XL8,https://minkang.x.yupoo.com/albums/249049232?uid=1&isSubCate=false&referrercate=680717,https://photo.yupoo.com/minkang/6a4682cb42/square.jpg,9
La Liga,Real Oviedo 26/27 Home Jersey S-4XL8,https://minkang.x.yupoo.com/albums/249049232?uid=1&isSubCate=false&referrercate=680717,https://photo.yupoo.com/minkang/04e1a65716/square.jpg,10
La Liga,Real Oviedo 26/27 Home Jersey S-4XL8,https://minkang.x.yupoo.com/albums/249049232?uid=1&isSubCate=false&referrercate=680717,https://photo.yupoo.com/minkang/ef85ea5147/square.jpg,11
La Liga,Real Oviedo 26/27 Home Jersey S-4XL8,https://minkang.x.yupoo.com/albums/249049232?uid=1&isSubCate=false&referrercate=680717,https://photo.yupoo.com/minkang/0ff99204fd/square.jpg,12
La Liga,Real Oviedo 26/27 Home Jersey S-4XL8,https://minkang.x.yupoo.com/albums/249049232?uid=1&isSubCate=false&referrercate=680717,https://photo.yupoo.com/minkang/0a81818ce9/square.jpg,13
La Liga,Real Oviedo 26/27 Home Jersey S-4XL8,https://minkang.x.yupoo.com/albums/249049232?uid=1&isSubCate=false&referrercate=680717,https://photo.yupoo.com/minkang/b1e875bf1b/square.jpg,14
La Liga,Real Oviedo 26/27 Home Jersey S-4XL8,https://minkang.x.yupoo.com/albums/249049232?uid=1&isSubCate=false&referrercate=680717,https://photo.yupoo.com/minkang/516814cb2d/square.jpg,15
La Liga,Real Oviedo 26/27 Home Jersey S-4XL8,https://minkang.x.yupoo.com/albums/249049232?uid=1&isSubCate=false&referrercate=680717,https://photo.yupoo.com/minkang/6f4835c6eb/square.jpg,16
La Liga,Cádiz 26/27 Home Jersey S-4XL8,https://minkang.x.yupoo.com/albums/249049098?uid=1&isSubCate=false&referrercate=680717,https://photo.yupoo.com/minkang/048548a3b3/large.jpg,1
La Liga,Cádiz 26/27 Home Jersey S-4XL8,https://minkang.x.yupoo.com/albums/249049098?uid=1&isSubCate=false&referrercate=680717,https://photo.yupoo.com/minkang/752c72a15c/large.jpg,2
La Liga,Cádiz 26/27 Home Jersey S-4XL8,https://minkang.x.yupoo.com/albums/249049098?uid=1&isSubCate=false&referrercate=680717,https://photo.yupoo.com/minkang/204829bc7c/large.jpg,3
La Liga,Cádiz 26/27 Home Jersey S-4XL8,https://minkang.x.yupoo.com/albums/249049098?uid=1&isSubCate=false&referrercate=680717,https://photo.yupoo.com/minkang/32f97212ba/large.jpg,4
La Liga,Cádiz 26/27 Home Jersey S-4XL8,https://minkang.x.yupoo.com/albums/249049098?uid=1&isSubCate=false&referrercate=680717,https://photo.yupoo.com/minkang/9c2ff301a4/large.jpg,5
La Liga,Cádiz 26/27 Home Jersey S-4XL8,https://minkang.x.yupoo.com/albums/249049098?uid=1&isSubCate=false&referrercate=680717,https://photo.yupoo.com/minkang/efcfe4bad7/large.jpg,6
La Liga,Cádiz 26/27 Home Jersey S-4XL8,https://minkang.x.yupoo.com/albums/249049098?uid=1&isSubCate=false&referrercate=680717,https://photo.yupoo.com/minkang/a62eef5e5d/large.jpg,7
La Liga,Cádiz 26/27 Home Jersey S-4XL8,https://minkang.x.yupoo.com/albums/249049098?uid=1&isSubCate=false&referrercate=680717,https://photo.yupoo.com/minkang/d1b3c1725a/large.jpg,8
La Liga,Cádiz 26/27 Home Jersey S-4XL8,https://minkang.x.yupoo.com/albums/249049098?uid=1&isSubCate=false&referrercate=680717,https://photo.yupoo.com/minkang/752c72a15c/square.jpg,9
La Liga,Cádiz 26/27 Home Jersey S-4XL8,https://minkang.x.yupoo.com/albums/249049098?uid=1&isSubCate=false&referrercate=680717,https://photo.yupoo.com/minkang/048548a3b3/square.jpg,10
La Liga,Cádiz 26/27 Home Jersey S-4XL8,https://minkang.x.yupoo.com/albums/249049098?uid=1&isSubCate=false&referrercate=680717,https://photo.yupoo.com/minkang/204829bc7c/square.jpg,11
La Liga,Cádiz 26/27 Home Jersey S-4XL8,https://minkang.x.yupoo.com/albums/249049098?uid=1&isSubCate=false&referrercate=680717,https://photo.yupoo.com/minkang/32f97212ba/square.jpg,12
La Liga,Cádiz 26/27 Home Jersey S-4XL8,https://minkang.x.yupoo.com/albums/249049098?uid=1&isSubCate=false&referrercate=680717,https://photo.yupoo.com/minkang/9c2ff301a4/square.jpg,13
La Liga,Cádiz 26/27 Home Jersey S-4XL8,https://minkang.x.yupoo.com/albums/249049098?uid=1&isSubCate=false&referrercate=680717,https://photo.yupoo.com/minkang/efcfe4bad7/square.jpg,14
La Liga,Cádiz 26/27 Home Jersey S-4XL8,https://minkang.x.yupoo.com/albums/249049098?uid=1&isSubCate=false&referrercate=680717,https://photo.yupoo.com/minkang/a62eef5e5d/square.jpg,15
La Liga,Cádiz 26/27 Home Jersey S-4XL8,https://minkang.x.yupoo.com/albums/249049098?uid=1&isSubCate=false&referrercate=680717,https://photo.yupoo.com/minkang/d1b3c1725a/square.jpg,16
La Liga,Villarreal 26/27 Home Jersey S-4XL8,https://minkang.x.yupoo.com/albums/249048750?uid=1&isSubCate=false&referrercate=680717,https://photo.yupoo.com/minkang/90b1aa892c/large.jpg,1
La Liga,Villarreal 26/27 Home Jersey S-4XL8,https://minkang.x.yupoo.com/albums/249048750?uid=1&isSubCate=false&referrercate=680717,https://photo.yupoo.com/minkang/70d6c7447b/large.jpg,2
La Liga,Villarreal 26/27 Home Jersey S-4XL8,https://minkang.x.yupoo.com/albums/249048750?uid=1&isSubCate=false&referrercate=680717,https://photo.yupoo.com/minkang/b5d6ead241/large.jpg,3
La Liga,Villarreal 26/27 Home Jersey S-4XL8,https://minkang.x.yupoo.com/albums/249048750?uid=1&isSubCate=false&referrercate=680717,https://photo.yupoo.com/minkang/3fcd221bbd/large.jpg,4
La Liga,Villarreal 26/27 Home Jersey S-4XL8,https://minkang.x.yupoo.com/albums/249048750?uid=1&isSubCate=false&referrercate=680717,https://photo.yupoo.com/minkang/d40c09d5e0/large.jpg,5
La Liga,Villarreal 26/27 Home Jersey S-4XL8,https://minkang.x.yupoo.com/albums/249048750?uid=1&isSubCate=false&referrercate=680717,https://photo.yupoo.com/minkang/f132bbe165/large.jpg,6
La Liga,Villarreal 26/27 Home Jersey S-4XL8,https://minkang.x.yupoo.com/albums/249048750?uid=1&isSubCate=false&referrercate=680717,https://photo.yupoo.com/minkang/90d9e6863b/large.jpg,7
La Liga,Villarreal 26/27 Home Jersey S-4XL8,https://minkang.x.yupoo.com/albums/249048750?uid=1&isSubCate=false&referrercate=680717,https://photo.yupoo.com/minkang/4b54b121c9/large.jpg,8
La Liga,Villarreal 26/27 Home Jersey S-4XL8,https://minkang.x.yupoo.com/albums/249048750?uid=1&isSubCate=false&referrercate=680717,https://photo.yupoo.com/minkang/90b1aa892c/square.jpg,9
La Liga,Villarreal 26/27 Home Jersey S-4XL8,https://minkang.x.yupoo.com/albums/249048750?uid=1&isSubCate=false&referrercate=680717,https://photo.yupoo.com/minkang/70d6c7447b/square.jpg,10
La Liga,Villarreal 26/27 Home Jersey S-4XL8,https://minkang.x.yupoo.com/albums/249048750?uid=1&isSubCate=false&referrercate=680717,https://photo.yupoo.com/minkang/b5d6ead241/square.jpg,11
La Liga,Villarreal 26/27 Home Jersey S-4XL8,https://minkang.x.yupoo.com/albums/249048750?uid=1&isSubCate=false&referrercate=680717,https://photo.yupoo.com/minkang/3fcd221bbd/square.jpg,12
La Liga,Villarreal 26/27 Home Jersey S-4XL8,https://minkang.x.yupoo.com/albums/249048750?uid=1&isSubCate=false&referrercate=680717,https://photo.yupoo.com/minkang/d40c09d5e0/square.jpg,13
La Liga,Villarreal 26/27 Home Jersey S-4XL8,https://minkang.x.yupoo.com/albums/249048750?uid=1&isSubCate=false&referrercate=680717,https://photo.yupoo.com/minkang/f132bbe165/square.jpg,14
La Liga,Villarreal 26/27 Home Jersey S-4XL8,https://minkang.x.yupoo.com/albums/249048750?uid=1&isSubCate=false&referrercate=680717,https://photo.yupoo.com/minkang/90d9e6863b/square.jpg,15
La Liga,Villarreal 26/27 Home Jersey S-4XL8,https://minkang.x.yupoo.com/albums/249048750?uid=1&isSubCate=false&referrercate=680717,https://photo.yupoo.com/minkang/4b54b121c9/square.jpg,16
La Liga,Athletic Bilbao 26/27 Away Kids Kit Jersey Size 16-2813,https://minkang.x.yupoo.com/albums/249045500?uid=1&isSubCate=false&referrercate=680717,https://photo.yupoo.com/minkang/3ff25d4160/large.jpg,1
La Liga,Athletic Bilbao 26/27 Away Kids Kit Jersey Size 16-2813,https://minkang.x.yupoo.com/albums/249045500?uid=1&isSubCate=false&referrercate=680717,https://photo.yupoo.com/minkang/f5d345edab/large.jpg,2
La Liga,Athletic Bilbao 26/27 Away Kids Kit Jersey Size 16-2813,https://minkang.x.yupoo.com/albums/249045500?uid=1&isSubCate=false&referrercate=680717,https://photo.yupoo.com/minkang/3ede50a4d9/large.jpg,3
La Liga,Athletic Bilbao 26/27 Away Kids Kit Jersey Size 16-2813,https://minkang.x.yupoo.com/albums/249045500?uid=1&isSubCate=false&referrercate=680717,https://photo.yupoo.com/minkang/939cc8b6be/large.jpg,4
La Liga,Athletic Bilbao 26/27 Away Kids Kit Jersey Size 16-2813,https://minkang.x.yupoo.com/albums/249045500?uid=1&isSubCate=false&referrercate=680717,https://photo.yupoo.com/minkang/14af84df4f/large.jpg,5
La Liga,Athletic Bilbao 26/27 Away Kids Kit Jersey Size 16-2813,https://minkang.x.yupoo.com/albums/249045500?uid=1&isSubCate=false&referrercate=680717,https://photo.yupoo.com/minkang/7b03870fd3/large.jpg,6
La Liga,Athletic Bilbao 26/27 Away Kids Kit Jersey Size 16-2813,https://minkang.x.yupoo.com/albums/249045500?uid=1&isSubCate=false&referrercate=680717,https://photo.yupoo.com/minkang/3f5a891c68/large.jpg,7
La Liga,Athletic Bilbao 26/27 Away Kids Kit Jersey Size 16-2813,https://minkang.x.yupoo.com/albums/249045500?uid=1&isSubCate=false&referrercate=680717,https://photo.yupoo.com/minkang/a6c8139399/large.jpg,8
La Liga,Athletic Bilbao 26/27 Away Kids Kit Jersey Size 16-2813,https://minkang.x.yupoo.com/albums/249045500?uid=1&isSubCate=false&referrercate=680717,https://photo.yupoo.com/minkang/eba18e0b0f/large.jpg,9
La Liga,Athletic Bilbao 26/27 Away Kids Kit Jersey Size 16-2813,https://minkang.x.yupoo.com/albums/249045500?uid=1&isSubCate=false&referrercate=680717,https://photo.yupoo.com/minkang/fb9f3f379d/large.jpg,10
La Liga,Athletic Bilbao 26/27 Away Kids Kit Jersey Size 16-2813,https://minkang.x.yupoo.com/albums/249045500?uid=1&isSubCate=false&referrercate=680717,https://photo.yupoo.com/minkang/91c39a4515/large.jpg,11
La Liga,Athletic Bilbao 26/27 Away Kids Kit Jersey Size 16-2813,https://minkang.x.yupoo.com/albums/249045500?uid=1&isSubCate=false&referrercate=680717,https://photo.yupoo.com/minkang/56af534e3c/large.jpg,12
La Liga,Athletic Bilbao 26/27 Away Kids Kit Jersey Size 16-2813,https://minkang.x.yupoo.com/albums/249045500?uid=1&isSubCate=false&referrercate=680717,https://photo.yupoo.com/minkang/0c6b8dc2bb/large.jpg,13
La Liga,Athletic Bilbao 26/27 Away Kids Kit Jersey Size 16-2813,https://minkang.x.yupoo.com/albums/249045500?uid=1&isSubCate=false&referrercate=680717,https://photo.yupoo.com/minkang/3ff25d4160/square.jpg,14
La Liga,Athletic Bilbao 26/27 Away Kids Kit Jersey Size 16-2813,https://minkang.x.yupoo.com/albums/249045500?uid=1&isSubCate=false&referrercate=680717,https://photo.yupoo.com/minkang/f5d345edab/square.jpg,15
La Liga,Athletic Bilbao 26/27 Away Kids Kit Jersey Size 16-2813,https://minkang.x.yupoo.com/albums/249045500?uid=1&isSubCate=false&referrercate=680717,https://photo.yupoo.com/minkang/3ede50a4d9/square.jpg,16
La Liga,Athletic Bilbao 26/27 Away Kids Kit Jersey Size 16-2813,https://minkang.x.yupoo.com/albums/249045500?uid=1&isSubCate=false&referrercate=680717,https://photo.yupoo.com/minkang/939cc8b6be/square.jpg,17
La Liga,Athletic Bilbao 26/27 Away Kids Kit Jersey Size 16-2813,https://minkang.x.yupoo.com/albums/249045500?uid=1&isSubCate=false&referrercate=680717,https://photo.yupoo.com/minkang/14af84df4f/square.jpg,18
La Liga,Athletic Bilbao 26/27 Away Kids Kit Jersey Size 16-2813,https://minkang.x.yupoo.com/albums/249045500?uid=1&isSubCate=false&referrercate=680717,https://photo.yupoo.com/minkang/7b03870fd3/square.jpg,19
La Liga,Athletic Bilbao 26/27 Away Kids Kit Jersey Size 16-2813,https://minkang.x.yupoo.com/albums/249045500?uid=1&isSubCate=false&referrercate=680717,https://photo.yupoo.com/minkang/3f5a891c68/square.jpg,20
La Liga,Athletic Bilbao 26/27 Away Kids Kit Jersey Size 16-2813,https://minkang.x.yupoo.com/albums/249045500?uid=1&isSubCate=false&referrercate=680717,https://photo.yupoo.com/minkang/a6c8139399/square.jpg,21
La Liga,Athletic Bilbao 26/27 Away Kids Kit Jersey Size 16-2813,https://minkang.x.yupoo.com/albums/249045500?uid=1&isSubCate=false&referrercate=680717,https://photo.yupoo.com/minkang/eba18e0b0f/square.jpg,22
La Liga,Athletic Bilbao 26/27 Away Kids Kit Jersey Size 16-2813,https://minkang.x.yupoo.com/albums/249045500?uid=1&isSubCate=false&referrercate=680717,https://photo.yupoo.com/minkang/fb9f3f379d/square.jpg,23
La Liga,Athletic Bilbao 26/27 Away Kids Kit Jersey Size 16-2813,https://minkang.x.yupoo.com/albums/249045500?uid=1&isSubCate=false&referrercate=680717,https://photo.yupoo.com/minkang/91c39a4515/square.jpg,24
La Liga,Athletic Bilbao 26/27 Away Kids Kit Jersey Size 16-2813,https://minkang.x.yupoo.com/albums/249045500?uid=1&isSubCate=false&referrercate=680717,https://photo.yupoo.com/minkang/56af534e3c/square.jpg,25
La Liga,Athletic Bilbao 26/27 Away Kids Kit Jersey Size 16-2813,https://minkang.x.yupoo.com/albums/249045500?uid=1&isSubCate=false&referrercate=680717,https://photo.yupoo.com/minkang/0c6b8dc2bb/square.jpg,26
La Liga,Malaga 26/27 Home Kids Kit Jersey Size 16-2812,https://minkang.x.yupoo.com/albums/249045269?uid=1&isSubCate=false&referrercate=680717,https://photo.yupoo.com/minkang/c78a89dfcb/large.jpg,1
La Liga,Malaga 26/27 Home Kids Kit Jersey Size 16-2812,https://minkang.x.yupoo.com/albums/249045269?uid=1&isSubCate=false&referrercate=680717,https://photo.yupoo.com/minkang/ee25f6fe38/large.jpg,2
La Liga,Malaga 26/27 Home Kids Kit Jersey Size 16-2812,https://minkang.x.yupoo.com/albums/249045269?uid=1&isSubCate=false&referrercate=680717,https://photo.yupoo.com/minkang/7ff6a845bf/large.jpg,3
La Liga,Malaga 26/27 Home Kids Kit Jersey Size 16-2812,https://minkang.x.yupoo.com/albums/249045269?uid=1&isSubCate=false&referrercate=680717,https://photo.yupoo.com/minkang/fa55a69616/large.jpg,4
La Liga,Malaga 26/27 Home Kids Kit Jersey Size 16-2812,https://minkang.x.yupoo.com/albums/249045269?uid=1&isSubCate=false&referrercate=680717,https://photo.yupoo.com/minkang/ee9c3bce25/large.jpg,5
La Liga,Malaga 26/27 Home Kids Kit Jersey Size 16-2812,https://minkang.x.yupoo.com/albums/249045269?uid=1&isSubCate=false&referrercate=680717,https://photo.yupoo.com/minkang/ddd8f1c321/large.jpg,6
La Liga,Malaga 26/27 Home Kids Kit Jersey Size 16-2812,https://minkang.x.yupoo.com/albums/249045269?uid=1&isSubCate=false&referrercate=680717,https://photo.yupoo.com/minkang/f6a186e800/large.jpg,7
La Liga,Malaga 26/27 Home Kids Kit Jersey Size 16-2812,https://minkang.x.yupoo.com/albums/249045269?uid=1&isSubCate=false&referrercate=680717,https://photo.yupoo.com/minkang/e9bc55b24f/large.jpg,8
La Liga,Malaga 26/27 Home Kids Kit Jersey Size 16-2812,https://minkang.x.yupoo.com/albums/249045269?uid=1&isSubCate=false&referrercate=680717,https://photo.yupoo.com/minkang/0024af4cd9/large.jpg,9
La Liga,Malaga 26/27 Home Kids Kit Jersey Size 16-2812,https://minkang.x.yupoo.com/albums/249045269?uid=1&isSubCate=false&referrercate=680717,https://photo.yupoo.com/minkang/fc38c924b4/large.jpg,10
La Liga,Malaga 26/27 Home Kids Kit Jersey Size 16-2812,https://minkang.x.yupoo.com/albums/249045269?uid=1&isSubCate=false&referrercate=680717,https://photo.yupoo.com/minkang/bd129cb3bc/large.jpg,11
La Liga,Malaga 26/27 Home Kids Kit Jersey Size 16-2812,https://minkang.x.yupoo.com/albums/249045269?uid=1&isSubCate=false&referrercate=680717,https://photo.yupoo.com/minkang/cde9181f30/large.jpg,12
La Liga,Malaga 26/27 Home Kids Kit Jersey Size 16-2812,https://minkang.x.yupoo.com/albums/249045269?uid=1&isSubCate=false&referrercate=680717,https://photo.yupoo.com/minkang/c78a89dfcb/square.jpg,13
La Liga,Malaga 26/27 Home Kids Kit Jersey Size 16-2812,https://minkang.x.yupoo.com/albums/249045269?uid=1&isSubCate=false&referrercate=680717,https://photo.yupoo.com/minkang/ee25f6fe38/square.jpg,14
La Liga,Malaga 26/27 Home Kids Kit Jersey Size 16-2812,https://minkang.x.yupoo.com/albums/249045269?uid=1&isSubCate=false&referrercate=680717,https://photo.yupoo.com/minkang/7ff6a845bf/square.jpg,15
La Liga,Malaga 26/27 Home Kids Kit Jersey Size 16-2812,https://minkang.x.yupoo.com/albums/249045269?uid=1&isSubCate=false&referrercate=680717,https://photo.yupoo.com/minkang/fa55a69616/square.jpg,16
La Liga,Malaga 26/27 Home Kids Kit Jersey Size 16-2812,https://minkang.x.yupoo.com/albums/249045269?uid=1&isSubCate=false&referrercate=680717,https://photo.yupoo.com/minkang/ee9c3bce25/square.jpg,17
La Liga,Malaga 26/27 Home Kids Kit Jersey Size 16-2812,https://minkang.x.yupoo.com/albums/249045269?uid=1&isSubCate=false&referrercate=680717,https://photo.yupoo.com/minkang/ddd8f1c321/square.jpg,18
La Liga,Malaga 26/27 Home Kids Kit Jersey Size 16-2812,https://minkang.x.yupoo.com/albums/249045269?uid=1&isSubCate=false&referrercate=680717,https://photo.yupoo.com/minkang/f6a186e800/square.jpg,19
La Liga,Malaga 26/27 Home Kids Kit Jersey Size 16-2812,https://minkang.x.yupoo.com/albums/249045269?uid=1&isSubCate=false&referrercate=680717,https://photo.yupoo.com/minkang/e9bc55b24f/square.jpg,20
La Liga,Malaga 26/27 Home Kids Kit Jersey Size 16-2812,https://minkang.x.yupoo.com/albums/249045269?uid=1&isSubCate=false&referrercate=680717,https://photo.yupoo.com/minkang/0024af4cd9/square.jpg,21
La Liga,Malaga 26/27 Home Kids Kit Jersey Size 16-2812,https://minkang.x.yupoo.com/albums/249045269?uid=1&isSubCate=false&referrercate=680717,https://photo.yupoo.com/minkang/fc38c924b4/square.jpg,22
La Liga,Malaga 26/27 Home Kids Kit Jersey Size 16-2812,https://minkang.x.yupoo.com/albums/249045269?uid=1&isSubCate=false&referrercate=680717,https://photo.yupoo.com/minkang/bd129cb3bc/square.jpg,23
La Liga,Malaga 26/27 Home Kids Kit Jersey Size 16-2812,https://minkang.x.yupoo.com/albums/249045269?uid=1&isSubCate=false&referrercate=680717,https://photo.yupoo.com/minkang/cde9181f30/square.jpg,24
La Liga,Real Madrid 26/27 Home Kids Kit Jersey Size 16-2811,https://minkang.x.yupoo.com/albums/249044731?uid=1&isSubCate=false&referrercate=680717,https://photo.yupoo.com/minkang/05378370c2/large.jpg,1
La Liga,Real Madrid 26/27 Home Kids Kit Jersey Size 16-2811,https://minkang.x.yupoo.com/albums/249044731?uid=1&isSubCate=false&referrercate=680717,https://photo.yupoo.com/minkang/a16dd9f010/large.jpg,2
La Liga,Real Madrid 26/27 Home Kids Kit Jersey Size 16-2811,https://minkang.x.yupoo.com/albums/249044731?uid=1&isSubCate=false&referrercate=680717,https://photo.yupoo.com/minkang/4b980689bd/large.jpg,3
La Liga,Real Madrid 26/27 Home Kids Kit Jersey Size 16-2811,https://minkang.x.yupoo.com/albums/249044731?uid=1&isSubCate=false&referrercate=680717,https://photo.yupoo.com/minkang/c16ffda348/large.jpg,4
La Liga,Real Madrid 26/27 Home Kids Kit Jersey Size 16-2811,https://minkang.x.yupoo.com/albums/249044731?uid=1&isSubCate=false&referrercate=680717,https://photo.yupoo.com/minkang/2cc50fbe21/large.jpg,5
La Liga,Real Madrid 26/27 Home Kids Kit Jersey Size 16-2811,https://minkang.x.yupoo.com/albums/249044731?uid=1&isSubCate=false&referrercate=680717,https://photo.yupoo.com/minkang/7994be9b0b/large.jpg,6
La Liga,Real Madrid 26/27 Home Kids Kit Jersey Size 16-2811,https://minkang.x.yupoo.com/albums/249044731?uid=1&isSubCate=false&referrercate=680717,https://photo.yupoo.com/minkang/c75b836b67/large.jpg,7
La Liga,Real Madrid 26/27 Home Kids Kit Jersey Size 16-2811,https://minkang.x.yupoo.com/albums/249044731?uid=1&isSubCate=false&referrercate=680717,https://photo.yupoo.com/minkang/ed5b942053/large.jpg,8
La Liga,Real Madrid 26/27 Home Kids Kit Jersey Size 16-2811,https://minkang.x.yupoo.com/albums/249044731?uid=1&isSubCate=false&referrercate=680717,https://photo.yupoo.com/minkang/3f8d5fdabd/large.jpg,9
La Liga,Real Madrid 26/27 Home Kids Kit Jersey Size 16-2811,https://minkang.x.yupoo.com/albums/249044731?uid=1&isSubCate=false&referrercate=680717,https://photo.yupoo.com/minkang/59bf46ec9c/large.jpg,10
La Liga,Real Madrid 26/27 Home Kids Kit Jersey Size 16-2811,https://minkang.x.yupoo.com/albums/249044731?uid=1&isSubCate=false&referrercate=680717,https://photo.yupoo.com/minkang/d30b45bb13/large.jpg,11
La Liga,Real Madrid 26/27 Home Kids Kit Jersey Size 16-2811,https://minkang.x.yupoo.com/albums/249044731?uid=1&isSubCate=false&referrercate=680717,https://photo.yupoo.com/minkang/a16dd9f010/square.jpg,12
La Liga,Real Madrid 26/27 Home Kids Kit Jersey Size 16-2811,https://minkang.x.yupoo.com/albums/249044731?uid=1&isSubCate=false&referrercate=680717,https://photo.yupoo.com/minkang/05378370c2/square.jpg,13
La Liga,Real Madrid 26/27 Home Kids Kit Jersey Size 16-2811,https://minkang.x.yupoo.com/albums/249044731?uid=1&isSubCate=false&referrercate=680717,https://photo.yupoo.com/minkang/4b980689bd/square.jpg,14
La Liga,Real Madrid 26/27 Home Kids Kit Jersey Size 16-2811,https://minkang.x.yupoo.com/albums/249044731?uid=1&isSubCate=false&referrercate=680717,https://photo.yupoo.com/minkang/c16ffda348/square.jpg,15
La Liga,Real Madrid 26/27 Home Kids Kit Jersey Size 16-2811,https://minkang.x.yupoo.com/albums/249044731?uid=1&isSubCate=false&referrercate=680717,https://photo.yupoo.com/minkang/2cc50fbe21/square.jpg,16
La Liga,Real Madrid 26/27 Home Kids Kit Jersey Size 16-2811,https://minkang.x.yupoo.com/albums/249044731?uid=1&isSubCate=false&referrercate=680717,https://photo.yupoo.com/minkang/7994be9b0b/square.jpg,17
La Liga,Real Madrid 26/27 Home Kids Kit Jersey Size 16-2811,https://minkang.x.yupoo.com/albums/249044731?uid=1&isSubCate=false&referrercate=680717,https://photo.yupoo.com/minkang/c75b836b67/square.jpg,18
La Liga,Real Madrid 26/27 Home Kids Kit Jersey Size 16-2811,https://minkang.x.yupoo.com/albums/249044731?uid=1&isSubCate=false&referrercate=680717,https://photo.yupoo.com/minkang/ed5b942053/square.jpg,19
La Liga,Real Madrid 26/27 Home Kids Kit Jersey Size 16-2811,https://minkang.x.yupoo.com/albums/249044731?uid=1&isSubCate=false&referrercate=680717,https://photo.yupoo.com/minkang/3f8d5fdabd/square.jpg,20
La Liga,Real Madrid 26/27 Home Kids Kit Jersey Size 16-2811,https://minkang.x.yupoo.com/albums/249044731?uid=1&isSubCate=false&referrercate=680717,https://photo.yupoo.com/minkang/59bf46ec9c/square.jpg,21
La Liga,Real Madrid 26/27 Home Kids Kit Jersey Size 16-2811,https://minkang.x.yupoo.com/albums/249044731?uid=1&isSubCate=false&referrercate=680717,https://photo.yupoo.com/minkang/d30b45bb13/square.jpg,22
La Liga,Atletico Madrid 26/27 Player Version Away Jersey S-3XL9,https://minkang.x.yupoo.com/albums/249044002?uid=1&isSubCate=false&referrercate=680717,https://photo.yupoo.com/minkang/191f20cec8/large.jpg,1
La Liga,Atletico Madrid 26/27 Player Version Away Jersey S-3XL9,https://minkang.x.yupoo.com/albums/249044002?uid=1&isSubCate=false&referrercate=680717,https://photo.yupoo.com/minkang/1e4d4416b5/large.jpg,2
La Liga,Atletico Madrid 26/27 Player Version Away Jersey S-3XL9,https://minkang.x.yupoo.com/albums/249044002?uid=1&isSubCate=false&referrercate=680717,https://photo.yupoo.com/minkang/a13db2a68f/large.jpg,3
La Liga,Atletico Madrid 26/27 Player Version Away Jersey S-3XL9,https://minkang.x.yupoo.com/albums/249044002?uid=1&isSubCate=false&referrercate=680717,https://photo.yupoo.com/minkang/c058d9bcf0/large.jpg,4
La Liga,Atletico Madrid 26/27 Player Version Away Jersey S-3XL9,https://minkang.x.yupoo.com/albums/249044002?uid=1&isSubCate=false&referrercate=680717,https://photo.yupoo.com/minkang/8619899dd0/large.jpg,5
La Liga,Atletico Madrid 26/27 Player Version Away Jersey S-3XL9,https://minkang.x.yupoo.com/albums/249044002?uid=1&isSubCate=false&referrercate=680717,https://photo.yupoo.com/minkang/cf9b3bb581/large.jpg,6
La Liga,Atletico Madrid 26/27 Player Version Away Jersey S-3XL9,https://minkang.x.yupoo.com/albums/249044002?uid=1&isSubCate=false&referrercate=680717,https://photo.yupoo.com/minkang/8e96e423a9/large.jpg,7
La Liga,Atletico Madrid 26/27 Player Version Away Jersey S-3XL9,https://minkang.x.yupoo.com/albums/249044002?uid=1&isSubCate=false&referrercate=680717,https://photo.yupoo.com/minkang/43ed48019b/large.jpg,8
La Liga,Atletico Madrid 26/27 Player Version Away Jersey S-3XL9,https://minkang.x.yupoo.com/albums/249044002?uid=1&isSubCate=false&referrercate=680717,https://photo.yupoo.com/minkang/9ad44ab030/large.jpg,9
La Liga,Atletico Madrid 26/27 Player Version Away Jersey S-3XL9,https://minkang.x.yupoo.com/albums/249044002?uid=1&isSubCate=false&referrercate=680717,https://photo.yupoo.com/minkang/1e4d4416b5/square.jpg,10
La Liga,Atletico Madrid 26/27 Player Version Away Jersey S-3XL9,https://minkang.x.yupoo.com/albums/249044002?uid=1&isSubCate=false&referrercate=680717,https://photo.yupoo.com/minkang/191f20cec8/square.jpg,11
La Liga,Atletico Madrid 26/27 Player Version Away Jersey S-3XL9,https://minkang.x.yupoo.com/albums/249044002?uid=1&isSubCate=false&referrercate=680717,https://photo.yupoo.com/minkang/a13db2a68f/square.jpg,12
La Liga,Atletico Madrid 26/27 Player Version Away Jersey S-3XL9,https://minkang.x.yupoo.com/albums/249044002?uid=1&isSubCate=false&referrercate=680717,https://photo.yupoo.com/minkang/c058d9bcf0/square.jpg,13
La Liga,Atletico Madrid 26/27 Player Version Away Jersey S-3XL9,https://minkang.x.yupoo.com/albums/249044002?uid=1&isSubCate=false&referrercate=680717,https://photo.yupoo.com/minkang/8619899dd0/square.jpg,14
La Liga,Atletico Madrid 26/27 Player Version Away Jersey S-3XL9,https://minkang.x.yupoo.com/albums/249044002?uid=1&isSubCate=false&referrercate=680717,https://photo.yupoo.com/minkang/cf9b3bb581/square.jpg,15
La Liga,Atletico Madrid 26/27 Player Version Away Jersey S-3XL9,https://minkang.x.yupoo.com/albums/249044002?uid=1&isSubCate=false&referrercate=680717,https://photo.yupoo.com/minkang/8e96e423a9/square.jpg,16
La Liga,Atletico Madrid 26/27 Player Version Away Jersey S-3XL9,https://minkang.x.yupoo.com/albums/249044002?uid=1&isSubCate=false&referrercate=680717,https://photo.yupoo.com/minkang/43ed48019b/square.jpg,17
La Liga,Atletico Madrid 26/27 Player Version Away Jersey S-3XL9,https://minkang.x.yupoo.com/albums/249044002?uid=1&isSubCate=false&referrercate=680717,https://photo.yupoo.com/minkang/9ad44ab030/square.jpg,18
La Liga,Real Madrid 26/27 Away Player Version Long Sleeved Jersey S-3XL2,https://minkang.x.yupoo.com/albums/248837913?uid=1&isSubCate=false&referrercate=680717,https://photo.yupoo.com/minkang/926d8191a4/large.png,1
La Liga,Real Madrid 26/27 Away Player Version Long Sleeved Jersey S-3XL2,https://minkang.x.yupoo.com/albums/248837913?uid=1&isSubCate=false&referrercate=680717,https://photo.yupoo.com/minkang/7a5574f8f2/large.png,2
La Liga,Real Madrid 26/27 Away Player Version Long Sleeved Jersey S-3XL2,https://minkang.x.yupoo.com/albums/248837913?uid=1&isSubCate=false&referrercate=680717,https://photo.yupoo.com/minkang/926d8191a4/square.png,3
La Liga,Real Madrid 26/27 Away Player Version Long Sleeved Jersey S-3XL2,https://minkang.x.yupoo.com/albums/248837913?uid=1&isSubCate=false&referrercate=680717,https://photo.yupoo.com/minkang/7a5574f8f2/square.png,4
La Liga,Real Madrid 26/27 Away Kids Kit Jersey Size 16-282,https://minkang.x.yupoo.com/albums/248837967?uid=1&isSubCate=false&referrercate=680717,https://photo.yupoo.com/minkang/b3a42c702a/large.png,1
La Liga,Real Madrid 26/27 Away Kids Kit Jersey Size 16-282,https://minkang.x.yupoo.com/albums/248837967?uid=1&isSubCate=false&referrercate=680717,https://photo.yupoo.com/minkang/8d17548811/large.png,2
La Liga,Real Madrid 26/27 Away Kids Kit Jersey Size 16-282,https://minkang.x.yupoo.com/albums/248837967?uid=1&isSubCate=false&referrercate=680717,https://photo.yupoo.com/minkang/b3a42c702a/square.png,3
La Liga,Real Madrid 26/27 Away Kids Kit Jersey Size 16-282,https://minkang.x.yupoo.com/albums/248837967?uid=1&isSubCate=false&referrercate=680717,https://photo.yupoo.com/minkang/8d17548811/square.png,4
La Liga,Atletico Madrid 26/27 Home Player Version Long Sleeve Jersey S-3XL2,https://minkang.x.yupoo.com/albums/248837701?uid=1&isSubCate=false&referrercate=680717,https://photo.yupoo.com/minkang/4e9dfa7783/large.png,1
La Liga,Atletico Madrid 26/27 Home Player Version Long Sleeve Jersey S-3XL2,https://minkang.x.yupoo.com/albums/248837701?uid=1&isSubCate=false&referrercate=680717,https://photo.yupoo.com/minkang/01f0592a65/large.png,2
La Liga,Atletico Madrid 26/27 Home Player Version Long Sleeve Jersey S-3XL2,https://minkang.x.yupoo.com/albums/248837701?uid=1&isSubCate=false&referrercate=680717,https://photo.yupoo.com/minkang/4e9dfa7783/square.png,3
La Liga,Atletico Madrid 26/27 Home Player Version Long Sleeve Jersey S-3XL2,https://minkang.x.yupoo.com/albums/248837701?uid=1&isSubCate=false&referrercate=680717,https://photo.yupoo.com/minkang/01f0592a65/square.png,4
La Liga,Atletico Madrid 26/27 Home Player Version Jersey S-4XL2,https://minkang.x.yupoo.com/albums/248837650?uid=1&isSubCate=false&referrercate=680717,https://photo.yupoo.com/minkang/a96d6b2c99/large.png,1
La Liga,Atletico Madrid 26/27 Home Player Version Jersey S-4XL2,https://minkang.x.yupoo.com/albums/248837650?uid=1&isSubCate=false&referrercate=680717,https://photo.yupoo.com/minkang/f4814fd18e/large.png,2
La Liga,Atletico Madrid 26/27 Home Player Version Jersey S-4XL2,https://minkang.x.yupoo.com/albums/248837650?uid=1&isSubCate=false&referrercate=680717,https://photo.yupoo.com/minkang/f4814fd18e/square.png,3
La Liga,Atletico Madrid 26/27 Home Player Version Jersey S-4XL2,https://minkang.x.yupoo.com/albums/248837650?uid=1&isSubCate=false&referrercate=680717,https://photo.yupoo.com/minkang/a96d6b2c99/square.png,4
La Liga,Atletico Madrid 26/27 Home kids kit Jersey SIZE 16-282,https://minkang.x.yupoo.com/albums/248837581?uid=1&isSubCate=false&referrercate=680717,https://photo.yupoo.com/minkang/59646eb37d/large.png,1
La Liga,Atletico Madrid 26/27 Home kids kit Jersey SIZE 16-282,https://minkang.x.yupoo.com/albums/248837581?uid=1&isSubCate=false&referrercate=680717,https://photo.yupoo.com/minkang/1ec164cc99/large.png,2
La Liga,Atletico Madrid 26/27 Home kids kit Jersey SIZE 16-282,https://minkang.x.yupoo.com/albums/248837581?uid=1&isSubCate=false&referrercate=680717,https://photo.yupoo.com/minkang/1ec164cc99/square.png,3
La Liga,Atletico Madrid 26/27 Home kids kit Jersey SIZE 16-282,https://minkang.x.yupoo.com/albums/248837581?uid=1&isSubCate=false&referrercate=680717,https://photo.yupoo.com/minkang/59646eb37d/square.png,4
La Liga,Atletico Madrid 26/27 Home Jersey S-4XL2,https://minkang.x.yupoo.com/albums/248837507?uid=1&isSubCate=false&referrercate=680717,https://photo.yupoo.com/minkang/97f6cdb36a/large.png,1
La Liga,Atletico Madrid 26/27 Home Jersey S-4XL2,https://minkang.x.yupoo.com/albums/248837507?uid=1&isSubCate=false&referrercate=680717,https://photo.yupoo.com/minkang/01670aa5e6/large.png,2
La Liga,Atletico Madrid 26/27 Home Jersey S-4XL2,https://minkang.x.yupoo.com/albums/248837507?uid=1&isSubCate=false&referrercate=680717,https://photo.yupoo.com/minkang/01670aa5e6/square.png,3
La Liga,Atletico Madrid 26/27 Home Jersey S-4XL2,https://minkang.x.yupoo.com/albums/248837507?uid=1&isSubCate=false&referrercate=680717,https://photo.yupoo.com/minkang/97f6cdb36a/square.png,4
La Liga,Cordoba 26/27 Away Jersey S-4XL2,https://minkang.x.yupoo.com/albums/248683949?uid=1&isSubCate=false&referrercate=680717,https://photo.yupoo.com/minkang/b6c8b72eff/large.png,1
La Liga,Cordoba 26/27 Away Jersey S-4XL2,https://minkang.x.yupoo.com/albums/248683949?uid=1&isSubCate=false&referrercate=680717,https://photo.yupoo.com/minkang/6013b5e657/large.png,2
La Liga,Cordoba 26/27 Away Jersey S-4XL2,https://minkang.x.yupoo.com/albums/248683949?uid=1&isSubCate=false&referrercate=680717,https://photo.yupoo.com/minkang/6013b5e657/square.png,3
La Liga,Cordoba 26/27 Away Jersey S-4XL2,https://minkang.x.yupoo.com/albums/248683949?uid=1&isSubCate=false&referrercate=680717,https://photo.yupoo.com/minkang/b6c8b72eff/square.png,4
La Liga,Sporting de Gijon 26/27 Home Jersey S-4XL8,https://minkang.x.yupoo.com/albums/248663894?uid=1&isSubCate=false&referrercate=680717,https://photo.yupoo.com/minkang/24ff28bf29/large.jpg,1
La Liga,Sporting de Gijon 26/27 Home Jersey S-4XL8,https://minkang.x.yupoo.com/albums/248663894?uid=1&isSubCate=false&referrercate=680717,https://photo.yupoo.com/minkang/053911bd76/large.jpg,2
La Liga,Sporting de Gijon 26/27 Home Jersey S-4XL8,https://minkang.x.yupoo.com/albums/248663894?uid=1&isSubCate=false&referrercate=680717,https://photo.yupoo.com/minkang/48849aae9d/large.jpg,3
La Liga,Sporting de Gijon 26/27 Home Jersey S-4XL8,https://minkang.x.yupoo.com/albums/248663894?uid=1&isSubCate=false&referrercate=680717,https://photo.yupoo.com/minkang/48e93ed0d7/large.jpg,4
La Liga,Sporting de Gijon 26/27 Home Jersey S-4XL8,https://minkang.x.yupoo.com/albums/248663894?uid=1&isSubCate=false&referrercate=680717,https://photo.yupoo.com/minkang/63bfbbb140/large.jpg,5
La Liga,Sporting de Gijon 26/27 Home Jersey S-4XL8,https://minkang.x.yupoo.com/albums/248663894?uid=1&isSubCate=false&referrercate=680717,https://photo.yupoo.com/minkang/64f3a0bd8c/large.jpg,6
La Liga,Sporting de Gijon 26/27 Home Jersey S-4XL8,https://minkang.x.yupoo.com/albums/248663894?uid=1&isSubCate=false&referrercate=680717,https://photo.yupoo.com/minkang/d6116b0329/large.jpg,7
La Liga,Sporting de Gijon 26/27 Home Jersey S-4XL8,https://minkang.x.yupoo.com/albums/248663894?uid=1&isSubCate=false&referrercate=680717,https://photo.yupoo.com/minkang/2b4133c119/large.jpg,8
La Liga,Sporting de Gijon 26/27 Home Jersey S-4XL8,https://minkang.x.yupoo.com/albums/248663894?uid=1&isSubCate=false&referrercate=680717,https://photo.yupoo.com/minkang/24ff28bf29/square.jpg,9
La Liga,Sporting de Gijon 26/27 Home Jersey S-4XL8,https://minkang.x.yupoo.com/albums/248663894?uid=1&isSubCate=false&referrercate=680717,https://photo.yupoo.com/minkang/053911bd76/square.jpg,10
La Liga,Sporting de Gijon 26/27 Home Jersey S-4XL8,https://minkang.x.yupoo.com/albums/248663894?uid=1&isSubCate=false&referrercate=680717,https://photo.yupoo.com/minkang/48849aae9d/square.jpg,11
La Liga,Sporting de Gijon 26/27 Home Jersey S-4XL8,https://minkang.x.yupoo.com/albums/248663894?uid=1&isSubCate=false&referrercate=680717,https://photo.yupoo.com/minkang/48e93ed0d7/square.jpg,12
La Liga,Sporting de Gijon 26/27 Home Jersey S-4XL8,https://minkang.x.yupoo.com/albums/248663894?uid=1&isSubCate=false&referrercate=680717,https://photo.yupoo.com/minkang/63bfbbb140/square.jpg,13
La Liga,Sporting de Gijon 26/27 Home Jersey S-4XL8,https://minkang.x.yupoo.com/albums/248663894?uid=1&isSubCate=false&referrercate=680717,https://photo.yupoo.com/minkang/64f3a0bd8c/square.jpg,14
La Liga,Sporting de Gijon 26/27 Home Jersey S-4XL8,https://minkang.x.yupoo.com/albums/248663894?uid=1&isSubCate=false&referrercate=680717,https://photo.yupoo.com/minkang/d6116b0329/square.jpg,15
La Liga,Sporting de Gijon 26/27 Home Jersey S-4XL8,https://minkang.x.yupoo.com/albums/248663894?uid=1&isSubCate=false&referrercate=680717,https://photo.yupoo.com/minkang/2b4133c119/square.jpg,16
La Liga,Barcelona x Kobe Bryant 26/27 Away Long Sleeved Jersey S-5XL2,https://minkang.x.yupoo.com/albums/248190683?uid=1&isSubCate=false&referrercate=680717,https://photo.yupoo.com/minkang/79df6a73c4/large.png,1
La Liga,Barcelona x Kobe Bryant 26/27 Away Long Sleeved Jersey S-5XL2,https://minkang.x.yupoo.com/albums/248190683?uid=1&isSubCate=false&referrercate=680717,https://photo.yupoo.com/minkang/1593e2f53f/large.png,2
La Liga,Barcelona x Kobe Bryant 26/27 Away Long Sleeved Jersey S-5XL2,https://minkang.x.yupoo.com/albums/248190683?uid=1&isSubCate=false&referrercate=680717,https://photo.yupoo.com/minkang/1593e2f53f/square.png,3
La Liga,Barcelona x Kobe Bryant 26/27 Away Long Sleeved Jersey S-5XL2,https://minkang.x.yupoo.com/albums/248190683?uid=1&isSubCate=false&referrercate=680717,https://photo.yupoo.com/minkang/79df6a73c4/square.png,4
La Liga,Barcelona x Kobe Bryant 26/27 Away Player Version Long Sleeve Jersey S-3XL2,https://minkang.x.yupoo.com/albums/248190725?uid=1&isSubCate=false&referrercate=680717,https://photo.yupoo.com/minkang/ead5aecc07/large.png,1
La Liga,Barcelona x Kobe Bryant 26/27 Away Player Version Long Sleeve Jersey S-3XL2,https://minkang.x.yupoo.com/albums/248190725?uid=1&isSubCate=false&referrercate=680717,https://photo.yupoo.com/minkang/aae81dd93a/large.png,2
La Liga,Barcelona x Kobe Bryant 26/27 Away Player Version Long Sleeve Jersey S-3XL2,https://minkang.x.yupoo.com/albums/248190725?uid=1&isSubCate=false&referrercate=680717,https://photo.yupoo.com/minkang/aae81dd93a/square.png,3
La Liga,Barcelona x Kobe Bryant 26/27 Away Player Version Long Sleeve Jersey S-3XL2,https://minkang.x.yupoo.com/albums/248190725?uid=1&isSubCate=false&referrercate=680717,https://photo.yupoo.com/minkang/ead5aecc07/square.png,4
La Liga,Deportivo La Coruna 26/27 Home Jersey S-4XL9,https://minkang.x.yupoo.com/albums/248664818?uid=1&isSubCate=false&referrercate=680717,https://photo.yupoo.com/minkang/d3127681fd/large.jpg,1
La Liga,Deportivo La Coruna 26/27 Home Jersey S-4XL9,https://minkang.x.yupoo.com/albums/248664818?uid=1&isSubCate=false&referrercate=680717,https://photo.yupoo.com/minkang/4006e8370e/large.jpg,2
La Liga,Deportivo La Coruna 26/27 Home Jersey S-4XL9,https://minkang.x.yupoo.com/albums/248664818?uid=1&isSubCate=false&referrercate=680717,https://photo.yupoo.com/minkang/58178a0669/large.jpg,3
La Liga,Deportivo La Coruna 26/27 Home Jersey S-4XL9,https://minkang.x.yupoo.com/albums/248664818?uid=1&isSubCate=false&referrercate=680717,https://photo.yupoo.com/minkang/4f169b5b78/large.jpg,4
La Liga,Deportivo La Coruna 26/27 Home Jersey S-4XL9,https://minkang.x.yupoo.com/albums/248664818?uid=1&isSubCate=false&referrercate=680717,https://photo.yupoo.com/minkang/efd5f68d56/large.jpg,5
La Liga,Deportivo La Coruna 26/27 Home Jersey S-4XL9,https://minkang.x.yupoo.com/albums/248664818?uid=1&isSubCate=false&referrercate=680717,https://photo.yupoo.com/minkang/6bb31b0622/large.jpg,6
La Liga,Deportivo La Coruna 26/27 Home Jersey S-4XL9,https://minkang.x.yupoo.com/albums/248664818?uid=1&isSubCate=false&referrercate=680717,https://photo.yupoo.com/minkang/17798d875c/large.jpg,7
La Liga,Deportivo La Coruna 26/27 Home Jersey S-4XL9,https://minkang.x.yupoo.com/albums/248664818?uid=1&isSubCate=false&referrercate=680717,https://photo.yupoo.com/minkang/b1c299b2f7/large.jpg,8
La Liga,Deportivo La Coruna 26/27 Home Jersey S-4XL9,https://minkang.x.yupoo.com/albums/248664818?uid=1&isSubCate=false&referrercate=680717,https://photo.yupoo.com/minkang/b951848a7c/large.jpg,9
La Liga,Deportivo La Coruna 26/27 Home Jersey S-4XL9,https://minkang.x.yupoo.com/albums/248664818?uid=1&isSubCate=false&referrercate=680717,https://photo.yupoo.com/minkang/d3127681fd/square.jpg,10
La Liga,Deportivo La Coruna 26/27 Home Jersey S-4XL9,https://minkang.x.yupoo.com/albums/248664818?uid=1&isSubCate=false&referrercate=680717,https://photo.yupoo.com/minkang/4006e8370e/square.jpg,11
La Liga,Deportivo La Coruna 26/27 Home Jersey S-4XL9,https://minkang.x.yupoo.com/albums/248664818?uid=1&isSubCate=false&referrercate=680717,https://photo.yupoo.com/minkang/58178a0669/square.jpg,12
La Liga,Deportivo La Coruna 26/27 Home Jersey S-4XL9,https://minkang.x.yupoo.com/albums/248664818?uid=1&isSubCate=false&referrercate=680717,https://photo.yupoo.com/minkang/4f169b5b78/square.jpg,13
La Liga,Deportivo La Coruna 26/27 Home Jersey S-4XL9,https://minkang.x.yupoo.com/albums/248664818?uid=1&isSubCate=false&referrercate=680717,https://photo.yupoo.com/minkang/efd5f68d56/square.jpg,14
La Liga,Deportivo La Coruna 26/27 Home Jersey S-4XL9,https://minkang.x.yupoo.com/albums/248664818?uid=1&isSubCate=false&referrercate=680717,https://photo.yupoo.com/minkang/6bb31b0622/square.jpg,15
La Liga,Deportivo La Coruna 26/27 Home Jersey S-4XL9,https://minkang.x.yupoo.com/albums/248664818?uid=1&isSubCate=false&referrercate=680717,https://photo.yupoo.com/minkang/17798d875c/square.jpg,16
La Liga,Deportivo La Coruna 26/27 Home Jersey S-4XL9,https://minkang.x.yupoo.com/albums/248664818?uid=1&isSubCate=false&referrercate=680717,https://photo.yupoo.com/minkang/b1c299b2f7/square.jpg,17
La Liga,Deportivo La Coruna 26/27 Home Jersey S-4XL9,https://minkang.x.yupoo.com/albums/248664818?uid=1&isSubCate=false&referrercate=680717,https://photo.yupoo.com/minkang/b951848a7c/square.jpg,18
La Liga,Real Madrid 26/27 Home Women's Crop Jersey S-XXL8,https://minkang.x.yupoo.com/albums/248188175?uid=1&isSubCate=false&referrercate=680717,https://photo.yupoo.com/minkang/c34dccb013/large.jpg,1
La Liga,Real Madrid 26/27 Home Women's Crop Jersey S-XXL8,https://minkang.x.yupoo.com/albums/248188175?uid=1&isSubCate=false&referrercate=680717,https://photo.yupoo.com/minkang/5d0cddee51/large.jpg,2
La Liga,Real Madrid 26/27 Home Women's Crop Jersey S-XXL8,https://minkang.x.yupoo.com/albums/248188175?uid=1&isSubCate=false&referrercate=680717,https://photo.yupoo.com/minkang/f05b0295c8/large.jpg,3
La Liga,Real Madrid 26/27 Home Women's Crop Jersey S-XXL8,https://minkang.x.yupoo.com/albums/248188175?uid=1&isSubCate=false&referrercate=680717,https://photo.yupoo.com/minkang/53ba55a278/large.jpg,4
La Liga,Real Madrid 26/27 Home Women's Crop Jersey S-XXL8,https://minkang.x.yupoo.com/albums/248188175?uid=1&isSubCate=false&referrercate=680717,https://photo.yupoo.com/minkang/c6f807f93e/large.jpg,5
La Liga,Real Madrid 26/27 Home Women's Crop Jersey S-XXL8,https://minkang.x.yupoo.com/albums/248188175?uid=1&isSubCate=false&referrercate=680717,https://photo.yupoo.com/minkang/ec6e189437/large.jpg,6
La Liga,Real Madrid 26/27 Home Women's Crop Jersey S-XXL8,https://minkang.x.yupoo.com/albums/248188175?uid=1&isSubCate=false&referrercate=680717,https://photo.yupoo.com/minkang/9554e7e4d9/large.jpg,7
La Liga,Real Madrid 26/27 Home Women's Crop Jersey S-XXL8,https://minkang.x.yupoo.com/albums/248188175?uid=1&isSubCate=false&referrercate=680717,https://photo.yupoo.com/minkang/c99aff3225/large.jpg,8
La Liga,Real Madrid 26/27 Home Women's Crop Jersey S-XXL8,https://minkang.x.yupoo.com/albums/248188175?uid=1&isSubCate=false&referrercate=680717,https://photo.yupoo.com/minkang/c34dccb013/square.jpg,9
La Liga,Real Madrid 26/27 Home Women's Crop Jersey S-XXL8,https://minkang.x.yupoo.com/albums/248188175?uid=1&isSubCate=false&referrercate=680717,https://photo.yupoo.com/minkang/5d0cddee51/square.jpg,10
La Liga,Real Madrid 26/27 Home Women's Crop Jersey S-XXL8,https://minkang.x.yupoo.com/albums/248188175?uid=1&isSubCate=false&referrercate=680717,https://photo.yupoo.com/minkang/f05b0295c8/square.jpg,11
La Liga,Real Madrid 26/27 Home Women's Crop Jersey S-XXL8,https://minkang.x.yupoo.com/albums/248188175?uid=1&isSubCate=false&referrercate=680717,https://photo.yupoo.com/minkang/53ba55a278/square.jpg,12
La Liga,Real Madrid 26/27 Home Women's Crop Jersey S-XXL8,https://minkang.x.yupoo.com/albums/248188175?uid=1&isSubCate=false&referrercate=680717,https://photo.yupoo.com/minkang/c6f807f93e/square.jpg,13
La Liga,Real Madrid 26/27 Home Women's Crop Jersey S-XXL8,https://minkang.x.yupoo.com/albums/248188175?uid=1&isSubCate=false&referrercate=680717,https://photo.yupoo.com/minkang/ec6e189437/square.jpg,14
La Liga,Real Madrid 26/27 Home Women's Crop Jersey S-XXL8,https://minkang.x.yupoo.com/albums/248188175?uid=1&isSubCate=false&referrercate=680717,https://photo.yupoo.com/minkang/9554e7e4d9/square.jpg,15
La Liga,Real Madrid 26/27 Home Women's Crop Jersey S-XXL8,https://minkang.x.yupoo.com/albums/248188175?uid=1&isSubCate=false&referrercate=680717,https://photo.yupoo.com/minkang/c99aff3225/square.jpg,16
La Liga,Real Madrid 26/27 Home Women's Jersey S-XXL8,https://minkang.x.yupoo.com/albums/248188006?uid=1&isSubCate=false&referrercate=680717,https://photo.yupoo.com/minkang/8dfc9fc402/large.jpg,1
La Liga,Real Madrid 26/27 Home Women's Jersey S-XXL8,https://minkang.x.yupoo.com/albums/248188006?uid=1&isSubCate=false&referrercate=680717,https://photo.yupoo.com/minkang/136a9b62fb/large.jpg,2
La Liga,Real Madrid 26/27 Home Women's Jersey S-XXL8,https://minkang.x.yupoo.com/albums/248188006?uid=1&isSubCate=false&referrercate=680717,https://photo.yupoo.com/minkang/e9cdd2570e/large.jpg,3
La Liga,Real Madrid 26/27 Home Women's Jersey S-XXL8,https://minkang.x.yupoo.com/albums/248188006?uid=1&isSubCate=false&referrercate=680717,https://photo.yupoo.com/minkang/e5877c90bc/large.jpg,4
La Liga,Real Madrid 26/27 Home Women's Jersey S-XXL8,https://minkang.x.yupoo.com/albums/248188006?uid=1&isSubCate=false&referrercate=680717,https://photo.yupoo.com/minkang/c14e52cd91/large.jpg,5
La Liga,Real Madrid 26/27 Home Women's Jersey S-XXL8,https://minkang.x.yupoo.com/albums/248188006?uid=1&isSubCate=false&referrercate=680717,https://photo.yupoo.com/minkang/be005706df/large.jpg,6
La Liga,Real Madrid 26/27 Home Women's Jersey S-XXL8,https://minkang.x.yupoo.com/albums/248188006?uid=1&isSubCate=false&referrercate=680717,https://photo.yupoo.com/minkang/9fae366761/large.jpg,7
La Liga,Real Madrid 26/27 Home Women's Jersey S-XXL8,https://minkang.x.yupoo.com/albums/248188006?uid=1&isSubCate=false&referrercate=680717,https://photo.yupoo.com/minkang/d37a1baada/large.jpg,8
La Liga,Real Madrid 26/27 Home Women's Jersey S-XXL8,https://minkang.x.yupoo.com/albums/248188006?uid=1&isSubCate=false&referrercate=680717,https://photo.yupoo.com/minkang/8dfc9fc402/square.jpg,9
La Liga,Real Madrid 26/27 Home Women's Jersey S-XXL8,https://minkang.x.yupoo.com/albums/248188006?uid=1&isSubCate=false&referrercate=680717,https://photo.yupoo.com/minkang/136a9b62fb/square.jpg,10
La Liga,Real Madrid 26/27 Home Women's Jersey S-XXL8,https://minkang.x.yupoo.com/albums/248188006?uid=1&isSubCate=false&referrercate=680717,https://photo.yupoo.com/minkang/e9cdd2570e/square.jpg,11
La Liga,Real Madrid 26/27 Home Women's Jersey S-XXL8,https://minkang.x.yupoo.com/albums/248188006?uid=1&isSubCate=false&referrercate=680717,https://photo.yupoo.com/minkang/e5877c90bc/square.jpg,12
La Liga,Real Madrid 26/27 Home Women's Jersey S-XXL8,https://minkang.x.yupoo.com/albums/248188006?uid=1&isSubCate=false&referrercate=680717,https://photo.yupoo.com/minkang/c14e52cd91/square.jpg,13
La Liga,Real Madrid 26/27 Home Women's Jersey S-XXL8,https://minkang.x.yupoo.com/albums/248188006?uid=1&isSubCate=false&referrercate=680717,https://photo.yupoo.com/minkang/be005706df/square.jpg,14
La Liga,Real Madrid 26/27 Home Women's Jersey S-XXL8,https://minkang.x.yupoo.com/albums/248188006?uid=1&isSubCate=false&referrercate=680717,https://photo.yupoo.com/minkang/9fae366761/square.jpg,15
La Liga,Real Madrid 26/27 Home Women's Jersey S-XXL8,https://minkang.x.yupoo.com/albums/248188006?uid=1&isSubCate=false&referrercate=680717,https://photo.yupoo.com/minkang/d37a1baada/square.jpg,16
La Liga,Real Madrid 26/27 Third Away Womens Jersey S-XXL8,https://minkang.x.yupoo.com/albums/248187654?uid=1&isSubCate=false&referrercate=680717,https://photo.yupoo.com/minkang/5393d1ff06/large.jpg,1
La Liga,Real Madrid 26/27 Third Away Womens Jersey S-XXL8,https://minkang.x.yupoo.com/albums/248187654?uid=1&isSubCate=false&referrercate=680717,https://photo.yupoo.com/minkang/1720182f46/large.jpg,2
La Liga,Real Madrid 26/27 Third Away Womens Jersey S-XXL8,https://minkang.x.yupoo.com/albums/248187654?uid=1&isSubCate=false&referrercate=680717,https://photo.yupoo.com/minkang/1d33acb92f/large.jpg,3
La Liga,Real Madrid 26/27 Third Away Womens Jersey S-XXL8,https://minkang.x.yupoo.com/albums/248187654?uid=1&isSubCate=false&referrercate=680717,https://photo.yupoo.com/minkang/0dd8e9c6bd/large.jpg,4
La Liga,Real Madrid 26/27 Third Away Womens Jersey S-XXL8,https://minkang.x.yupoo.com/albums/248187654?uid=1&isSubCate=false&referrercate=680717,https://photo.yupoo.com/minkang/46eb7775cc/large.jpg,5
La Liga,Real Madrid 26/27 Third Away Womens Jersey S-XXL8,https://minkang.x.yupoo.com/albums/248187654?uid=1&isSubCate=false&referrercate=680717,https://photo.yupoo.com/minkang/30d5f46876/large.jpg,6
La Liga,Real Madrid 26/27 Third Away Womens Jersey S-XXL8,https://minkang.x.yupoo.com/albums/248187654?uid=1&isSubCate=false&referrercate=680717,https://photo.yupoo.com/minkang/e45db1f1d3/large.jpg,7
La Liga,Real Madrid 26/27 Third Away Womens Jersey S-XXL8,https://minkang.x.yupoo.com/albums/248187654?uid=1&isSubCate=false&referrercate=680717,https://photo.yupoo.com/minkang/3eeff46630/large.jpg,8
La Liga,Real Madrid 26/27 Third Away Womens Jersey S-XXL8,https://minkang.x.yupoo.com/albums/248187654?uid=1&isSubCate=false&referrercate=680717,https://photo.yupoo.com/minkang/1720182f46/square.jpg,9
La Liga,Real Madrid 26/27 Third Away Womens Jersey S-XXL8,https://minkang.x.yupoo.com/albums/248187654?uid=1&isSubCate=false&referrercate=680717,https://photo.yupoo.com/minkang/5393d1ff06/square.jpg,10
La Liga,Real Madrid 26/27 Third Away Womens Jersey S-XXL8,https://minkang.x.yupoo.com/albums/248187654?uid=1&isSubCate=false&referrercate=680717,https://photo.yupoo.com/minkang/1d33acb92f/square.jpg,11
La Liga,Real Madrid 26/27 Third Away Womens Jersey S-XXL8,https://minkang.x.yupoo.com/albums/248187654?uid=1&isSubCate=false&referrercate=680717,https://photo.yupoo.com/minkang/0dd8e9c6bd/square.jpg,12
La Liga,Real Madrid 26/27 Third Away Womens Jersey S-XXL8,https://minkang.x.yupoo.com/albums/248187654?uid=1&isSubCate=false&referrercate=680717,https://photo.yupoo.com/minkang/46eb7775cc/square.jpg,13
La Liga,Real Madrid 26/27 Third Away Womens Jersey S-XXL8,https://minkang.x.yupoo.com/albums/248187654?uid=1&isSubCate=false&referrercate=680717,https://photo.yupoo.com/minkang/30d5f46876/square.jpg,14
La Liga,Real Madrid 26/27 Third Away Womens Jersey S-XXL8,https://minkang.x.yupoo.com/albums/248187654?uid=1&isSubCate=false&referrercate=680717,https://photo.yupoo.com/minkang/e45db1f1d3/square.jpg,15
La Liga,Real Madrid 26/27 Third Away Womens Jersey S-XXL8,https://minkang.x.yupoo.com/albums/248187654?uid=1&isSubCate=false&referrercate=680717,https://photo.yupoo.com/minkang/3eeff46630/square.jpg,16
La Liga,Barcelona 2026 Starting 5 Fourth All Weather Jacket Windbreaker S-XXL9,https://minkang.x.yupoo.com/albums/247787189?uid=1&isSubCate=false&referrercate=680717,https://photo.yupoo.com/minkang/8e69b92af6/large.jpg,1
La Liga,Barcelona 2026 Starting 5 Fourth All Weather Jacket Windbreaker S-XXL9,https://minkang.x.yupoo.com/albums/247787189?uid=1&isSubCate=false&referrercate=680717,https://photo.yupoo.com/minkang/6e3fb1511f/large.jpg,2
La Liga,Barcelona 2026 Starting 5 Fourth All Weather Jacket Windbreaker S-XXL9,https://minkang.x.yupoo.com/albums/247787189?uid=1&isSubCate=false&referrercate=680717,https://photo.yupoo.com/minkang/b4daa4ca67/large.jpg,3
La Liga,Barcelona 2026 Starting 5 Fourth All Weather Jacket Windbreaker S-XXL9,https://minkang.x.yupoo.com/albums/247787189?uid=1&isSubCate=false&referrercate=680717,https://photo.yupoo.com/minkang/3ddd27a138/large.jpg,4
La Liga,Barcelona 2026 Starting 5 Fourth All Weather Jacket Windbreaker S-XXL9,https://minkang.x.yupoo.com/albums/247787189?uid=1&isSubCate=false&referrercate=680717,https://photo.yupoo.com/minkang/533dc547b5/large.jpg,5
La Liga,Barcelona 2026 Starting 5 Fourth All Weather Jacket Windbreaker S-XXL9,https://minkang.x.yupoo.com/albums/247787189?uid=1&isSubCate=false&referrercate=680717,https://photo.yupoo.com/minkang/4fd6c84f99/large.jpg,6
La Liga,Barcelona 2026 Starting 5 Fourth All Weather Jacket Windbreaker S-XXL9,https://minkang.x.yupoo.com/albums/247787189?uid=1&isSubCate=false&referrercate=680717,https://photo.yupoo.com/minkang/cfc6e9a14b/large.jpg,7
La Liga,Barcelona 2026 Starting 5 Fourth All Weather Jacket Windbreaker S-XXL9,https://minkang.x.yupoo.com/albums/247787189?uid=1&isSubCate=false&referrercate=680717,https://photo.yupoo.com/minkang/af52ff07a0/large.jpg,8
La Liga,Barcelona 2026 Starting 5 Fourth All Weather Jacket Windbreaker S-XXL9,https://minkang.x.yupoo.com/albums/247787189?uid=1&isSubCate=false&referrercate=680717,https://photo.yupoo.com/minkang/eb391e9c20/large.jpg,9
La Liga,Barcelona 2026 Starting 5 Fourth All Weather Jacket Windbreaker S-XXL9,https://minkang.x.yupoo.com/albums/247787189?uid=1&isSubCate=false&referrercate=680717,https://photo.yupoo.com/minkang/6e3fb1511f/square.jpg,10
La Liga,Barcelona 2026 Starting 5 Fourth All Weather Jacket Windbreaker S-XXL9,https://minkang.x.yupoo.com/albums/247787189?uid=1&isSubCate=false&referrercate=680717,https://photo.yupoo.com/minkang/8e69b92af6/square.jpg,11
La Liga,Barcelona 2026 Starting 5 Fourth All Weather Jacket Windbreaker S-XXL9,https://minkang.x.yupoo.com/albums/247787189?uid=1&isSubCate=false&referrercate=680717,https://photo.yupoo.com/minkang/b4daa4ca67/square.jpg,12
La Liga,Barcelona 2026 Starting 5 Fourth All Weather Jacket Windbreaker S-XXL9,https://minkang.x.yupoo.com/albums/247787189?uid=1&isSubCate=false&referrercate=680717,https://photo.yupoo.com/minkang/3ddd27a138/square.jpg,13
La Liga,Barcelona 2026 Starting 5 Fourth All Weather Jacket Windbreaker S-XXL9,https://minkang.x.yupoo.com/albums/247787189?uid=1&isSubCate=false&referrercate=680717,https://photo.yupoo.com/minkang/533dc547b5/square.jpg,14
La Liga,Barcelona 2026 Starting 5 Fourth All Weather Jacket Windbreaker S-XXL9,https://minkang.x.yupoo.com/albums/247787189?uid=1&isSubCate=false&referrercate=680717,https://photo.yupoo.com/minkang/4fd6c84f99/square.jpg,15
La Liga,Barcelona 2026 Starting 5 Fourth All Weather Jacket Windbreaker S-XXL9,https://minkang.x.yupoo.com/albums/247787189?uid=1&isSubCate=false&referrercate=680717,https://photo.yupoo.com/minkang/cfc6e9a14b/square.jpg,16
La Liga,Barcelona 2026 Starting 5 Fourth All Weather Jacket Windbreaker S-XXL9,https://minkang.x.yupoo.com/albums/247787189?uid=1&isSubCate=false&referrercate=680717,https://photo.yupoo.com/minkang/af52ff07a0/square.jpg,17
La Liga,Barcelona 2026 Starting 5 Fourth All Weather Jacket Windbreaker S-XXL9,https://minkang.x.yupoo.com/albums/247787189?uid=1&isSubCate=false&referrercate=680717,https://photo.yupoo.com/minkang/eb391e9c20/square.jpg,18
La Liga,Barcelona x Kobe Bryant 26/27 Away Kids Kit Jersey Size 16-282,https://minkang.x.yupoo.com/albums/247356240?uid=1&isSubCate=false&referrercate=680717,https://photo.yupoo.com/minkang/47e9f0ff9a/large.png,1
La Liga,Barcelona x Kobe Bryant 26/27 Away Kids Kit Jersey Size 16-282,https://minkang.x.yupoo.com/albums/247356240?uid=1&isSubCate=false&referrercate=680717,https://photo.yupoo.com/minkang/bb67d603e9/large.png,2
La Liga,Barcelona x Kobe Bryant 26/27 Away Kids Kit Jersey Size 16-282,https://minkang.x.yupoo.com/albums/247356240?uid=1&isSubCate=false&referrercate=680717,https://photo.yupoo.com/minkang/bb67d603e9/square.png,3
La Liga,Barcelona x Kobe Bryant 26/27 Away Kids Kit Jersey Size 16-282,https://minkang.x.yupoo.com/albums/247356240?uid=1&isSubCate=false&referrercate=680717,https://photo.yupoo.com/minkang/47e9f0ff9a/square.png,4
La Liga,Barcelona 80/81 Home Retro Jersey S-XXL6,https://minkang.x.yupoo.com/albums/247186114?uid=1&isSubCate=false&referrercate=680717,https://photo.yupoo.com/minkang/8f36108660/large.jpg,1
La Liga,Barcelona 80/81 Home Retro Jersey S-XXL6,https://minkang.x.yupoo.com/albums/247186114?uid=1&isSubCate=false&referrercate=680717,https://photo.yupoo.com/minkang/3f25d5b943/large.jpg,2
La Liga,Barcelona 80/81 Home Retro Jersey S-XXL6,https://minkang.x.yupoo.com/albums/247186114?uid=1&isSubCate=false&referrercate=680717,https://photo.yupoo.com/minkang/c1f5683fc3/large.jpg,3
La Liga,Barcelona 80/81 Home Retro Jersey S-XXL6,https://minkang.x.yupoo.com/albums/247186114?uid=1&isSubCate=false&referrercate=680717,https://photo.yupoo.com/minkang/d4983e34d8/large.jpg,4
La Liga,Barcelona 80/81 Home Retro Jersey S-XXL6,https://minkang.x.yupoo.com/albums/247186114?uid=1&isSubCate=false&referrercate=680717,https://photo.yupoo.com/minkang/7b656ce00d/large.jpg,5
La Liga,Barcelona 80/81 Home Retro Jersey S-XXL6,https://minkang.x.yupoo.com/albums/247186114?uid=1&isSubCate=false&referrercate=680717,https://photo.yupoo.com/minkang/343f2054dc/large.jpg,6
La Liga,Barcelona 80/81 Home Retro Jersey S-XXL6,https://minkang.x.yupoo.com/albums/247186114?uid=1&isSubCate=false&referrercate=680717,https://photo.yupoo.com/minkang/8f36108660/square.jpg,7
La Liga,Barcelona 80/81 Home Retro Jersey S-XXL6,https://minkang.x.yupoo.com/albums/247186114?uid=1&isSubCate=false&referrercate=680717,https://photo.yupoo.com/minkang/3f25d5b943/square.jpg,8
La Liga,Barcelona 80/81 Home Retro Jersey S-XXL6,https://minkang.x.yupoo.com/albums/247186114?uid=1&isSubCate=false&referrercate=680717,https://photo.yupoo.com/minkang/c1f5683fc3/square.jpg,9
La Liga,Barcelona 80/81 Home Retro Jersey S-XXL6,https://minkang.x.yupoo.com/albums/247186114?uid=1&isSubCate=false&referrercate=680717,https://photo.yupoo.com/minkang/d4983e34d8/square.jpg,10
La Liga,Barcelona 80/81 Home Retro Jersey S-XXL6,https://minkang.x.yupoo.com/albums/247186114?uid=1&isSubCate=false&referrercate=680717,https://photo.yupoo.com/minkang/7b656ce00d/square.jpg,11
La Liga,Barcelona 80/81 Home Retro Jersey S-XXL6,https://minkang.x.yupoo.com/albums/247186114?uid=1&isSubCate=false&referrercate=680717,https://photo.yupoo.com/minkang/343f2054dc/square.jpg,12
La Liga,Rayo Vallecano 99/00 Home Retro Jersey S-4XL6,https://minkang.x.yupoo.com/albums/245506166?uid=1&isSubCate=false&referrercate=680717,https://photo.yupoo.com/minkang/b0a35e1b35/large.jpg,1
La Liga,Rayo Vallecano 99/00 Home Retro Jersey S-4XL6,https://minkang.x.yupoo.com/albums/245506166?uid=1&isSubCate=false&referrercate=680717,https://photo.yupoo.com/minkang/6609814d1b/large.jpg,2
La Liga,Rayo Vallecano 99/00 Home Retro Jersey S-4XL6,https://minkang.x.yupoo.com/albums/245506166?uid=1&isSubCate=false&referrercate=680717,https://photo.yupoo.com/minkang/2bd4c6cdde/large.jpg,3
La Liga,Rayo Vallecano 99/00 Home Retro Jersey S-4XL6,https://minkang.x.yupoo.com/albums/245506166?uid=1&isSubCate=false&referrercate=680717,https://photo.yupoo.com/minkang/d1345289a1/large.jpg,4
La Liga,Rayo Vallecano 99/00 Home Retro Jersey S-4XL6,https://minkang.x.yupoo.com/albums/245506166?uid=1&isSubCate=false&referrercate=680717,https://photo.yupoo.com/minkang/1ea475d1f2/large.jpg,5
La Liga,Rayo Vallecano 99/00 Home Retro Jersey S-4XL6,https://minkang.x.yupoo.com/albums/245506166?uid=1&isSubCate=false&referrercate=680717,https://photo.yupoo.com/minkang/15cfddcb29/large.jpg,6
La Liga,Rayo Vallecano 99/00 Home Retro Jersey S-4XL6,https://minkang.x.yupoo.com/albums/245506166?uid=1&isSubCate=false&referrercate=680717,https://photo.yupoo.com/minkang/6609814d1b/square.jpg,7
La Liga,Rayo Vallecano 99/00 Home Retro Jersey S-4XL6,https://minkang.x.yupoo.com/albums/245506166?uid=1&isSubCate=false&referrercate=680717,https://photo.yupoo.com/minkang/b0a35e1b35/square.jpg,8
La Liga,Rayo Vallecano 99/00 Home Retro Jersey S-4XL6,https://minkang.x.yupoo.com/albums/245506166?uid=1&isSubCate=false&referrercate=680717,https://photo.yupoo.com/minkang/2bd4c6cdde/square.jpg,9
La Liga,Rayo Vallecano 99/00 Home Retro Jersey S-4XL6,https://minkang.x.yupoo.com/albums/245506166?uid=1&isSubCate=false&referrercate=680717,https://photo.yupoo.com/minkang/d1345289a1/square.jpg,10
La Liga,Rayo Vallecano 99/00 Home Retro Jersey S-4XL6,https://minkang.x.yupoo.com/albums/245506166?uid=1&isSubCate=false&referrercate=680717,https://photo.yupoo.com/minkang/1ea475d1f2/square.jpg,11
La Liga,Rayo Vallecano 99/00 Home Retro Jersey S-4XL6,https://minkang.x.yupoo.com/albums/245506166?uid=1&isSubCate=false&referrercate=680717,https://photo.yupoo.com/minkang/15cfddcb29/square.jpg,12
La Liga,Real Madrid 13/14 Track Jacket Retro Windbreaker S-XXL8,https://minkang.x.yupoo.com/albums/245506798?uid=1&isSubCate=false&referrercate=680717,https://photo.yupoo.com/minkang/764813c6f7/large.jpg,1
La Liga,Real Madrid 13/14 Track Jacket Retro Windbreaker S-XXL8,https://minkang.x.yupoo.com/albums/245506798?uid=1&isSubCate=false&referrercate=680717,https://photo.yupoo.com/minkang/a57741dce3/large.jpg,2
La Liga,Real Madrid 13/14 Track Jacket Retro Windbreaker S-XXL8,https://minkang.x.yupoo.com/albums/245506798?uid=1&isSubCate=false&referrercate=680717,https://photo.yupoo.com/minkang/5c2315f50d/large.jpg,3
La Liga,Real Madrid 13/14 Track Jacket Retro Windbreaker S-XXL8,https://minkang.x.yupoo.com/albums/245506798?uid=1&isSubCate=false&referrercate=680717,https://photo.yupoo.com/minkang/37ba50b88c/large.jpg,4
La Liga,Real Madrid 13/14 Track Jacket Retro Windbreaker S-XXL8,https://minkang.x.yupoo.com/albums/245506798?uid=1&isSubCate=false&referrercate=680717,https://photo.yupoo.com/minkang/98ab39ea7b/large.jpg,5
La Liga,Real Madrid 13/14 Track Jacket Retro Windbreaker S-XXL8,https://minkang.x.yupoo.com/albums/245506798?uid=1&isSubCate=false&referrercate=680717,https://photo.yupoo.com/minkang/04789f532c/large.jpg,6
La Liga,Real Madrid 13/14 Track Jacket Retro Windbreaker S-XXL8,https://minkang.x.yupoo.com/albums/245506798?uid=1&isSubCate=false&referrercate=680717,https://photo.yupoo.com/minkang/1545eb4f83/large.jpg,7
La Liga,Real Madrid 13/14 Track Jacket Retro Windbreaker S-XXL8,https://minkang.x.yupoo.com/albums/245506798?uid=1&isSubCate=false&referrercate=680717,https://photo.yupoo.com/minkang/57f3ee6a5f/large.jpg,8
La Liga,Real Madrid 13/14 Track Jacket Retro Windbreaker S-XXL8,https://minkang.x.yupoo.com/albums/245506798?uid=1&isSubCate=false&referrercate=680717,https://photo.yupoo.com/minkang/a57741dce3/square.jpg,9
La Liga,Real Madrid 13/14 Track Jacket Retro Windbreaker S-XXL8,https://minkang.x.yupoo.com/albums/245506798?uid=1&isSubCate=false&referrercate=680717,https://photo.yupoo.com/minkang/764813c6f7/square.jpg,10
La Liga,Real Madrid 13/14 Track Jacket Retro Windbreaker S-XXL8,https://minkang.x.yupoo.com/albums/245506798?uid=1&isSubCate=false&referrercate=680717,https://photo.yupoo.com/minkang/5c2315f50d/square.jpg,11
La Liga,Real Madrid 13/14 Track Jacket Retro Windbreaker S-XXL8,https://minkang.x.yupoo.com/albums/245506798?uid=1&isSubCate=false&referrercate=680717,https://photo.yupoo.com/minkang/37ba50b88c/square.jpg,12
La Liga,Real Madrid 13/14 Track Jacket Retro Windbreaker S-XXL8,https://minkang.x.yupoo.com/albums/245506798?uid=1&isSubCate=false&referrercate=680717,https://photo.yupoo.com/minkang/98ab39ea7b/square.jpg,13
La Liga,Real Madrid 13/14 Track Jacket Retro Windbreaker S-XXL8,https://minkang.x.yupoo.com/albums/245506798?uid=1&isSubCate=false&referrercate=680717,https://photo.yupoo.com/minkang/04789f532c/square.jpg,14
La Liga,Real Madrid 13/14 Track Jacket Retro Windbreaker S-XXL8,https://minkang.x.yupoo.com/albums/245506798?uid=1&isSubCate=false&referrercate=680717,https://photo.yupoo.com/minkang/1545eb4f83/square.jpg,15
La Liga,Real Madrid 13/14 Track Jacket Retro Windbreaker S-XXL8,https://minkang.x.yupoo.com/albums/245506798?uid=1&isSubCate=false&referrercate=680717,https://photo.yupoo.com/minkang/57f3ee6a5f/square.jpg,16
La Liga,Real Madrid 26/27 Home Shorts S-XXL8,https://minkang.x.yupoo.com/albums/245505698?uid=1&isSubCate=false&referrercate=680717,https://photo.yupoo.com/minkang/a404d70b74/large.jpg,1
La Liga,Real Madrid 26/27 Home Shorts S-XXL8,https://minkang.x.yupoo.com/albums/245505698?uid=1&isSubCate=false&referrercate=680717,https://photo.yupoo.com/minkang/1ea3a81670/large.jpg,2
La Liga,Real Madrid 26/27 Home Shorts S-XXL8,https://minkang.x.yupoo.com/albums/245505698?uid=1&isSubCate=false&referrercate=680717,https://photo.yupoo.com/minkang/171dc8a4b8/large.jpg,3
La Liga,Real Madrid 26/27 Home Shorts S-XXL8,https://minkang.x.yupoo.com/albums/245505698?uid=1&isSubCate=false&referrercate=680717,https://photo.yupoo.com/minkang/feb4e48662/large.jpg,4
La Liga,Real Madrid 26/27 Home Shorts S-XXL8,https://minkang.x.yupoo.com/albums/245505698?uid=1&isSubCate=false&referrercate=680717,https://photo.yupoo.com/minkang/4cdcfb3076/large.jpg,5
La Liga,Real Madrid 26/27 Home Shorts S-XXL8,https://minkang.x.yupoo.com/albums/245505698?uid=1&isSubCate=false&referrercate=680717,https://photo.yupoo.com/minkang/9bdac0dde4/large.jpg,6
La Liga,Real Madrid 26/27 Home Shorts S-XXL8,https://minkang.x.yupoo.com/albums/245505698?uid=1&isSubCate=false&referrercate=680717,https://photo.yupoo.com/minkang/2009adcd6f/large.jpg,7
La Liga,Real Madrid 26/27 Home Shorts S-XXL8,https://minkang.x.yupoo.com/albums/245505698?uid=1&isSubCate=false&referrercate=680717,https://photo.yupoo.com/minkang/3ada596c9b/large.jpg,8
La Liga,Real Madrid 26/27 Home Shorts S-XXL8,https://minkang.x.yupoo.com/albums/245505698?uid=1&isSubCate=false&referrercate=680717,https://photo.yupoo.com/minkang/1ea3a81670/square.jpg,9
La Liga,Real Madrid 26/27 Home Shorts S-XXL8,https://minkang.x.yupoo.com/albums/245505698?uid=1&isSubCate=false&referrercate=680717,https://photo.yupoo.com/minkang/a404d70b74/square.jpg,10
La Liga,Real Madrid 26/27 Home Shorts S-XXL8,https://minkang.x.yupoo.com/albums/245505698?uid=1&isSubCate=false&referrercate=680717,https://photo.yupoo.com/minkang/171dc8a4b8/square.jpg,11
La Liga,Real Madrid 26/27 Home Shorts S-XXL8,https://minkang.x.yupoo.com/albums/245505698?uid=1&isSubCate=false&referrercate=680717,https://photo.yupoo.com/minkang/feb4e48662/square.jpg,12
La Liga,Real Madrid 26/27 Home Shorts S-XXL8,https://minkang.x.yupoo.com/albums/245505698?uid=1&isSubCate=false&referrercate=680717,https://photo.yupoo.com/minkang/4cdcfb3076/square.jpg,13
La Liga,Real Madrid 26/27 Home Shorts S-XXL8,https://minkang.x.yupoo.com/albums/245505698?uid=1&isSubCate=false&referrercate=680717,https://photo.yupoo.com/minkang/9bdac0dde4/square.jpg,14
La Liga,Real Madrid 26/27 Home Shorts S-XXL8,https://minkang.x.yupoo.com/albums/245505698?uid=1&isSubCate=false&referrercate=680717,https://photo.yupoo.com/minkang/2009adcd6f/square.jpg,15
La Liga,Real Madrid 26/27 Home Shorts S-XXL8,https://minkang.x.yupoo.com/albums/245505698?uid=1&isSubCate=false&referrercate=680717,https://photo.yupoo.com/minkang/3ada596c9b/square.jpg,16
La Liga,Atletico Madrid 26/27 Away Kids Kit Jersey Size：16-2811,https://minkang.x.yupoo.com/albums/245426492?uid=1&isSubCate=false&referrercate=680717,https://photo.yupoo.com/minkang/9b7903d4aa/large.jpg,1
La Liga,Atletico Madrid 26/27 Away Kids Kit Jersey Size：16-2811,https://minkang.x.yupoo.com/albums/245426492?uid=1&isSubCate=false&referrercate=680717,https://photo.yupoo.com/minkang/60a1ef40ca/large.jpg,2
La Liga,Atletico Madrid 26/27 Away Kids Kit Jersey Size：16-2811,https://minkang.x.yupoo.com/albums/245426492?uid=1&isSubCate=false&referrercate=680717,https://photo.yupoo.com/minkang/c0d09c2783/large.jpg,3
La Liga,Atletico Madrid 26/27 Away Kids Kit Jersey Size：16-2811,https://minkang.x.yupoo.com/albums/245426492?uid=1&isSubCate=false&referrercate=680717,https://photo.yupoo.com/minkang/17b92e6a93/large.jpg,4
La Liga,Atletico Madrid 26/27 Away Kids Kit Jersey Size：16-2811,https://minkang.x.yupoo.com/albums/245426492?uid=1&isSubCate=false&referrercate=680717,https://photo.yupoo.com/minkang/8ca628d79b/large.jpg,5
La Liga,Atletico Madrid 26/27 Away Kids Kit Jersey Size：16-2811,https://minkang.x.yupoo.com/albums/245426492?uid=1&isSubCate=false&referrercate=680717,https://photo.yupoo.com/minkang/90e9fbf101/large.jpg,6
La Liga,Atletico Madrid 26/27 Away Kids Kit Jersey Size：16-2811,https://minkang.x.yupoo.com/albums/245426492?uid=1&isSubCate=false&referrercate=680717,https://photo.yupoo.com/minkang/09122efdf2/large.jpg,7
La Liga,Atletico Madrid 26/27 Away Kids Kit Jersey Size：16-2811,https://minkang.x.yupoo.com/albums/245426492?uid=1&isSubCate=false&referrercate=680717,https://photo.yupoo.com/minkang/8b53d99f00/large.jpg,8
La Liga,Atletico Madrid 26/27 Away Kids Kit Jersey Size：16-2811,https://minkang.x.yupoo.com/albums/245426492?uid=1&isSubCate=false&referrercate=680717,https://photo.yupoo.com/minkang/0ece3fe721/large.jpg,9
La Liga,Atletico Madrid 26/27 Away Kids Kit Jersey Size：16-2811,https://minkang.x.yupoo.com/albums/245426492?uid=1&isSubCate=false&referrercate=680717,https://photo.yupoo.com/minkang/19d3d0aca1/large.jpg,10
La Liga,Atletico Madrid 26/27 Away Kids Kit Jersey Size：16-2811,https://minkang.x.yupoo.com/albums/245426492?uid=1&isSubCate=false&referrercate=680717,https://photo.yupoo.com/minkang/82acabf50c/large.jpg,11
La Liga,Atletico Madrid 26/27 Away Kids Kit Jersey Size：16-2811,https://minkang.x.yupoo.com/albums/245426492?uid=1&isSubCate=false&referrercate=680717,https://photo.yupoo.com/minkang/60a1ef40ca/square.jpg,12
La Liga,Atletico Madrid 26/27 Away Kids Kit Jersey Size：16-2811,https://minkang.x.yupoo.com/albums/245426492?uid=1&isSubCate=false&referrercate=680717,https://photo.yupoo.com/minkang/9b7903d4aa/square.jpg,13
La Liga,Atletico Madrid 26/27 Away Kids Kit Jersey Size：16-2811,https://minkang.x.yupoo.com/albums/245426492?uid=1&isSubCate=false&referrercate=680717,https://photo.yupoo.com/minkang/c0d09c2783/square.jpg,14
La Liga,Atletico Madrid 26/27 Away Kids Kit Jersey Size：16-2811,https://minkang.x.yupoo.com/albums/245426492?uid=1&isSubCate=false&referrercate=680717,https://photo.yupoo.com/minkang/17b92e6a93/square.jpg,15
La Liga,Atletico Madrid 26/27 Away Kids Kit Jersey Size：16-2811,https://minkang.x.yupoo.com/albums/245426492?uid=1&isSubCate=false&referrercate=680717,https://photo.yupoo.com/minkang/8ca628d79b/square.jpg,16
La Liga,Atletico Madrid 26/27 Away Kids Kit Jersey Size：16-2811,https://minkang.x.yupoo.com/albums/245426492?uid=1&isSubCate=false&referrercate=680717,https://photo.yupoo.com/minkang/90e9fbf101/square.jpg,17
La Liga,Atletico Madrid 26/27 Away Kids Kit Jersey Size：16-2811,https://minkang.x.yupoo.com/albums/245426492?uid=1&isSubCate=false&referrercate=680717,https://photo.yupoo.com/minkang/09122efdf2/square.jpg,18
La Liga,Atletico Madrid 26/27 Away Kids Kit Jersey Size：16-2811,https://minkang.x.yupoo.com/albums/245426492?uid=1&isSubCate=false&referrercate=680717,https://photo.yupoo.com/minkang/8b53d99f00/square.jpg,19
La Liga,Atletico Madrid 26/27 Away Kids Kit Jersey Size：16-2811,https://minkang.x.yupoo.com/albums/245426492?uid=1&isSubCate=false&referrercate=680717,https://photo.yupoo.com/minkang/0ece3fe721/square.jpg,20
La Liga,Atletico Madrid 26/27 Away Kids Kit Jersey Size：16-2811,https://minkang.x.yupoo.com/albums/245426492?uid=1&isSubCate=false&referrercate=680717,https://photo.yupoo.com/minkang/19d3d0aca1/square.jpg,21
La Liga,Atletico Madrid 26/27 Away Kids Kit Jersey Size：16-2811,https://minkang.x.yupoo.com/albums/245426492?uid=1&isSubCate=false&referrercate=680717,https://photo.yupoo.com/minkang/82acabf50c/square.jpg,22
La Liga,Real Betis 26/27 Home Kids Kit Jersey Size 16-2811,https://minkang.x.yupoo.com/albums/245427666?uid=1&isSubCate=false&referrercate=680717,https://photo.yupoo.com/minkang/98f7b3b2cc/large.jpg,1
La Liga,Real Betis 26/27 Home Kids Kit Jersey Size 16-2811,https://minkang.x.yupoo.com/albums/245427666?uid=1&isSubCate=false&referrercate=680717,https://photo.yupoo.com/minkang/f96d44c57f/large.jpg,2
La Liga,Real Betis 26/27 Home Kids Kit Jersey Size 16-2811,https://minkang.x.yupoo.com/albums/245427666?uid=1&isSubCate=false&referrercate=680717,https://photo.yupoo.com/minkang/c4cfb0905b/large.jpg,3
La Liga,Real Betis 26/27 Home Kids Kit Jersey Size 16-2811,https://minkang.x.yupoo.com/albums/245427666?uid=1&isSubCate=false&referrercate=680717,https://photo.yupoo.com/minkang/47ac9ad3ec/large.jpg,4
La Liga,Real Betis 26/27 Home Kids Kit Jersey Size 16-2811,https://minkang.x.yupoo.com/albums/245427666?uid=1&isSubCate=false&referrercate=680717,https://photo.yupoo.com/minkang/0a9bb78cda/large.jpg,5
La Liga,Real Betis 26/27 Home Kids Kit Jersey Size 16-2811,https://minkang.x.yupoo.com/albums/245427666?uid=1&isSubCate=false&referrercate=680717,https://photo.yupoo.com/minkang/54e470d8a5/large.jpg,6
La Liga,Real Betis 26/27 Home Kids Kit Jersey Size 16-2811,https://minkang.x.yupoo.com/albums/245427666?uid=1&isSubCate=false&referrercate=680717,https://photo.yupoo.com/minkang/fba5e4c7ce/large.jpg,7
La Liga,Real Betis 26/27 Home Kids Kit Jersey Size 16-2811,https://minkang.x.yupoo.com/albums/245427666?uid=1&isSubCate=false&referrercate=680717,https://photo.yupoo.com/minkang/8e4336dcee/large.jpg,8
La Liga,Real Betis 26/27 Home Kids Kit Jersey Size 16-2811,https://minkang.x.yupoo.com/albums/245427666?uid=1&isSubCate=false&referrercate=680717,https://photo.yupoo.com/minkang/8ff2ae5a1d/large.jpg,9
La Liga,Real Betis 26/27 Home Kids Kit Jersey Size 16-2811,https://minkang.x.yupoo.com/albums/245427666?uid=1&isSubCate=false&referrercate=680717,https://photo.yupoo.com/minkang/6690bf0cde/large.jpg,10
La Liga,Real Betis 26/27 Home Kids Kit Jersey Size 16-2811,https://minkang.x.yupoo.com/albums/245427666?uid=1&isSubCate=false&referrercate=680717,https://photo.yupoo.com/minkang/544e5b2a01/large.jpg,11
La Liga,Real Betis 26/27 Home Kids Kit Jersey Size 16-2811,https://minkang.x.yupoo.com/albums/245427666?uid=1&isSubCate=false&referrercate=680717,https://photo.yupoo.com/minkang/f96d44c57f/square.jpg,12
La Liga,Real Betis 26/27 Home Kids Kit Jersey Size 16-2811,https://minkang.x.yupoo.com/albums/245427666?uid=1&isSubCate=false&referrercate=680717,https://photo.yupoo.com/minkang/98f7b3b2cc/square.jpg,13
La Liga,Real Betis 26/27 Home Kids Kit Jersey Size 16-2811,https://minkang.x.yupoo.com/albums/245427666?uid=1&isSubCate=false&referrercate=680717,https://photo.yupoo.com/minkang/c4cfb0905b/square.jpg,14
La Liga,Real Betis 26/27 Home Kids Kit Jersey Size 16-2811,https://minkang.x.yupoo.com/albums/245427666?uid=1&isSubCate=false&referrercate=680717,https://photo.yupoo.com/minkang/47ac9ad3ec/square.jpg,15
La Liga,Real Betis 26/27 Home Kids Kit Jersey Size 16-2811,https://minkang.x.yupoo.com/albums/245427666?uid=1&isSubCate=false&referrercate=680717,https://photo.yupoo.com/minkang/0a9bb78cda/square.jpg,16
La Liga,Real Betis 26/27 Home Kids Kit Jersey Size 16-2811,https://minkang.x.yupoo.com/albums/245427666?uid=1&isSubCate=false&referrercate=680717,https://photo.yupoo.com/minkang/54e470d8a5/square.jpg,17
La Liga,Real Betis 26/27 Home Kids Kit Jersey Size 16-2811,https://minkang.x.yupoo.com/albums/245427666?uid=1&isSubCate=false&referrercate=680717,https://photo.yupoo.com/minkang/fba5e4c7ce/square.jpg,18
La Liga,Real Betis 26/27 Home Kids Kit Jersey Size 16-2811,https://minkang.x.yupoo.com/albums/245427666?uid=1&isSubCate=false&referrercate=680717,https://photo.yupoo.com/minkang/8e4336dcee/square.jpg,19
La Liga,Real Betis 26/27 Home Kids Kit Jersey Size 16-2811,https://minkang.x.yupoo.com/albums/245427666?uid=1&isSubCate=false&referrercate=680717,https://photo.yupoo.com/minkang/8ff2ae5a1d/square.jpg,20
La Liga,Real Betis 26/27 Home Kids Kit Jersey Size 16-2811,https://minkang.x.yupoo.com/albums/245427666?uid=1&isSubCate=false&referrercate=680717,https://photo.yupoo.com/minkang/6690bf0cde/square.jpg,21
La Liga,Real Betis 26/27 Home Kids Kit Jersey Size 16-2811,https://minkang.x.yupoo.com/albums/245427666?uid=1&isSubCate=false&referrercate=680717,https://photo.yupoo.com/minkang/544e5b2a01/square.jpg,22
La Liga,Athletic Bilbao 26/27 Home Kids Kit Jersey Size 16-2813,https://minkang.x.yupoo.com/albums/245427984?uid=1&isSubCate=false&referrercate=680717,https://photo.yupoo.com/minkang/61d3672e54/large.jpg,1
La Liga,Athletic Bilbao 26/27 Home Kids Kit Jersey Size 16-2813,https://minkang.x.yupoo.com/albums/245427984?uid=1&isSubCate=false&referrercate=680717,https://photo.yupoo.com/minkang/fc530078d4/large.jpg,2
La Liga,Athletic Bilbao 26/27 Home Kids Kit Jersey Size 16-2813,https://minkang.x.yupoo.com/albums/245427984?uid=1&isSubCate=false&referrercate=680717,https://photo.yupoo.com/minkang/a478183214/large.jpg,3
La Liga,Athletic Bilbao 26/27 Home Kids Kit Jersey Size 16-2813,https://minkang.x.yupoo.com/albums/245427984?uid=1&isSubCate=false&referrercate=680717,https://photo.yupoo.com/minkang/6725d13e4d/large.jpg,4
La Liga,Athletic Bilbao 26/27 Home Kids Kit Jersey Size 16-2813,https://minkang.x.yupoo.com/albums/245427984?uid=1&isSubCate=false&referrercate=680717,https://photo.yupoo.com/minkang/a53cf44a70/large.jpg,5
La Liga,Athletic Bilbao 26/27 Home Kids Kit Jersey Size 16-2813,https://minkang.x.yupoo.com/albums/245427984?uid=1&isSubCate=false&referrercate=680717,https://photo.yupoo.com/minkang/e6a446a1a0/large.jpg,6
La Liga,Athletic Bilbao 26/27 Home Kids Kit Jersey Size 16-2813,https://minkang.x.yupoo.com/albums/245427984?uid=1&isSubCate=false&referrercate=680717,https://photo.yupoo.com/minkang/5567762f72/large.jpg,7
La Liga,Athletic Bilbao 26/27 Home Kids Kit Jersey Size 16-2813,https://minkang.x.yupoo.com/albums/245427984?uid=1&isSubCate=false&referrercate=680717,https://photo.yupoo.com/minkang/2a82787e8b/large.jpg,8
La Liga,Athletic Bilbao 26/27 Home Kids Kit Jersey Size 16-2813,https://minkang.x.yupoo.com/albums/245427984?uid=1&isSubCate=false&referrercate=680717,https://photo.yupoo.com/minkang/c6b5fca5eb/large.jpg,9
La Liga,Athletic Bilbao 26/27 Home Kids Kit Jersey Size 16-2813,https://minkang.x.yupoo.com/albums/245427984?uid=1&isSubCate=false&referrercate=680717,https://photo.yupoo.com/minkang/cb14e68603/large.jpg,10
La Liga,Athletic Bilbao 26/27 Home Kids Kit Jersey Size 16-2813,https://minkang.x.yupoo.com/albums/245427984?uid=1&isSubCate=false&referrercate=680717,https://photo.yupoo.com/minkang/8793cd4ad9/large.jpg,11
La Liga,Athletic Bilbao 26/27 Home Kids Kit Jersey Size 16-2813,https://minkang.x.yupoo.com/albums/245427984?uid=1&isSubCate=false&referrercate=680717,https://photo.yupoo.com/minkang/f815ae99fe/large.jpg,12
La Liga,Athletic Bilbao 26/27 Home Kids Kit Jersey Size 16-2813,https://minkang.x.yupoo.com/albums/245427984?uid=1&isSubCate=false&referrercate=680717,https://photo.yupoo.com/minkang/d1113bd970/large.jpg,13
La Liga,Athletic Bilbao 26/27 Home Kids Kit Jersey Size 16-2813,https://minkang.x.yupoo.com/albums/245427984?uid=1&isSubCate=false&referrercate=680717,https://photo.yupoo.com/minkang/fc530078d4/square.jpg,14
La Liga,Athletic Bilbao 26/27 Home Kids Kit Jersey Size 16-2813,https://minkang.x.yupoo.com/albums/245427984?uid=1&isSubCate=false&referrercate=680717,https://photo.yupoo.com/minkang/61d3672e54/square.jpg,15
La Liga,Athletic Bilbao 26/27 Home Kids Kit Jersey Size 16-2813,https://minkang.x.yupoo.com/albums/245427984?uid=1&isSubCate=false&referrercate=680717,https://photo.yupoo.com/minkang/a478183214/square.jpg,16
La Liga,Athletic Bilbao 26/27 Home Kids Kit Jersey Size 16-2813,https://minkang.x.yupoo.com/albums/245427984?uid=1&isSubCate=false&referrercate=680717,https://photo.yupoo.com/minkang/6725d13e4d/square.jpg,17
La Liga,Athletic Bilbao 26/27 Home Kids Kit Jersey Size 16-2813,https://minkang.x.yupoo.com/albums/245427984?uid=1&isSubCate=false&referrercate=680717,https://photo.yupoo.com/minkang/a53cf44a70/square.jpg,18
La Liga,Athletic Bilbao 26/27 Home Kids Kit Jersey Size 16-2813,https://minkang.x.yupoo.com/albums/245427984?uid=1&isSubCate=false&referrercate=680717,https://photo.yupoo.com/minkang/e6a446a1a0/square.jpg,19
La Liga,Athletic Bilbao 26/27 Home Kids Kit Jersey Size 16-2813,https://minkang.x.yupoo.com/albums/245427984?uid=1&isSubCate=false&referrercate=680717,https://photo.yupoo.com/minkang/5567762f72/square.jpg,20
La Liga,Athletic Bilbao 26/27 Home Kids Kit Jersey Size 16-2813,https://minkang.x.yupoo.com/albums/245427984?uid=1&isSubCate=false&referrercate=680717,https://photo.yupoo.com/minkang/2a82787e8b/square.jpg,21
La Liga,Athletic Bilbao 26/27 Home Kids Kit Jersey Size 16-2813,https://minkang.x.yupoo.com/albums/245427984?uid=1&isSubCate=false&referrercate=680717,https://photo.yupoo.com/minkang/c6b5fca5eb/square.jpg,22
La Liga,Athletic Bilbao 26/27 Home Kids Kit Jersey Size 16-2813,https://minkang.x.yupoo.com/albums/245427984?uid=1&isSubCate=false&referrercate=680717,https://photo.yupoo.com/minkang/cb14e68603/square.jpg,23
La Liga,Athletic Bilbao 26/27 Home Kids Kit Jersey Size 16-2813,https://minkang.x.yupoo.com/albums/245427984?uid=1&isSubCate=false&referrercate=680717,https://photo.yupoo.com/minkang/8793cd4ad9/square.jpg,24
La Liga,Athletic Bilbao 26/27 Home Kids Kit Jersey Size 16-2813,https://minkang.x.yupoo.com/albums/245427984?uid=1&isSubCate=false&referrercate=680717,https://photo.yupoo.com/minkang/f815ae99fe/square.jpg,25
La Liga,Athletic Bilbao 26/27 Home Kids Kit Jersey Size 16-2813,https://minkang.x.yupoo.com/albums/245427984?uid=1&isSubCate=false&referrercate=680717,https://photo.yupoo.com/minkang/d1113bd970/square.jpg,26
La Liga,Real Madrid 26/27 Home Player Version Long Sleeved Jersey S-3XL9,https://minkang.x.yupoo.com/albums/245423929?uid=1&isSubCate=false&referrercate=680717,https://photo.yupoo.com/minkang/71627a9379/large.jpg,1
La Liga,Real Madrid 26/27 Home Player Version Long Sleeved Jersey S-3XL9,https://minkang.x.yupoo.com/albums/245423929?uid=1&isSubCate=false&referrercate=680717,https://photo.yupoo.com/minkang/3529c8e97f/large.jpg,2
La Liga,Real Madrid 26/27 Home Player Version Long Sleeved Jersey S-3XL9,https://minkang.x.yupoo.com/albums/245423929?uid=1&isSubCate=false&referrercate=680717,https://photo.yupoo.com/minkang/5c44c3885c/large.jpg,3
La Liga,Real Madrid 26/27 Home Player Version Long Sleeved Jersey S-3XL9,https://minkang.x.yupoo.com/albums/245423929?uid=1&isSubCate=false&referrercate=680717,https://photo.yupoo.com/minkang/144ab5d222/large.jpg,4
La Liga,Real Madrid 26/27 Home Player Version Long Sleeved Jersey S-3XL9,https://minkang.x.yupoo.com/albums/245423929?uid=1&isSubCate=false&referrercate=680717,https://photo.yupoo.com/minkang/6b58d05c1f/large.jpg,5
La Liga,Real Madrid 26/27 Home Player Version Long Sleeved Jersey S-3XL9,https://minkang.x.yupoo.com/albums/245423929?uid=1&isSubCate=false&referrercate=680717,https://photo.yupoo.com/minkang/78979f79b7/large.jpg,6
La Liga,Real Madrid 26/27 Home Player Version Long Sleeved Jersey S-3XL9,https://minkang.x.yupoo.com/albums/245423929?uid=1&isSubCate=false&referrercate=680717,https://photo.yupoo.com/minkang/3a5cfcef3c/large.jpg,7
La Liga,Real Madrid 26/27 Home Player Version Long Sleeved Jersey S-3XL9,https://minkang.x.yupoo.com/albums/245423929?uid=1&isSubCate=false&referrercate=680717,https://photo.yupoo.com/minkang/15aa87bd04/large.jpg,8
La Liga,Real Madrid 26/27 Home Player Version Long Sleeved Jersey S-3XL9,https://minkang.x.yupoo.com/albums/245423929?uid=1&isSubCate=false&referrercate=680717,https://photo.yupoo.com/minkang/b48031c413/large.jpg,9
La Liga,Real Madrid 26/27 Home Player Version Long Sleeved Jersey S-3XL9,https://minkang.x.yupoo.com/albums/245423929?uid=1&isSubCate=false&referrercate=680717,https://photo.yupoo.com/minkang/3529c8e97f/square.jpg,10
La Liga,Real Madrid 26/27 Home Player Version Long Sleeved Jersey S-3XL9,https://minkang.x.yupoo.com/albums/245423929?uid=1&isSubCate=false&referrercate=680717,https://photo.yupoo.com/minkang/71627a9379/square.jpg,11
La Liga,Real Madrid 26/27 Home Player Version Long Sleeved Jersey S-3XL9,https://minkang.x.yupoo.com/albums/245423929?uid=1&isSubCate=false&referrercate=680717,https://photo.yupoo.com/minkang/5c44c3885c/square.jpg,12
La Liga,Real Madrid 26/27 Home Player Version Long Sleeved Jersey S-3XL9,https://minkang.x.yupoo.com/albums/245423929?uid=1&isSubCate=false&referrercate=680717,https://photo.yupoo.com/minkang/144ab5d222/square.jpg,13
La Liga,Real Madrid 26/27 Home Player Version Long Sleeved Jersey S-3XL9,https://minkang.x.yupoo.com/albums/245423929?uid=1&isSubCate=false&referrercate=680717,https://photo.yupoo.com/minkang/6b58d05c1f/square.jpg,14
La Liga,Real Madrid 26/27 Home Player Version Long Sleeved Jersey S-3XL9,https://minkang.x.yupoo.com/albums/245423929?uid=1&isSubCate=false&referrercate=680717,https://photo.yupoo.com/minkang/78979f79b7/square.jpg,15
La Liga,Real Madrid 26/27 Home Player Version Long Sleeved Jersey S-3XL9,https://minkang.x.yupoo.com/albums/245423929?uid=1&isSubCate=false&referrercate=680717,https://photo.yupoo.com/minkang/3a5cfcef3c/square.jpg,16
La Liga,Real Madrid 26/27 Home Player Version Long Sleeved Jersey S-3XL9,https://minkang.x.yupoo.com/albums/245423929?uid=1&isSubCate=false&referrercate=680717,https://photo.yupoo.com/minkang/15aa87bd04/square.jpg,17
La Liga,Real Madrid 26/27 Home Player Version Long Sleeved Jersey S-3XL9,https://minkang.x.yupoo.com/albums/245423929?uid=1&isSubCate=false&referrercate=680717,https://photo.yupoo.com/minkang/b48031c413/square.jpg,18
La Liga,Real Madrid 125th Anniversary Player Version Jersey S-3XL9,https://minkang.x.yupoo.com/albums/244883702?uid=1&isSubCate=false&referrercate=680717,https://photo.yupoo.com/minkang/c3c278cb2b/large.jpg,1
La Liga,Real Madrid 125th Anniversary Player Version Jersey S-3XL9,https://minkang.x.yupoo.com/albums/244883702?uid=1&isSubCate=false&referrercate=680717,https://photo.yupoo.com/minkang/646d30f3f8/large.jpg,2
La Liga,Real Madrid 125th Anniversary Player Version Jersey S-3XL9,https://minkang.x.yupoo.com/albums/244883702?uid=1&isSubCate=false&referrercate=680717,https://photo.yupoo.com/minkang/7474d9e749/large.jpg,3
La Liga,Real Madrid 125th Anniversary Player Version Jersey S-3XL9,https://minkang.x.yupoo.com/albums/244883702?uid=1&isSubCate=false&referrercate=680717,https://photo.yupoo.com/minkang/72be0e26cf/large.jpg,4
La Liga,Real Madrid 125th Anniversary Player Version Jersey S-3XL9,https://minkang.x.yupoo.com/albums/244883702?uid=1&isSubCate=false&referrercate=680717,https://photo.yupoo.com/minkang/ad34427fc7/large.jpg,5
La Liga,Real Madrid 125th Anniversary Player Version Jersey S-3XL9,https://minkang.x.yupoo.com/albums/244883702?uid=1&isSubCate=false&referrercate=680717,https://photo.yupoo.com/minkang/e717f88336/large.jpg,6
La Liga,Real Madrid 125th Anniversary Player Version Jersey S-3XL9,https://minkang.x.yupoo.com/albums/244883702?uid=1&isSubCate=false&referrercate=680717,https://photo.yupoo.com/minkang/8ebb4a4183/large.jpg,7
La Liga,Real Madrid 125th Anniversary Player Version Jersey S-3XL9,https://minkang.x.yupoo.com/albums/244883702?uid=1&isSubCate=false&referrercate=680717,https://photo.yupoo.com/minkang/86ae9aa696/large.jpg,8
La Liga,Real Madrid 125th Anniversary Player Version Jersey S-3XL9,https://minkang.x.yupoo.com/albums/244883702?uid=1&isSubCate=false&referrercate=680717,https://photo.yupoo.com/minkang/0104338afa/large.jpg,9
La Liga,Real Madrid 125th Anniversary Player Version Jersey S-3XL9,https://minkang.x.yupoo.com/albums/244883702?uid=1&isSubCate=false&referrercate=680717,https://photo.yupoo.com/minkang/646d30f3f8/square.jpg,10
La Liga,Real Madrid 125th Anniversary Player Version Jersey S-3XL9,https://minkang.x.yupoo.com/albums/244883702?uid=1&isSubCate=false&referrercate=680717,https://photo.yupoo.com/minkang/c3c278cb2b/square.jpg,11
La Liga,Real Madrid 125th Anniversary Player Version Jersey S-3XL9,https://minkang.x.yupoo.com/albums/244883702?uid=1&isSubCate=false&referrercate=680717,https://photo.yupoo.com/minkang/7474d9e749/square.jpg,12
La Liga,Real Madrid 125th Anniversary Player Version Jersey S-3XL9,https://minkang.x.yupoo.com/albums/244883702?uid=1&isSubCate=false&referrercate=680717,https://photo.yupoo.com/minkang/72be0e26cf/square.jpg,13
La Liga,Real Madrid 125th Anniversary Player Version Jersey S-3XL9,https://minkang.x.yupoo.com/albums/244883702?uid=1&isSubCate=false&referrercate=680717,https://photo.yupoo.com/minkang/ad34427fc7/square.jpg,14
La Liga,Real Madrid 125th Anniversary Player Version Jersey S-3XL9,https://minkang.x.yupoo.com/albums/244883702?uid=1&isSubCate=false&referrercate=680717,https://photo.yupoo.com/minkang/e717f88336/square.jpg,15
La Liga,Real Madrid 125th Anniversary Player Version Jersey S-3XL9,https://minkang.x.yupoo.com/albums/244883702?uid=1&isSubCate=false&referrercate=680717,https://photo.yupoo.com/minkang/8ebb4a4183/square.jpg,16
La Liga,Real Madrid 125th Anniversary Player Version Jersey S-3XL9,https://minkang.x.yupoo.com/albums/244883702?uid=1&isSubCate=false&referrercate=680717,https://photo.yupoo.com/minkang/86ae9aa696/square.jpg,17
La Liga,Real Madrid 125th Anniversary Player Version Jersey S-3XL9,https://minkang.x.yupoo.com/albums/244883702?uid=1&isSubCate=false&referrercate=680717,https://photo.yupoo.com/minkang/0104338afa/square.jpg,18
La Liga,Barcelona 26/27 Special Edition Player Version Jersey - White S-3XL7,https://minkang.x.yupoo.com/albums/244865491?uid=1&isSubCate=false&referrercate=680717,https://photo.yupoo.com/minkang/64a25f68b4/large.jpg,1
La Liga,Barcelona 26/27 Special Edition Player Version Jersey - White S-3XL7,https://minkang.x.yupoo.com/albums/244865491?uid=1&isSubCate=false&referrercate=680717,https://photo.yupoo.com/minkang/e41a608db0/large.jpg,2
La Liga,Barcelona 26/27 Special Edition Player Version Jersey - White S-3XL7,https://minkang.x.yupoo.com/albums/244865491?uid=1&isSubCate=false&referrercate=680717,https://photo.yupoo.com/minkang/6cf771ca3d/large.jpg,3
La Liga,Barcelona 26/27 Special Edition Player Version Jersey - White S-3XL7,https://minkang.x.yupoo.com/albums/244865491?uid=1&isSubCate=false&referrercate=680717,https://photo.yupoo.com/minkang/9d768d7ddc/large.jpg,4
La Liga,Barcelona 26/27 Special Edition Player Version Jersey - White S-3XL7,https://minkang.x.yupoo.com/albums/244865491?uid=1&isSubCate=false&referrercate=680717,https://photo.yupoo.com/minkang/dbe4a4e086/large.jpg,5
La Liga,Barcelona 26/27 Special Edition Player Version Jersey - White S-3XL7,https://minkang.x.yupoo.com/albums/244865491?uid=1&isSubCate=false&referrercate=680717,https://photo.yupoo.com/minkang/9bf6328ce1/large.jpg,6
La Liga,Barcelona 26/27 Special Edition Player Version Jersey - White S-3XL7,https://minkang.x.yupoo.com/albums/244865491?uid=1&isSubCate=false&referrercate=680717,https://photo.yupoo.com/minkang/62c7ac4e10/large.jpg,7
La Liga,Barcelona 26/27 Special Edition Player Version Jersey - White S-3XL7,https://minkang.x.yupoo.com/albums/244865491?uid=1&isSubCate=false&referrercate=680717,https://photo.yupoo.com/minkang/e41a608db0/square.jpg,8
La Liga,Barcelona 26/27 Special Edition Player Version Jersey - White S-3XL7,https://minkang.x.yupoo.com/albums/244865491?uid=1&isSubCate=false&referrercate=680717,https://photo.yupoo.com/minkang/64a25f68b4/square.jpg,9
La Liga,Barcelona 26/27 Special Edition Player Version Jersey - White S-3XL7,https://minkang.x.yupoo.com/albums/244865491?uid=1&isSubCate=false&referrercate=680717,https://photo.yupoo.com/minkang/6cf771ca3d/square.jpg,10
La Liga,Barcelona 26/27 Special Edition Player Version Jersey - White S-3XL7,https://minkang.x.yupoo.com/albums/244865491?uid=1&isSubCate=false&referrercate=680717,https://photo.yupoo.com/minkang/9d768d7ddc/square.jpg,11
La Liga,Barcelona 26/27 Special Edition Player Version Jersey - White S-3XL7,https://minkang.x.yupoo.com/albums/244865491?uid=1&isSubCate=false&referrercate=680717,https://photo.yupoo.com/minkang/dbe4a4e086/square.jpg,12
La Liga,Barcelona 26/27 Special Edition Player Version Jersey - White S-3XL7,https://minkang.x.yupoo.com/albums/244865491?uid=1&isSubCate=false&referrercate=680717,https://photo.yupoo.com/minkang/9bf6328ce1/square.jpg,13
La Liga,Barcelona 26/27 Special Edition Player Version Jersey - White S-3XL7,https://minkang.x.yupoo.com/albums/244865491?uid=1&isSubCate=false&referrercate=680717,https://photo.yupoo.com/minkang/62c7ac4e10/square.jpg,14
La Liga,Real Betis 26/27 Home Jersey S-4XL8,https://minkang.x.yupoo.com/albums/244623833?uid=1&isSubCate=false&referrercate=680717,https://photo.yupoo.com/minkang/b3413fc624/large.jpg,1
La Liga,Real Betis 26/27 Home Jersey S-4XL8,https://minkang.x.yupoo.com/albums/244623833?uid=1&isSubCate=false&referrercate=680717,https://photo.yupoo.com/minkang/1393507580/large.jpg,2
La Liga,Real Betis 26/27 Home Jersey S-4XL8,https://minkang.x.yupoo.com/albums/244623833?uid=1&isSubCate=false&referrercate=680717,https://photo.yupoo.com/minkang/30d5f4f610/large.jpg,3
La Liga,Real Betis 26/27 Home Jersey S-4XL8,https://minkang.x.yupoo.com/albums/244623833?uid=1&isSubCate=false&referrercate=680717,https://photo.yupoo.com/minkang/3266b514c7/large.jpg,4
La Liga,Real Betis 26/27 Home Jersey S-4XL8,https://minkang.x.yupoo.com/albums/244623833?uid=1&isSubCate=false&referrercate=680717,https://photo.yupoo.com/minkang/774f31210f/large.jpg,5
La Liga,Real Betis 26/27 Home Jersey S-4XL8,https://minkang.x.yupoo.com/albums/244623833?uid=1&isSubCate=false&referrercate=680717,https://photo.yupoo.com/minkang/f407194cc6/large.jpg,6
La Liga,Real Betis 26/27 Home Jersey S-4XL8,https://minkang.x.yupoo.com/albums/244623833?uid=1&isSubCate=false&referrercate=680717,https://photo.yupoo.com/minkang/586c45dde7/large.jpg,7
La Liga,Real Betis 26/27 Home Jersey S-4XL8,https://minkang.x.yupoo.com/albums/244623833?uid=1&isSubCate=false&referrercate=680717,https://photo.yupoo.com/minkang/f4b2b4a08e/large.jpg,8
La Liga,Real Betis 26/27 Home Jersey S-4XL8,https://minkang.x.yupoo.com/albums/244623833?uid=1&isSubCate=false&referrercate=680717,https://photo.yupoo.com/minkang/1393507580/square.jpg,9
La Liga,Real Betis 26/27 Home Jersey S-4XL8,https://minkang.x.yupoo.com/albums/244623833?uid=1&isSubCate=false&referrercate=680717,https://photo.yupoo.com/minkang/b3413fc624/square.jpg,10
La Liga,Real Betis 26/27 Home Jersey S-4XL8,https://minkang.x.yupoo.com/albums/244623833?uid=1&isSubCate=false&referrercate=680717,https://photo.yupoo.com/minkang/30d5f4f610/square.jpg,11
La Liga,Real Betis 26/27 Home Jersey S-4XL8,https://minkang.x.yupoo.com/albums/244623833?uid=1&isSubCate=false&referrercate=680717,https://photo.yupoo.com/minkang/3266b514c7/square.jpg,12
La Liga,Real Betis 26/27 Home Jersey S-4XL8,https://minkang.x.yupoo.com/albums/244623833?uid=1&isSubCate=false&referrercate=680717,https://photo.yupoo.com/minkang/774f31210f/square.jpg,13
La Liga,Real Betis 26/27 Home Jersey S-4XL8,https://minkang.x.yupoo.com/albums/244623833?uid=1&isSubCate=false&referrercate=680717,https://photo.yupoo.com/minkang/f407194cc6/square.jpg,14
La Liga,Real Betis 26/27 Home Jersey S-4XL8,https://minkang.x.yupoo.com/albums/244623833?uid=1&isSubCate=false&referrercate=680717,https://photo.yupoo.com/minkang/586c45dde7/square.jpg,15
La Liga,Real Betis 26/27 Home Jersey S-4XL8,https://minkang.x.yupoo.com/albums/244623833?uid=1&isSubCate=false&referrercate=680717,https://photo.yupoo.com/minkang/f4b2b4a08e/square.jpg,16
La Liga,Malaga 26/27 Home Jersey S-4XL9,https://minkang.x.yupoo.com/albums/244523977?uid=1&isSubCate=false&referrercate=680717,https://photo.yupoo.com/minkang/708a75808a/large.jpg,1
La Liga,Malaga 26/27 Home Jersey S-4XL9,https://minkang.x.yupoo.com/albums/244523977?uid=1&isSubCate=false&referrercate=680717,https://photo.yupoo.com/minkang/d2325a73d4/large.jpg,2
La Liga,Malaga 26/27 Home Jersey S-4XL9,https://minkang.x.yupoo.com/albums/244523977?uid=1&isSubCate=false&referrercate=680717,https://photo.yupoo.com/minkang/51f3ba614e/large.jpg,3
La Liga,Malaga 26/27 Home Jersey S-4XL9,https://minkang.x.yupoo.com/albums/244523977?uid=1&isSubCate=false&referrercate=680717,https://photo.yupoo.com/minkang/83f9fc27ba/large.jpg,4
La Liga,Malaga 26/27 Home Jersey S-4XL9,https://minkang.x.yupoo.com/albums/244523977?uid=1&isSubCate=false&referrercate=680717,https://photo.yupoo.com/minkang/aa04066184/large.jpg,5
La Liga,Malaga 26/27 Home Jersey S-4XL9,https://minkang.x.yupoo.com/albums/244523977?uid=1&isSubCate=false&referrercate=680717,https://photo.yupoo.com/minkang/135fe5acfa/large.jpg,6
La Liga,Malaga 26/27 Home Jersey S-4XL9,https://minkang.x.yupoo.com/albums/244523977?uid=1&isSubCate=false&referrercate=680717,https://photo.yupoo.com/minkang/8854f292fc/large.jpg,7
La Liga,Malaga 26/27 Home Jersey S-4XL9,https://minkang.x.yupoo.com/albums/244523977?uid=1&isSubCate=false&referrercate=680717,https://photo.yupoo.com/minkang/93722eeab3/large.jpg,8
La Liga,Malaga 26/27 Home Jersey S-4XL9,https://minkang.x.yupoo.com/albums/244523977?uid=1&isSubCate=false&referrercate=680717,https://photo.yupoo.com/minkang/eda6713a58/large.jpg,9
La Liga,Malaga 26/27 Home Jersey S-4XL9,https://minkang.x.yupoo.com/albums/244523977?uid=1&isSubCate=false&referrercate=680717,https://photo.yupoo.com/minkang/d2325a73d4/square.jpg,10
La Liga,Malaga 26/27 Home Jersey S-4XL9,https://minkang.x.yupoo.com/albums/244523977?uid=1&isSubCate=false&referrercate=680717,https://photo.yupoo.com/minkang/708a75808a/square.jpg,11
La Liga,Malaga 26/27 Home Jersey S-4XL9,https://minkang.x.yupoo.com/albums/244523977?uid=1&isSubCate=false&referrercate=680717,https://photo.yupoo.com/minkang/51f3ba614e/square.jpg,12
La Liga,Malaga 26/27 Home Jersey S-4XL9,https://minkang.x.yupoo.com/albums/244523977?uid=1&isSubCate=false&referrercate=680717,https://photo.yupoo.com/minkang/83f9fc27ba/square.jpg,13
La Liga,Malaga 26/27 Home Jersey S-4XL9,https://minkang.x.yupoo.com/albums/244523977?uid=1&isSubCate=false&referrercate=680717,https://photo.yupoo.com/minkang/aa04066184/square.jpg,14
La Liga,Malaga 26/27 Home Jersey S-4XL9,https://minkang.x.yupoo.com/albums/244523977?uid=1&isSubCate=false&referrercate=680717,https://photo.yupoo.com/minkang/135fe5acfa/square.jpg,15
La Liga,Malaga 26/27 Home Jersey S-4XL9,https://minkang.x.yupoo.com/albums/244523977?uid=1&isSubCate=false&referrercate=680717,https://photo.yupoo.com/minkang/8854f292fc/square.jpg,16
La Liga,Malaga 26/27 Home Jersey S-4XL9,https://minkang.x.yupoo.com/albums/244523977?uid=1&isSubCate=false&referrercate=680717,https://photo.yupoo.com/minkang/93722eeab3/square.jpg,17
La Liga,Malaga 26/27 Home Jersey S-4XL9,https://minkang.x.yupoo.com/albums/244523977?uid=1&isSubCate=false&referrercate=680717,https://photo.yupoo.com/minkang/eda6713a58/square.jpg,18
La Liga,Deportivo La Coruna X Bebet Pompeii Retro Style Jersey S-4XL6,https://minkang.x.yupoo.com/albums/244522506?uid=1&isSubCate=false&referrercate=680717,https://photo.yupoo.com/minkang/3a251ac747/large.jpg,1
La Liga,Deportivo La Coruna X Bebet Pompeii Retro Style Jersey S-4XL6,https://minkang.x.yupoo.com/albums/244522506?uid=1&isSubCate=false&referrercate=680717,https://photo.yupoo.com/minkang/17df25008c/large.jpg,2
La Liga,Deportivo La Coruna X Bebet Pompeii Retro Style Jersey S-4XL6,https://minkang.x.yupoo.com/albums/244522506?uid=1&isSubCate=false&referrercate=680717,https://photo.yupoo.com/minkang/69c81134a4/large.jpg,3
La Liga,Deportivo La Coruna X Bebet Pompeii Retro Style Jersey S-4XL6,https://minkang.x.yupoo.com/albums/244522506?uid=1&isSubCate=false&referrercate=680717,https://photo.yupoo.com/minkang/d0360175b2/large.jpg,4
La Liga,Deportivo La Coruna X Bebet Pompeii Retro Style Jersey S-4XL6,https://minkang.x.yupoo.com/albums/244522506?uid=1&isSubCate=false&referrercate=680717,https://photo.yupoo.com/minkang/cf72aaef93/large.jpg,5
La Liga,Deportivo La Coruna X Bebet Pompeii Retro Style Jersey S-4XL6,https://minkang.x.yupoo.com/albums/244522506?uid=1&isSubCate=false&referrercate=680717,https://photo.yupoo.com/minkang/e965f45174/large.jpg,6
La Liga,Deportivo La Coruna X Bebet Pompeii Retro Style Jersey S-4XL6,https://minkang.x.yupoo.com/albums/244522506?uid=1&isSubCate=false&referrercate=680717,https://photo.yupoo.com/minkang/17df25008c/square.jpg,7
La Liga,Deportivo La Coruna X Bebet Pompeii Retro Style Jersey S-4XL6,https://minkang.x.yupoo.com/albums/244522506?uid=1&isSubCate=false&referrercate=680717,https://photo.yupoo.com/minkang/3a251ac747/square.jpg,8
La Liga,Deportivo La Coruna X Bebet Pompeii Retro Style Jersey S-4XL6,https://minkang.x.yupoo.com/albums/244522506?uid=1&isSubCate=false&referrercate=680717,https://photo.yupoo.com/minkang/69c81134a4/square.jpg,9
La Liga,Deportivo La Coruna X Bebet Pompeii Retro Style Jersey S-4XL6,https://minkang.x.yupoo.com/albums/244522506?uid=1&isSubCate=false&referrercate=680717,https://photo.yupoo.com/minkang/d0360175b2/square.jpg,10
La Liga,Deportivo La Coruna X Bebet Pompeii Retro Style Jersey S-4XL6,https://minkang.x.yupoo.com/albums/244522506?uid=1&isSubCate=false&referrercate=680717,https://photo.yupoo.com/minkang/cf72aaef93/square.jpg,11
La Liga,Deportivo La Coruna X Bebet Pompeii Retro Style Jersey S-4XL6,https://minkang.x.yupoo.com/albums/244522506?uid=1&isSubCate=false&referrercate=680717,https://photo.yupoo.com/minkang/e965f45174/square.jpg,12
La Liga,Barcelona 26/27 Third Away Jersey S-4XL8,https://minkang.x.yupoo.com/albums/244521615?uid=1&isSubCate=false&referrercate=680717,https://photo.yupoo.com/minkang/b20acc00c0/large.jpg,1
La Liga,Barcelona 26/27 Third Away Jersey S-4XL8,https://minkang.x.yupoo.com/albums/244521615?uid=1&isSubCate=false&referrercate=680717,https://photo.yupoo.com/minkang/33f0a012f9/large.jpg,2
La Liga,Barcelona 26/27 Third Away Jersey S-4XL8,https://minkang.x.yupoo.com/albums/244521615?uid=1&isSubCate=false&referrercate=680717,https://photo.yupoo.com/minkang/3227018dc8/large.jpg,3
La Liga,Barcelona 26/27 Third Away Jersey S-4XL8,https://minkang.x.yupoo.com/albums/244521615?uid=1&isSubCate=false&referrercate=680717,https://photo.yupoo.com/minkang/8ad4385a8a/large.jpg,4
La Liga,Barcelona 26/27 Third Away Jersey S-4XL8,https://minkang.x.yupoo.com/albums/244521615?uid=1&isSubCate=false&referrercate=680717,https://photo.yupoo.com/minkang/0d24059769/large.jpg,5
La Liga,Barcelona 26/27 Third Away Jersey S-4XL8,https://minkang.x.yupoo.com/albums/244521615?uid=1&isSubCate=false&referrercate=680717,https://photo.yupoo.com/minkang/5c711619d0/large.jpg,6
La Liga,Barcelona 26/27 Third Away Jersey S-4XL8,https://minkang.x.yupoo.com/albums/244521615?uid=1&isSubCate=false&referrercate=680717,https://photo.yupoo.com/minkang/23ab9997a2/large.jpg,7
La Liga,Barcelona 26/27 Third Away Jersey S-4XL8,https://minkang.x.yupoo.com/albums/244521615?uid=1&isSubCate=false&referrercate=680717,https://photo.yupoo.com/minkang/f81e141d48/large.jpg,8
La Liga,Barcelona 26/27 Third Away Jersey S-4XL8,https://minkang.x.yupoo.com/albums/244521615?uid=1&isSubCate=false&referrercate=680717,https://photo.yupoo.com/minkang/33f0a012f9/square.jpg,9
La Liga,Barcelona 26/27 Third Away Jersey S-4XL8,https://minkang.x.yupoo.com/albums/244521615?uid=1&isSubCate=false&referrercate=680717,https://photo.yupoo.com/minkang/b20acc00c0/square.jpg,10
La Liga,Barcelona 26/27 Third Away Jersey S-4XL8,https://minkang.x.yupoo.com/albums/244521615?uid=1&isSubCate=false&referrercate=680717,https://photo.yupoo.com/minkang/3227018dc8/square.jpg,11
La Liga,Barcelona 26/27 Third Away Jersey S-4XL8,https://minkang.x.yupoo.com/albums/244521615?uid=1&isSubCate=false&referrercate=680717,https://photo.yupoo.com/minkang/8ad4385a8a/square.jpg,12
La Liga,Barcelona 26/27 Third Away Jersey S-4XL8,https://minkang.x.yupoo.com/albums/244521615?uid=1&isSubCate=false&referrercate=680717,https://photo.yupoo.com/minkang/0d24059769/square.jpg,13
La Liga,Barcelona 26/27 Third Away Jersey S-4XL8,https://minkang.x.yupoo.com/albums/244521615?uid=1&isSubCate=false&referrercate=680717,https://photo.yupoo.com/minkang/5c711619d0/square.jpg,14
La Liga,Barcelona 26/27 Third Away Jersey S-4XL8,https://minkang.x.yupoo.com/albums/244521615?uid=1&isSubCate=false&referrercate=680717,https://photo.yupoo.com/minkang/23ab9997a2/square.jpg,15
La Liga,Barcelona 26/27 Third Away Jersey S-4XL8,https://minkang.x.yupoo.com/albums/244521615?uid=1&isSubCate=false&referrercate=680717,https://photo.yupoo.com/minkang/f81e141d48/square.jpg,16
La Liga,Athletic Bilbao 26/27 Home Jersey S-4XL10,https://minkang.x.yupoo.com/albums/244521118?uid=1&isSubCate=false&referrercate=680717,https://photo.yupoo.com/minkang/358fe1633d/large.jpg,1
La Liga,Athletic Bilbao 26/27 Home Jersey S-4XL10,https://minkang.x.yupoo.com/albums/244521118?uid=1&isSubCate=false&referrercate=680717,https://photo.yupoo.com/minkang/3748642c7b/large.jpg,2
La Liga,Athletic Bilbao 26/27 Home Jersey S-4XL10,https://minkang.x.yupoo.com/albums/244521118?uid=1&isSubCate=false&referrercate=680717,https://photo.yupoo.com/minkang/523b20e048/large.jpg,3
La Liga,Athletic Bilbao 26/27 Home Jersey S-4XL10,https://minkang.x.yupoo.com/albums/244521118?uid=1&isSubCate=false&referrercate=680717,https://photo.yupoo.com/minkang/c4a317234c/large.jpg,4
La Liga,Athletic Bilbao 26/27 Home Jersey S-4XL10,https://minkang.x.yupoo.com/albums/244521118?uid=1&isSubCate=false&referrercate=680717,https://photo.yupoo.com/minkang/ad3341767a/large.jpg,5
La Liga,Athletic Bilbao 26/27 Home Jersey S-4XL10,https://minkang.x.yupoo.com/albums/244521118?uid=1&isSubCate=false&referrercate=680717,https://photo.yupoo.com/minkang/3607d34493/large.jpg,6
La Liga,Athletic Bilbao 26/27 Home Jersey S-4XL10,https://minkang.x.yupoo.com/albums/244521118?uid=1&isSubCate=false&referrercate=680717,https://photo.yupoo.com/minkang/c2b82e31d5/large.jpg,7
La Liga,Athletic Bilbao 26/27 Home Jersey S-4XL10,https://minkang.x.yupoo.com/albums/244521118?uid=1&isSubCate=false&referrercate=680717,https://photo.yupoo.com/minkang/7ed01e1be3/large.jpg,8
La Liga,Athletic Bilbao 26/27 Home Jersey S-4XL10,https://minkang.x.yupoo.com/albums/244521118?uid=1&isSubCate=false&referrercate=680717,https://photo.yupoo.com/minkang/316061f507/large.jpg,9
La Liga,Athletic Bilbao 26/27 Home Jersey S-4XL10,https://minkang.x.yupoo.com/albums/244521118?uid=1&isSubCate=false&referrercate=680717,https://photo.yupoo.com/minkang/9eb06578f1/large.jpg,10
La Liga,Athletic Bilbao 26/27 Home Jersey S-4XL10,https://minkang.x.yupoo.com/albums/244521118?uid=1&isSubCate=false&referrercate=680717,https://photo.yupoo.com/minkang/3748642c7b/square.jpg,11
La Liga,Athletic Bilbao 26/27 Home Jersey S-4XL10,https://minkang.x.yupoo.com/albums/244521118?uid=1&isSubCate=false&referrercate=680717,https://photo.yupoo.com/minkang/358fe1633d/square.jpg,12
La Liga,Athletic Bilbao 26/27 Home Jersey S-4XL10,https://minkang.x.yupoo.com/albums/244521118?uid=1&isSubCate=false&referrercate=680717,https://photo.yupoo.com/minkang/523b20e048/square.jpg,13
La Liga,Athletic Bilbao 26/27 Home Jersey S-4XL10,https://minkang.x.yupoo.com/albums/244521118?uid=1&isSubCate=false&referrercate=680717,https://photo.yupoo.com/minkang/c4a317234c/square.jpg,14
La Liga,Athletic Bilbao 26/27 Home Jersey S-4XL10,https://minkang.x.yupoo.com/albums/244521118?uid=1&isSubCate=false&referrercate=680717,https://photo.yupoo.com/minkang/ad3341767a/square.jpg,15
La Liga,Athletic Bilbao 26/27 Home Jersey S-4XL10,https://minkang.x.yupoo.com/albums/244521118?uid=1&isSubCate=false&referrercate=680717,https://photo.yupoo.com/minkang/3607d34493/square.jpg,16
La Liga,Athletic Bilbao 26/27 Home Jersey S-4XL10,https://minkang.x.yupoo.com/albums/244521118?uid=1&isSubCate=false&referrercate=680717,https://photo.yupoo.com/minkang/c2b82e31d5/square.jpg,17
La Liga,Athletic Bilbao 26/27 Home Jersey S-4XL10,https://minkang.x.yupoo.com/albums/244521118?uid=1&isSubCate=false&referrercate=680717,https://photo.yupoo.com/minkang/7ed01e1be3/square.jpg,18
La Liga,Athletic Bilbao 26/27 Home Jersey S-4XL10,https://minkang.x.yupoo.com/albums/244521118?uid=1&isSubCate=false&referrercate=680717,https://photo.yupoo.com/minkang/316061f507/square.jpg,19
La Liga,Athletic Bilbao 26/27 Home Jersey S-4XL10,https://minkang.x.yupoo.com/albums/244521118?uid=1&isSubCate=false&referrercate=680717,https://photo.yupoo.com/minkang/9eb06578f1/square.jpg,20
La Liga,Athletic Bilbao 26/27 Away Jersey S-4XL10,https://minkang.x.yupoo.com/albums/244520976?uid=1&isSubCate=false&referrercate=680717,https://photo.yupoo.com/minkang/7484e38394/large.jpg,1
La Liga,Athletic Bilbao 26/27 Away Jersey S-4XL10,https://minkang.x.yupoo.com/albums/244520976?uid=1&isSubCate=false&referrercate=680717,https://photo.yupoo.com/minkang/b9a7f31e98/large.jpg,2
La Liga,Athletic Bilbao 26/27 Away Jersey S-4XL10,https://minkang.x.yupoo.com/albums/244520976?uid=1&isSubCate=false&referrercate=680717,https://photo.yupoo.com/minkang/0f13e572c8/large.jpg,3
La Liga,Athletic Bilbao 26/27 Away Jersey S-4XL10,https://minkang.x.yupoo.com/albums/244520976?uid=1&isSubCate=false&referrercate=680717,https://photo.yupoo.com/minkang/ef7ea050cc/large.jpg,4
La Liga,Athletic Bilbao 26/27 Away Jersey S-4XL10,https://minkang.x.yupoo.com/albums/244520976?uid=1&isSubCate=false&referrercate=680717,https://photo.yupoo.com/minkang/4db0e6de2a/large.jpg,5
La Liga,Athletic Bilbao 26/27 Away Jersey S-4XL10,https://minkang.x.yupoo.com/albums/244520976?uid=1&isSubCate=false&referrercate=680717,https://photo.yupoo.com/minkang/5b300eaa18/large.jpg,6
La Liga,Athletic Bilbao 26/27 Away Jersey S-4XL10,https://minkang.x.yupoo.com/albums/244520976?uid=1&isSubCate=false&referrercate=680717,https://photo.yupoo.com/minkang/5f24acfdf2/large.jpg,7
La Liga,Athletic Bilbao 26/27 Away Jersey S-4XL10,https://minkang.x.yupoo.com/albums/244520976?uid=1&isSubCate=false&referrercate=680717,https://photo.yupoo.com/minkang/c0bf1166cc/large.jpg,8
La Liga,Athletic Bilbao 26/27 Away Jersey S-4XL10,https://minkang.x.yupoo.com/albums/244520976?uid=1&isSubCate=false&referrercate=680717,https://photo.yupoo.com/minkang/4579e470a4/large.jpg,9
La Liga,Athletic Bilbao 26/27 Away Jersey S-4XL10,https://minkang.x.yupoo.com/albums/244520976?uid=1&isSubCate=false&referrercate=680717,https://photo.yupoo.com/minkang/bf4fb05fa1/large.jpg,10
La Liga,Athletic Bilbao 26/27 Away Jersey S-4XL10,https://minkang.x.yupoo.com/albums/244520976?uid=1&isSubCate=false&referrercate=680717,https://photo.yupoo.com/minkang/b9a7f31e98/square.jpg,11
La Liga,Athletic Bilbao 26/27 Away Jersey S-4XL10,https://minkang.x.yupoo.com/albums/244520976?uid=1&isSubCate=false&referrercate=680717,https://photo.yupoo.com/minkang/7484e38394/square.jpg,12
La Liga,Athletic Bilbao 26/27 Away Jersey S-4XL10,https://minkang.x.yupoo.com/albums/244520976?uid=1&isSubCate=false&referrercate=680717,https://photo.yupoo.com/minkang/0f13e572c8/square.jpg,13
La Liga,Athletic Bilbao 26/27 Away Jersey S-4XL10,https://minkang.x.yupoo.com/albums/244520976?uid=1&isSubCate=false&referrercate=680717,https://photo.yupoo.com/minkang/ef7ea050cc/square.jpg,14
La Liga,Athletic Bilbao 26/27 Away Jersey S-4XL10,https://minkang.x.yupoo.com/albums/244520976?uid=1&isSubCate=false&referrercate=680717,https://photo.yupoo.com/minkang/4db0e6de2a/square.jpg,15
La Liga,Athletic Bilbao 26/27 Away Jersey S-4XL10,https://minkang.x.yupoo.com/albums/244520976?uid=1&isSubCate=false&referrercate=680717,https://photo.yupoo.com/minkang/5b300eaa18/square.jpg,16
La Liga,Athletic Bilbao 26/27 Away Jersey S-4XL10,https://minkang.x.yupoo.com/albums/244520976?uid=1&isSubCate=false&referrercate=680717,https://photo.yupoo.com/minkang/5f24acfdf2/square.jpg,17
La Liga,Athletic Bilbao 26/27 Away Jersey S-4XL10,https://minkang.x.yupoo.com/albums/244520976?uid=1&isSubCate=false&referrercate=680717,https://photo.yupoo.com/minkang/c0bf1166cc/square.jpg,18
La Liga,Athletic Bilbao 26/27 Away Jersey S-4XL10,https://minkang.x.yupoo.com/albums/244520976?uid=1&isSubCate=false&referrercate=680717,https://photo.yupoo.com/minkang/4579e470a4/square.jpg,19
La Liga,Athletic Bilbao 26/27 Away Jersey S-4XL10,https://minkang.x.yupoo.com/albums/244520976?uid=1&isSubCate=false&referrercate=680717,https://photo.yupoo.com/minkang/bf4fb05fa1/square.jpg,20
La Liga,Atletico Madrid 26/27 Away Jersey S-4XL8,https://minkang.x.yupoo.com/albums/244272200?uid=1&isSubCate=false&referrercate=680717,https://photo.yupoo.com/minkang/ca98aae9db/large.jpg,1
La Liga,Atletico Madrid 26/27 Away Jersey S-4XL8,https://minkang.x.yupoo.com/albums/244272200?uid=1&isSubCate=false&referrercate=680717,https://photo.yupoo.com/minkang/1b8a4333c5/large.jpg,2
La Liga,Atletico Madrid 26/27 Away Jersey S-4XL8,https://minkang.x.yupoo.com/albums/244272200?uid=1&isSubCate=false&referrercate=680717,https://photo.yupoo.com/minkang/78529548d3/large.jpg,3
La Liga,Atletico Madrid 26/27 Away Jersey S-4XL8,https://minkang.x.yupoo.com/albums/244272200?uid=1&isSubCate=false&referrercate=680717,https://photo.yupoo.com/minkang/2a6f625800/large.jpg,4
La Liga,Atletico Madrid 26/27 Away Jersey S-4XL8,https://minkang.x.yupoo.com/albums/244272200?uid=1&isSubCate=false&referrercate=680717,https://photo.yupoo.com/minkang/c4f239d02f/large.jpg,5
La Liga,Atletico Madrid 26/27 Away Jersey S-4XL8,https://minkang.x.yupoo.com/albums/244272200?uid=1&isSubCate=false&referrercate=680717,https://photo.yupoo.com/minkang/91f6102d37/large.jpg,6
La Liga,Atletico Madrid 26/27 Away Jersey S-4XL8,https://minkang.x.yupoo.com/albums/244272200?uid=1&isSubCate=false&referrercate=680717,https://photo.yupoo.com/minkang/75537475cf/large.jpg,7
La Liga,Atletico Madrid 26/27 Away Jersey S-4XL8,https://minkang.x.yupoo.com/albums/244272200?uid=1&isSubCate=false&referrercate=680717,https://photo.yupoo.com/minkang/e4b8e93aac/large.jpg,8
La Liga,Atletico Madrid 26/27 Away Jersey S-4XL8,https://minkang.x.yupoo.com/albums/244272200?uid=1&isSubCate=false&referrercate=680717,https://photo.yupoo.com/minkang/1b8a4333c5/square.jpg,9
La Liga,Atletico Madrid 26/27 Away Jersey S-4XL8,https://minkang.x.yupoo.com/albums/244272200?uid=1&isSubCate=false&referrercate=680717,https://photo.yupoo.com/minkang/ca98aae9db/square.jpg,10
La Liga,Atletico Madrid 26/27 Away Jersey S-4XL8,https://minkang.x.yupoo.com/albums/244272200?uid=1&isSubCate=false&referrercate=680717,https://photo.yupoo.com/minkang/78529548d3/square.jpg,11
La Liga,Atletico Madrid 26/27 Away Jersey S-4XL8,https://minkang.x.yupoo.com/albums/244272200?uid=1&isSubCate=false&referrercate=680717,https://photo.yupoo.com/minkang/2a6f625800/square.jpg,12
La Liga,Atletico Madrid 26/27 Away Jersey S-4XL8,https://minkang.x.yupoo.com/albums/244272200?uid=1&isSubCate=false&referrercate=680717,https://photo.yupoo.com/minkang/c4f239d02f/square.jpg,13
La Liga,Atletico Madrid 26/27 Away Jersey S-4XL8,https://minkang.x.yupoo.com/albums/244272200?uid=1&isSubCate=false&referrercate=680717,https://photo.yupoo.com/minkang/91f6102d37/square.jpg,14
La Liga,Atletico Madrid 26/27 Away Jersey S-4XL8,https://minkang.x.yupoo.com/albums/244272200?uid=1&isSubCate=false&referrercate=680717,https://photo.yupoo.com/minkang/75537475cf/square.jpg,15
La Liga,Atletico Madrid 26/27 Away Jersey S-4XL8,https://minkang.x.yupoo.com/albums/244272200?uid=1&isSubCate=false&referrercate=680717,https://photo.yupoo.com/minkang/e4b8e93aac/square.jpg,16
La Liga,Barcelona 26/27 Away Player Version Jersey S-4XL9,https://minkang.x.yupoo.com/albums/243939275?uid=1&isSubCate=false&referrercate=680717,https://photo.yupoo.com/minkang/8329ba31df/large.jpg,1
La Liga,Barcelona 26/27 Away Player Version Jersey S-4XL9,https://minkang.x.yupoo.com/albums/243939275?uid=1&isSubCate=false&referrercate=680717,https://photo.yupoo.com/minkang/bbc37c2388/large.jpg,2
La Liga,Barcelona 26/27 Away Player Version Jersey S-4XL9,https://minkang.x.yupoo.com/albums/243939275?uid=1&isSubCate=false&referrercate=680717,https://photo.yupoo.com/minkang/88c5989eb9/large.jpg,3
La Liga,Barcelona 26/27 Away Player Version Jersey S-4XL9,https://minkang.x.yupoo.com/albums/243939275?uid=1&isSubCate=false&referrercate=680717,https://photo.yupoo.com/minkang/51e85a60ee/large.jpg,4
La Liga,Barcelona 26/27 Away Player Version Jersey S-4XL9,https://minkang.x.yupoo.com/albums/243939275?uid=1&isSubCate=false&referrercate=680717,https://photo.yupoo.com/minkang/3674fb70ed/large.jpg,5
La Liga,Barcelona 26/27 Away Player Version Jersey S-4XL9,https://minkang.x.yupoo.com/albums/243939275?uid=1&isSubCate=false&referrercate=680717,https://photo.yupoo.com/minkang/615e57ce37/large.jpg,6
La Liga,Barcelona 26/27 Away Player Version Jersey S-4XL9,https://minkang.x.yupoo.com/albums/243939275?uid=1&isSubCate=false&referrercate=680717,https://photo.yupoo.com/minkang/5ab8596fad/large.jpg,7
La Liga,Barcelona 26/27 Away Player Version Jersey S-4XL9,https://minkang.x.yupoo.com/albums/243939275?uid=1&isSubCate=false&referrercate=680717,https://photo.yupoo.com/minkang/113cef1a86/large.jpg,8
La Liga,Barcelona 26/27 Away Player Version Jersey S-4XL9,https://minkang.x.yupoo.com/albums/243939275?uid=1&isSubCate=false&referrercate=680717,https://photo.yupoo.com/minkang/f81382ddc6/large.jpg,9
La Liga,Barcelona 26/27 Away Player Version Jersey S-4XL9,https://minkang.x.yupoo.com/albums/243939275?uid=1&isSubCate=false&referrercate=680717,https://photo.yupoo.com/minkang/8329ba31df/square.jpg,10
La Liga,Barcelona 26/27 Away Player Version Jersey S-4XL9,https://minkang.x.yupoo.com/albums/243939275?uid=1&isSubCate=false&referrercate=680717,https://photo.yupoo.com/minkang/bbc37c2388/square.jpg,11
La Liga,Barcelona 26/27 Away Player Version Jersey S-4XL9,https://minkang.x.yupoo.com/albums/243939275?uid=1&isSubCate=false&referrercate=680717,https://photo.yupoo.com/minkang/88c5989eb9/square.jpg,12
La Liga,Barcelona 26/27 Away Player Version Jersey S-4XL9,https://minkang.x.yupoo.com/albums/243939275?uid=1&isSubCate=false&referrercate=680717,https://photo.yupoo.com/minkang/51e85a60ee/square.jpg,13
La Liga,Barcelona 26/27 Away Player Version Jersey S-4XL9,https://minkang.x.yupoo.com/albums/243939275?uid=1&isSubCate=false&referrercate=680717,https://photo.yupoo.com/minkang/3674fb70ed/square.jpg,14
La Liga,Barcelona 26/27 Away Player Version Jersey S-4XL9,https://minkang.x.yupoo.com/albums/243939275?uid=1&isSubCate=false&referrercate=680717,https://photo.yupoo.com/minkang/615e57ce37/square.jpg,15
La Liga,Barcelona 26/27 Away Player Version Jersey S-4XL9,https://minkang.x.yupoo.com/albums/243939275?uid=1&isSubCate=false&referrercate=680717,https://photo.yupoo.com/minkang/5ab8596fad/square.jpg,16
La Liga,Barcelona 26/27 Away Player Version Jersey S-4XL9,https://minkang.x.yupoo.com/albums/243939275?uid=1&isSubCate=false&referrercate=680717,https://photo.yupoo.com/minkang/113cef1a86/square.jpg,17
La Liga,Barcelona 26/27 Away Player Version Jersey S-4XL9,https://minkang.x.yupoo.com/albums/243939275?uid=1&isSubCate=false&referrercate=680717,https://photo.yupoo.com/minkang/f81382ddc6/square.jpg,18
La Liga,Barcelona 26/27 Third Away Player Version Jersey S-4XL9,https://minkang.x.yupoo.com/albums/243939221?uid=1&isSubCate=false&referrercate=680717,https://photo.yupoo.com/minkang/fd3644cffa/large.jpg,1
La Liga,Barcelona 26/27 Third Away Player Version Jersey S-4XL9,https://minkang.x.yupoo.com/albums/243939221?uid=1&isSubCate=false&referrercate=680717,https://photo.yupoo.com/minkang/a59a0b51c2/large.jpg,2
La Liga,Barcelona 26/27 Third Away Player Version Jersey S-4XL9,https://minkang.x.yupoo.com/albums/243939221?uid=1&isSubCate=false&referrercate=680717,https://photo.yupoo.com/minkang/f9b6ee6b23/large.jpg,3
La Liga,Barcelona 26/27 Third Away Player Version Jersey S-4XL9,https://minkang.x.yupoo.com/albums/243939221?uid=1&isSubCate=false&referrercate=680717,https://photo.yupoo.com/minkang/935337ddd0/large.jpg,4
La Liga,Barcelona 26/27 Third Away Player Version Jersey S-4XL9,https://minkang.x.yupoo.com/albums/243939221?uid=1&isSubCate=false&referrercate=680717,https://photo.yupoo.com/minkang/cfd1098044/large.jpg,5
La Liga,Barcelona 26/27 Third Away Player Version Jersey S-4XL9,https://minkang.x.yupoo.com/albums/243939221?uid=1&isSubCate=false&referrercate=680717,https://photo.yupoo.com/minkang/bde59ce789/large.jpg,6
La Liga,Barcelona 26/27 Third Away Player Version Jersey S-4XL9,https://minkang.x.yupoo.com/albums/243939221?uid=1&isSubCate=false&referrercate=680717,https://photo.yupoo.com/minkang/2717b0478d/large.jpg,7
La Liga,Barcelona 26/27 Third Away Player Version Jersey S-4XL9,https://minkang.x.yupoo.com/albums/243939221?uid=1&isSubCate=false&referrercate=680717,https://photo.yupoo.com/minkang/49aab042dd/large.jpg,8
La Liga,Barcelona 26/27 Third Away Player Version Jersey S-4XL9,https://minkang.x.yupoo.com/albums/243939221?uid=1&isSubCate=false&referrercate=680717,https://photo.yupoo.com/minkang/4ff3189ee3/large.jpg,9
La Liga,Barcelona 26/27 Third Away Player Version Jersey S-4XL9,https://minkang.x.yupoo.com/albums/243939221?uid=1&isSubCate=false&referrercate=680717,https://photo.yupoo.com/minkang/fd3644cffa/square.jpg,10
La Liga,Barcelona 26/27 Third Away Player Version Jersey S-4XL9,https://minkang.x.yupoo.com/albums/243939221?uid=1&isSubCate=false&referrercate=680717,https://photo.yupoo.com/minkang/a59a0b51c2/square.jpg,11
La Liga,Barcelona 26/27 Third Away Player Version Jersey S-4XL9,https://minkang.x.yupoo.com/albums/243939221?uid=1&isSubCate=false&referrercate=680717,https://photo.yupoo.com/minkang/f9b6ee6b23/square.jpg,12
La Liga,Barcelona 26/27 Third Away Player Version Jersey S-4XL9,https://minkang.x.yupoo.com/albums/243939221?uid=1&isSubCate=false&referrercate=680717,https://photo.yupoo.com/minkang/935337ddd0/square.jpg,13
La Liga,Barcelona 26/27 Third Away Player Version Jersey S-4XL9,https://minkang.x.yupoo.com/albums/243939221?uid=1&isSubCate=false&referrercate=680717,https://photo.yupoo.com/minkang/cfd1098044/square.jpg,14
La Liga,Barcelona 26/27 Third Away Player Version Jersey S-4XL9,https://minkang.x.yupoo.com/albums/243939221?uid=1&isSubCate=false&referrercate=680717,https://photo.yupoo.com/minkang/bde59ce789/square.jpg,15
La Liga,Barcelona 26/27 Third Away Player Version Jersey S-4XL9,https://minkang.x.yupoo.com/albums/243939221?uid=1&isSubCate=false&referrercate=680717,https://photo.yupoo.com/minkang/2717b0478d/square.jpg,16
La Liga,Barcelona 26/27 Third Away Player Version Jersey S-4XL9,https://minkang.x.yupoo.com/albums/243939221?uid=1&isSubCate=false&referrercate=680717,https://photo.yupoo.com/minkang/49aab042dd/square.jpg,17
La Liga,Barcelona 26/27 Third Away Player Version Jersey S-4XL9,https://minkang.x.yupoo.com/albums/243939221?uid=1&isSubCate=false&referrercate=680717,https://photo.yupoo.com/minkang/4ff3189ee3/square.jpg,18
La Liga,Deportivo Alavés 02/03 Third Away Retro Jersey S-4XL7,https://minkang.x.yupoo.com/albums/240193436?uid=1&isSubCate=false&referrercate=680717,https://photo.yupoo.com/minkang/14b3977c62/large.jpg,1
La Liga,Deportivo Alavés 02/03 Third Away Retro Jersey S-4XL7,https://minkang.x.yupoo.com/albums/240193436?uid=1&isSubCate=false&referrercate=680717,https://photo.yupoo.com/minkang/1735785446/large.jpg,2
La Liga,Deportivo Alavés 02/03 Third Away Retro Jersey S-4XL7,https://minkang.x.yupoo.com/albums/240193436?uid=1&isSubCate=false&referrercate=680717,https://photo.yupoo.com/minkang/cf84d5772d/large.jpg,3
La Liga,Deportivo Alavés 02/03 Third Away Retro Jersey S-4XL7,https://minkang.x.yupoo.com/albums/240193436?uid=1&isSubCate=false&referrercate=680717,https://photo.yupoo.com/minkang/2917542af5/large.jpg,4
La Liga,Deportivo Alavés 02/03 Third Away Retro Jersey S-4XL7,https://minkang.x.yupoo.com/albums/240193436?uid=1&isSubCate=false&referrercate=680717,https://photo.yupoo.com/minkang/e70a456101/large.jpg,5
La Liga,Deportivo Alavés 02/03 Third Away Retro Jersey S-4XL7,https://minkang.x.yupoo.com/albums/240193436?uid=1&isSubCate=false&referrercate=680717,https://photo.yupoo.com/minkang/715be33fd0/large.jpg,6
La Liga,Deportivo Alavés 02/03 Third Away Retro Jersey S-4XL7,https://minkang.x.yupoo.com/albums/240193436?uid=1&isSubCate=false&referrercate=680717,https://photo.yupoo.com/minkang/279a54f713/large.jpg,7
La Liga,Deportivo Alavés 02/03 Third Away Retro Jersey S-4XL7,https://minkang.x.yupoo.com/albums/240193436?uid=1&isSubCate=false&referrercate=680717,https://photo.yupoo.com/minkang/1735785446/square.jpg,8
La Liga,Deportivo Alavés 02/03 Third Away Retro Jersey S-4XL7,https://minkang.x.yupoo.com/albums/240193436?uid=1&isSubCate=false&referrercate=680717,https://photo.yupoo.com/minkang/14b3977c62/square.jpg,9
La Liga,Deportivo Alavés 02/03 Third Away Retro Jersey S-4XL7,https://minkang.x.yupoo.com/albums/240193436?uid=1&isSubCate=false&referrercate=680717,https://photo.yupoo.com/minkang/cf84d5772d/square.jpg,10
La Liga,Deportivo Alavés 02/03 Third Away Retro Jersey S-4XL7,https://minkang.x.yupoo.com/albums/240193436?uid=1&isSubCate=false&referrercate=680717,https://photo.yupoo.com/minkang/2917542af5/square.jpg,11
La Liga,Deportivo Alavés 02/03 Third Away Retro Jersey S-4XL7,https://minkang.x.yupoo.com/albums/240193436?uid=1&isSubCate=false&referrercate=680717,https://photo.yupoo.com/minkang/e70a456101/square.jpg,12
La Liga,Deportivo Alavés 02/03 Third Away Retro Jersey S-4XL7,https://minkang.x.yupoo.com/albums/240193436?uid=1&isSubCate=false&referrercate=680717,https://photo.yupoo.com/minkang/715be33fd0/square.jpg,13
La Liga,Deportivo Alavés 02/03 Third Away Retro Jersey S-4XL7,https://minkang.x.yupoo.com/albums/240193436?uid=1&isSubCate=false&referrercate=680717,https://photo.yupoo.com/minkang/279a54f713/square.jpg,14
La Liga,Real Madrid CNY Tang Jacket S-XXL9,https://minkang.x.yupoo.com/albums/240191595?uid=1&isSubCate=false&referrercate=680717,https://photo.yupoo.com/minkang/ee2d802f24/large.jpg,1
La Liga,Real Madrid CNY Tang Jacket S-XXL9,https://minkang.x.yupoo.com/albums/240191595?uid=1&isSubCate=false&referrercate=680717,https://photo.yupoo.com/minkang/dbfa3d3d5e/large.jpg,2
La Liga,Real Madrid CNY Tang Jacket S-XXL9,https://minkang.x.yupoo.com/albums/240191595?uid=1&isSubCate=false&referrercate=680717,https://photo.yupoo.com/minkang/c585050c88/large.jpg,3
La Liga,Real Madrid CNY Tang Jacket S-XXL9,https://minkang.x.yupoo.com/albums/240191595?uid=1&isSubCate=false&referrercate=680717,https://photo.yupoo.com/minkang/19544fff48/large.jpg,4
La Liga,Real Madrid CNY Tang Jacket S-XXL9,https://minkang.x.yupoo.com/albums/240191595?uid=1&isSubCate=false&referrercate=680717,https://photo.yupoo.com/minkang/cc713a7c5d/large.jpg,5
La Liga,Real Madrid CNY Tang Jacket S-XXL9,https://minkang.x.yupoo.com/albums/240191595?uid=1&isSubCate=false&referrercate=680717,https://photo.yupoo.com/minkang/897320d8a5/large.jpg,6
La Liga,Real Madrid CNY Tang Jacket S-XXL9,https://minkang.x.yupoo.com/albums/240191595?uid=1&isSubCate=false&referrercate=680717,https://photo.yupoo.com/minkang/ad57006988/large.jpg,7
La Liga,Real Madrid CNY Tang Jacket S-XXL9,https://minkang.x.yupoo.com/albums/240191595?uid=1&isSubCate=false&referrercate=680717,https://photo.yupoo.com/minkang/01f179b163/large.jpg,8
La Liga,Real Madrid CNY Tang Jacket S-XXL9,https://minkang.x.yupoo.com/albums/240191595?uid=1&isSubCate=false&referrercate=680717,https://photo.yupoo.com/minkang/63e8c699f5/large.jpg,9
La Liga,Real Madrid CNY Tang Jacket S-XXL9,https://minkang.x.yupoo.com/albums/240191595?uid=1&isSubCate=false&referrercate=680717,https://photo.yupoo.com/minkang/ee2d802f24/square.jpg,10
La Liga,Real Madrid CNY Tang Jacket S-XXL9,https://minkang.x.yupoo.com/albums/240191595?uid=1&isSubCate=false&referrercate=680717,https://photo.yupoo.com/minkang/dbfa3d3d5e/square.jpg,11
La Liga,Real Madrid CNY Tang Jacket S-XXL9,https://minkang.x.yupoo.com/albums/240191595?uid=1&isSubCate=false&referrercate=680717,https://photo.yupoo.com/minkang/c585050c88/square.jpg,12
La Liga,Real Madrid CNY Tang Jacket S-XXL9,https://minkang.x.yupoo.com/albums/240191595?uid=1&isSubCate=false&referrercate=680717,https://photo.yupoo.com/minkang/19544fff48/square.jpg,13
La Liga,Real Madrid CNY Tang Jacket S-XXL9,https://minkang.x.yupoo.com/albums/240191595?uid=1&isSubCate=false&referrercate=680717,https://photo.yupoo.com/minkang/cc713a7c5d/square.jpg,14
La Liga,Real Madrid CNY Tang Jacket S-XXL9,https://minkang.x.yupoo.com/albums/240191595?uid=1&isSubCate=false&referrercate=680717,https://photo.yupoo.com/minkang/897320d8a5/square.jpg,15
La Liga,Real Madrid CNY Tang Jacket S-XXL9,https://minkang.x.yupoo.com/albums/240191595?uid=1&isSubCate=false&referrercate=680717,https://photo.yupoo.com/minkang/ad57006988/square.jpg,16
La Liga,Real Madrid CNY Tang Jacket S-XXL9,https://minkang.x.yupoo.com/albums/240191595?uid=1&isSubCate=false&referrercate=680717,https://photo.yupoo.com/minkang/01f179b163/square.jpg,17
La Liga,Real Madrid CNY Tang Jacket S-XXL9,https://minkang.x.yupoo.com/albums/240191595?uid=1&isSubCate=false&referrercate=680717,https://photo.yupoo.com/minkang/63e8c699f5/square.jpg,18
La Liga,Real Oviedo 92/93 Home Retro Jersey S-XXL7,https://minkang.x.yupoo.com/albums/240191538?uid=1&isSubCate=false&referrercate=680717,https://photo.yupoo.com/minkang/bf3eb83af5/large.jpg,1
La Liga,Real Oviedo 92/93 Home Retro Jersey S-XXL7,https://minkang.x.yupoo.com/albums/240191538?uid=1&isSubCate=false&referrercate=680717,https://photo.yupoo.com/minkang/22a0389ea7/large.jpg,2
La Liga,Real Oviedo 92/93 Home Retro Jersey S-XXL7,https://minkang.x.yupoo.com/albums/240191538?uid=1&isSubCate=false&referrercate=680717,https://photo.yupoo.com/minkang/90221ff9eb/large.jpg,3
La Liga,Real Oviedo 92/93 Home Retro Jersey S-XXL7,https://minkang.x.yupoo.com/albums/240191538?uid=1&isSubCate=false&referrercate=680717,https://photo.yupoo.com/minkang/6f81ee7edc/large.jpg,4
La Liga,Real Oviedo 92/93 Home Retro Jersey S-XXL7,https://minkang.x.yupoo.com/albums/240191538?uid=1&isSubCate=false&referrercate=680717,https://photo.yupoo.com/minkang/26ed8996ca/large.jpg,5
La Liga,Real Oviedo 92/93 Home Retro Jersey S-XXL7,https://minkang.x.yupoo.com/albums/240191538?uid=1&isSubCate=false&referrercate=680717,https://photo.yupoo.com/minkang/c3e4a9a29b/large.jpg,6
La Liga,Real Oviedo 92/93 Home Retro Jersey S-XXL7,https://minkang.x.yupoo.com/albums/240191538?uid=1&isSubCate=false&referrercate=680717,https://photo.yupoo.com/minkang/0d964023fe/large.jpg,7
La Liga,Real Oviedo 92/93 Home Retro Jersey S-XXL7,https://minkang.x.yupoo.com/albums/240191538?uid=1&isSubCate=false&referrercate=680717,https://photo.yupoo.com/minkang/22a0389ea7/square.jpg,8
La Liga,Real Oviedo 92/93 Home Retro Jersey S-XXL7,https://minkang.x.yupoo.com/albums/240191538?uid=1&isSubCate=false&referrercate=680717,https://photo.yupoo.com/minkang/bf3eb83af5/square.jpg,9
La Liga,Real Oviedo 92/93 Home Retro Jersey S-XXL7,https://minkang.x.yupoo.com/albums/240191538?uid=1&isSubCate=false&referrercate=680717,https://photo.yupoo.com/minkang/90221ff9eb/square.jpg,10
La Liga,Real Oviedo 92/93 Home Retro Jersey S-XXL7,https://minkang.x.yupoo.com/albums/240191538?uid=1&isSubCate=false&referrercate=680717,https://photo.yupoo.com/minkang/6f81ee7edc/square.jpg,11
La Liga,Real Oviedo 92/93 Home Retro Jersey S-XXL7,https://minkang.x.yupoo.com/albums/240191538?uid=1&isSubCate=false&referrercate=680717,https://photo.yupoo.com/minkang/26ed8996ca/square.jpg,12
La Liga,Real Oviedo 92/93 Home Retro Jersey S-XXL7,https://minkang.x.yupoo.com/albums/240191538?uid=1&isSubCate=false&referrercate=680717,https://photo.yupoo.com/minkang/c3e4a9a29b/square.jpg,13
La Liga,Real Oviedo 92/93 Home Retro Jersey S-XXL7,https://minkang.x.yupoo.com/albums/240191538?uid=1&isSubCate=false&referrercate=680717,https://photo.yupoo.com/minkang/0d964023fe/square.jpg,14
La Liga,Real Madrid 26/27 Third Away Kids Kit Jersey Size 16-2812,https://minkang.x.yupoo.com/albums/240053907?uid=1&isSubCate=false&referrercate=680717,https://photo.yupoo.com/minkang/5914b30252/large.jpg,1
La Liga,Real Madrid 26/27 Third Away Kids Kit Jersey Size 16-2812,https://minkang.x.yupoo.com/albums/240053907?uid=1&isSubCate=false&referrercate=680717,https://photo.yupoo.com/minkang/fa9dce3909/large.jpg,2
La Liga,Real Madrid 26/27 Third Away Kids Kit Jersey Size 16-2812,https://minkang.x.yupoo.com/albums/240053907?uid=1&isSubCate=false&referrercate=680717,https://photo.yupoo.com/minkang/b57bb4ed68/large.jpg,3
La Liga,Real Madrid 26/27 Third Away Kids Kit Jersey Size 16-2812,https://minkang.x.yupoo.com/albums/240053907?uid=1&isSubCate=false&referrercate=680717,https://photo.yupoo.com/minkang/eeb19aa228/large.jpg,4
La Liga,Real Madrid 26/27 Third Away Kids Kit Jersey Size 16-2812,https://minkang.x.yupoo.com/albums/240053907?uid=1&isSubCate=false&referrercate=680717,https://photo.yupoo.com/minkang/8fbd06cf7d/large.jpg,5
La Liga,Real Madrid 26/27 Third Away Kids Kit Jersey Size 16-2812,https://minkang.x.yupoo.com/albums/240053907?uid=1&isSubCate=false&referrercate=680717,https://photo.yupoo.com/minkang/d4a4241c51/large.jpg,6
La Liga,Real Madrid 26/27 Third Away Kids Kit Jersey Size 16-2812,https://minkang.x.yupoo.com/albums/240053907?uid=1&isSubCate=false&referrercate=680717,https://photo.yupoo.com/minkang/c2b534159c/large.jpg,7
La Liga,Real Madrid 26/27 Third Away Kids Kit Jersey Size 16-2812,https://minkang.x.yupoo.com/albums/240053907?uid=1&isSubCate=false&referrercate=680717,https://photo.yupoo.com/minkang/e1fe75c8e3/large.jpg,8
La Liga,Real Madrid 26/27 Third Away Kids Kit Jersey Size 16-2812,https://minkang.x.yupoo.com/albums/240053907?uid=1&isSubCate=false&referrercate=680717,https://photo.yupoo.com/minkang/e3bd803132/large.jpg,9
La Liga,Real Madrid 26/27 Third Away Kids Kit Jersey Size 16-2812,https://minkang.x.yupoo.com/albums/240053907?uid=1&isSubCate=false&referrercate=680717,https://photo.yupoo.com/minkang/5a815c1798/large.jpg,10
La Liga,Real Madrid 26/27 Third Away Kids Kit Jersey Size 16-2812,https://minkang.x.yupoo.com/albums/240053907?uid=1&isSubCate=false&referrercate=680717,https://photo.yupoo.com/minkang/ceffedfed4/large.jpg,11
La Liga,Real Madrid 26/27 Third Away Kids Kit Jersey Size 16-2812,https://minkang.x.yupoo.com/albums/240053907?uid=1&isSubCate=false&referrercate=680717,https://photo.yupoo.com/minkang/7f2ecf8867/large.jpg,12
La Liga,Real Madrid 26/27 Third Away Kids Kit Jersey Size 16-2812,https://minkang.x.yupoo.com/albums/240053907?uid=1&isSubCate=false&referrercate=680717,https://photo.yupoo.com/minkang/fa9dce3909/square.jpg,13
La Liga,Real Madrid 26/27 Third Away Kids Kit Jersey Size 16-2812,https://minkang.x.yupoo.com/albums/240053907?uid=1&isSubCate=false&referrercate=680717,https://photo.yupoo.com/minkang/5914b30252/square.jpg,14
La Liga,Real Madrid 26/27 Third Away Kids Kit Jersey Size 16-2812,https://minkang.x.yupoo.com/albums/240053907?uid=1&isSubCate=false&referrercate=680717,https://photo.yupoo.com/minkang/b57bb4ed68/square.jpg,15
La Liga,Real Madrid 26/27 Third Away Kids Kit Jersey Size 16-2812,https://minkang.x.yupoo.com/albums/240053907?uid=1&isSubCate=false&referrercate=680717,https://photo.yupoo.com/minkang/eeb19aa228/square.jpg,16
La Liga,Real Madrid 26/27 Third Away Kids Kit Jersey Size 16-2812,https://minkang.x.yupoo.com/albums/240053907?uid=1&isSubCate=false&referrercate=680717,https://photo.yupoo.com/minkang/8fbd06cf7d/square.jpg,17
La Liga,Real Madrid 26/27 Third Away Kids Kit Jersey Size 16-2812,https://minkang.x.yupoo.com/albums/240053907?uid=1&isSubCate=false&referrercate=680717,https://photo.yupoo.com/minkang/d4a4241c51/square.jpg,18
La Liga,Real Madrid 26/27 Third Away Kids Kit Jersey Size 16-2812,https://minkang.x.yupoo.com/albums/240053907?uid=1&isSubCate=false&referrercate=680717,https://photo.yupoo.com/minkang/c2b534159c/square.jpg,19
La Liga,Real Madrid 26/27 Third Away Kids Kit Jersey Size 16-2812,https://minkang.x.yupoo.com/albums/240053907?uid=1&isSubCate=false&referrercate=680717,https://photo.yupoo.com/minkang/e1fe75c8e3/square.jpg,20
La Liga,Real Madrid 26/27 Third Away Kids Kit Jersey Size 16-2812,https://minkang.x.yupoo.com/albums/240053907?uid=1&isSubCate=false&referrercate=680717,https://photo.yupoo.com/minkang/e3bd803132/square.jpg,21
La Liga,Real Madrid 26/27 Third Away Kids Kit Jersey Size 16-2812,https://minkang.x.yupoo.com/albums/240053907?uid=1&isSubCate=false&referrercate=680717,https://photo.yupoo.com/minkang/5a815c1798/square.jpg,22
La Liga,Real Madrid 26/27 Third Away Kids Kit Jersey Size 16-2812,https://minkang.x.yupoo.com/albums/240053907?uid=1&isSubCate=false&referrercate=680717,https://photo.yupoo.com/minkang/ceffedfed4/square.jpg,23
La Liga,Real Madrid 26/27 Third Away Kids Kit Jersey Size 16-2812,https://minkang.x.yupoo.com/albums/240053907?uid=1&isSubCate=false&referrercate=680717,https://photo.yupoo.com/minkang/7f2ecf8867/square.jpg,24
La Liga,Barcelona 26/27 Home Kids Kit Jersey Size 16-2811,https://minkang.x.yupoo.com/albums/240053053?uid=1&isSubCate=false&referrercate=680717,https://photo.yupoo.com/minkang/8f86e6ba89/large.jpg,1
La Liga,Barcelona 26/27 Home Kids Kit Jersey Size 16-2811,https://minkang.x.yupoo.com/albums/240053053?uid=1&isSubCate=false&referrercate=680717,https://photo.yupoo.com/minkang/8991e4153c/large.jpg,2
La Liga,Barcelona 26/27 Home Kids Kit Jersey Size 16-2811,https://minkang.x.yupoo.com/albums/240053053?uid=1&isSubCate=false&referrercate=680717,https://photo.yupoo.com/minkang/33e06d181e/large.jpg,3
La Liga,Barcelona 26/27 Home Kids Kit Jersey Size 16-2811,https://minkang.x.yupoo.com/albums/240053053?uid=1&isSubCate=false&referrercate=680717,https://photo.yupoo.com/minkang/73bfe14fdf/large.jpg,4
La Liga,Barcelona 26/27 Home Kids Kit Jersey Size 16-2811,https://minkang.x.yupoo.com/albums/240053053?uid=1&isSubCate=false&referrercate=680717,https://photo.yupoo.com/minkang/792504016e/large.jpg,5
La Liga,Barcelona 26/27 Home Kids Kit Jersey Size 16-2811,https://minkang.x.yupoo.com/albums/240053053?uid=1&isSubCate=false&referrercate=680717,https://photo.yupoo.com/minkang/05cf258e3f/large.jpg,6
La Liga,Barcelona 26/27 Home Kids Kit Jersey Size 16-2811,https://minkang.x.yupoo.com/albums/240053053?uid=1&isSubCate=false&referrercate=680717,https://photo.yupoo.com/minkang/50ce88b7ab/large.jpg,7
La Liga,Barcelona 26/27 Home Kids Kit Jersey Size 16-2811,https://minkang.x.yupoo.com/albums/240053053?uid=1&isSubCate=false&referrercate=680717,https://photo.yupoo.com/minkang/d98c490b5e/large.jpg,8
La Liga,Barcelona 26/27 Home Kids Kit Jersey Size 16-2811,https://minkang.x.yupoo.com/albums/240053053?uid=1&isSubCate=false&referrercate=680717,https://photo.yupoo.com/minkang/2bee7459ae/large.jpg,9
La Liga,Barcelona 26/27 Home Kids Kit Jersey Size 16-2811,https://minkang.x.yupoo.com/albums/240053053?uid=1&isSubCate=false&referrercate=680717,https://photo.yupoo.com/minkang/50fa40f85f/large.jpg,10
La Liga,Barcelona 26/27 Home Kids Kit Jersey Size 16-2811,https://minkang.x.yupoo.com/albums/240053053?uid=1&isSubCate=false&referrercate=680717,https://photo.yupoo.com/minkang/1afe4b0278/large.jpg,11
La Liga,Barcelona 26/27 Home Kids Kit Jersey Size 16-2811,https://minkang.x.yupoo.com/albums/240053053?uid=1&isSubCate=false&referrercate=680717,https://photo.yupoo.com/minkang/8f86e6ba89/square.jpg,12
La Liga,Barcelona 26/27 Home Kids Kit Jersey Size 16-2811,https://minkang.x.yupoo.com/albums/240053053?uid=1&isSubCate=false&referrercate=680717,https://photo.yupoo.com/minkang/8991e4153c/square.jpg,13
La Liga,Barcelona 26/27 Home Kids Kit Jersey Size 16-2811,https://minkang.x.yupoo.com/albums/240053053?uid=1&isSubCate=false&referrercate=680717,https://photo.yupoo.com/minkang/33e06d181e/square.jpg,14
La Liga,Barcelona 26/27 Home Kids Kit Jersey Size 16-2811,https://minkang.x.yupoo.com/albums/240053053?uid=1&isSubCate=false&referrercate=680717,https://photo.yupoo.com/minkang/73bfe14fdf/square.jpg,15
La Liga,Barcelona 26/27 Home Kids Kit Jersey Size 16-2811,https://minkang.x.yupoo.com/albums/240053053?uid=1&isSubCate=false&referrercate=680717,https://photo.yupoo.com/minkang/792504016e/square.jpg,16
La Liga,Barcelona 26/27 Home Kids Kit Jersey Size 16-2811,https://minkang.x.yupoo.com/albums/240053053?uid=1&isSubCate=false&referrercate=680717,https://photo.yupoo.com/minkang/05cf258e3f/square.jpg,17
La Liga,Barcelona 26/27 Home Kids Kit Jersey Size 16-2811,https://minkang.x.yupoo.com/albums/240053053?uid=1&isSubCate=false&referrercate=680717,https://photo.yupoo.com/minkang/50ce88b7ab/square.jpg,18
La Liga,Barcelona 26/27 Home Kids Kit Jersey Size 16-2811,https://minkang.x.yupoo.com/albums/240053053?uid=1&isSubCate=false&referrercate=680717,https://photo.yupoo.com/minkang/d98c490b5e/square.jpg,19
La Liga,Barcelona 26/27 Home Kids Kit Jersey Size 16-2811,https://minkang.x.yupoo.com/albums/240053053?uid=1&isSubCate=false&referrercate=680717,https://photo.yupoo.com/minkang/2bee7459ae/square.jpg,20
La Liga,Barcelona 26/27 Home Kids Kit Jersey Size 16-2811,https://minkang.x.yupoo.com/albums/240053053?uid=1&isSubCate=false&referrercate=680717,https://photo.yupoo.com/minkang/50fa40f85f/square.jpg,21
La Liga,Barcelona 26/27 Home Kids Kit Jersey Size 16-2811,https://minkang.x.yupoo.com/albums/240053053?uid=1&isSubCate=false&referrercate=680717,https://photo.yupoo.com/minkang/1afe4b0278/square.jpg,22
La Liga,Real Madrid 26/27 Home Baby Jersey SIZE 9/129,https://minkang.x.yupoo.com/albums/239482527?uid=1&isSubCate=false&referrercate=680717,https://photo.yupoo.com/minkang/fdde2f37eb/large.jpg,1
La Liga,Real Madrid 26/27 Home Baby Jersey SIZE 9/129,https://minkang.x.yupoo.com/albums/239482527?uid=1&isSubCate=false&referrercate=680717,https://photo.yupoo.com/minkang/351bdc3697/large.jpg,2
La Liga,Real Madrid 26/27 Home Baby Jersey SIZE 9/129,https://minkang.x.yupoo.com/albums/239482527?uid=1&isSubCate=false&referrercate=680717,https://photo.yupoo.com/minkang/1412b71974/large.jpg,3
La Liga,Real Madrid 26/27 Home Baby Jersey SIZE 9/129,https://minkang.x.yupoo.com/albums/239482527?uid=1&isSubCate=false&referrercate=680717,https://photo.yupoo.com/minkang/3fa6309338/large.jpg,4
La Liga,Real Madrid 26/27 Home Baby Jersey SIZE 9/129,https://minkang.x.yupoo.com/albums/239482527?uid=1&isSubCate=false&referrercate=680717,https://photo.yupoo.com/minkang/461e157ef8/large.jpg,5
La Liga,Real Madrid 26/27 Home Baby Jersey SIZE 9/129,https://minkang.x.yupoo.com/albums/239482527?uid=1&isSubCate=false&referrercate=680717,https://photo.yupoo.com/minkang/4faf12580e/large.jpg,6
La Liga,Real Madrid 26/27 Home Baby Jersey SIZE 9/129,https://minkang.x.yupoo.com/albums/239482527?uid=1&isSubCate=false&referrercate=680717,https://photo.yupoo.com/minkang/2484a03863/large.jpg,7
La Liga,Real Madrid 26/27 Home Baby Jersey SIZE 9/129,https://minkang.x.yupoo.com/albums/239482527?uid=1&isSubCate=false&referrercate=680717,https://photo.yupoo.com/minkang/191c845113/large.jpg,8
La Liga,Real Madrid 26/27 Home Baby Jersey SIZE 9/129,https://minkang.x.yupoo.com/albums/239482527?uid=1&isSubCate=false&referrercate=680717,https://photo.yupoo.com/minkang/c0a3a4a336/large.jpg,9
La Liga,Real Madrid 26/27 Home Baby Jersey SIZE 9/129,https://minkang.x.yupoo.com/albums/239482527?uid=1&isSubCate=false&referrercate=680717,https://photo.yupoo.com/minkang/351bdc3697/square.jpg,10
La Liga,Real Madrid 26/27 Home Baby Jersey SIZE 9/129,https://minkang.x.yupoo.com/albums/239482527?uid=1&isSubCate=false&referrercate=680717,https://photo.yupoo.com/minkang/fdde2f37eb/square.jpg,11
La Liga,Real Madrid 26/27 Home Baby Jersey SIZE 9/129,https://minkang.x.yupoo.com/albums/239482527?uid=1&isSubCate=false&referrercate=680717,https://photo.yupoo.com/minkang/1412b71974/square.jpg,12
La Liga,Real Madrid 26/27 Home Baby Jersey SIZE 9/129,https://minkang.x.yupoo.com/albums/239482527?uid=1&isSubCate=false&referrercate=680717,https://photo.yupoo.com/minkang/3fa6309338/square.jpg,13
La Liga,Real Madrid 26/27 Home Baby Jersey SIZE 9/129,https://minkang.x.yupoo.com/albums/239482527?uid=1&isSubCate=false&referrercate=680717,https://photo.yupoo.com/minkang/461e157ef8/square.jpg,14
La Liga,Real Madrid 26/27 Home Baby Jersey SIZE 9/129,https://minkang.x.yupoo.com/albums/239482527?uid=1&isSubCate=false&referrercate=680717,https://photo.yupoo.com/minkang/4faf12580e/square.jpg,15
La Liga,Real Madrid 26/27 Home Baby Jersey SIZE 9/129,https://minkang.x.yupoo.com/albums/239482527?uid=1&isSubCate=false&referrercate=680717,https://photo.yupoo.com/minkang/2484a03863/square.jpg,16
La Liga,Real Madrid 26/27 Home Baby Jersey SIZE 9/129,https://minkang.x.yupoo.com/albums/239482527?uid=1&isSubCate=false&referrercate=680717,https://photo.yupoo.com/minkang/191c845113/square.jpg,17
La Liga,Real Madrid 26/27 Home Baby Jersey SIZE 9/129,https://minkang.x.yupoo.com/albums/239482527?uid=1&isSubCate=false&referrercate=680717,https://photo.yupoo.com/minkang/c0a3a4a336/square.jpg,18
La Liga,Barcelona 26/27 Home Women's Jersey S-XXL8,https://minkang.x.yupoo.com/albums/239479036?uid=1&isSubCate=false&referrercate=680717,https://photo.yupoo.com/minkang/c5b20fb9b7/large.jpg,1
La Liga,Barcelona 26/27 Home Women's Jersey S-XXL8,https://minkang.x.yupoo.com/albums/239479036?uid=1&isSubCate=false&referrercate=680717,https://photo.yupoo.com/minkang/98364fb397/large.jpg,2
La Liga,Barcelona 26/27 Home Women's Jersey S-XXL8,https://minkang.x.yupoo.com/albums/239479036?uid=1&isSubCate=false&referrercate=680717,https://photo.yupoo.com/minkang/494376f8c0/large.jpg,3
La Liga,Barcelona 26/27 Home Women's Jersey S-XXL8,https://minkang.x.yupoo.com/albums/239479036?uid=1&isSubCate=false&referrercate=680717,https://photo.yupoo.com/minkang/3d56a151aa/large.jpg,4
La Liga,Barcelona 26/27 Home Women's Jersey S-XXL8,https://minkang.x.yupoo.com/albums/239479036?uid=1&isSubCate=false&referrercate=680717,https://photo.yupoo.com/minkang/986cd36a33/large.jpg,5
La Liga,Barcelona 26/27 Home Women's Jersey S-XXL8,https://minkang.x.yupoo.com/albums/239479036?uid=1&isSubCate=false&referrercate=680717,https://photo.yupoo.com/minkang/17ad3c0182/large.jpg,6
La Liga,Barcelona 26/27 Home Women's Jersey S-XXL8,https://minkang.x.yupoo.com/albums/239479036?uid=1&isSubCate=false&referrercate=680717,https://photo.yupoo.com/minkang/0805d5c6aa/large.jpg,7
La Liga,Barcelona 26/27 Home Women's Jersey S-XXL8,https://minkang.x.yupoo.com/albums/239479036?uid=1&isSubCate=false&referrercate=680717,https://photo.yupoo.com/minkang/b2aa4bd9d6/large.jpg,8
La Liga,Barcelona 26/27 Home Women's Jersey S-XXL8,https://minkang.x.yupoo.com/albums/239479036?uid=1&isSubCate=false&referrercate=680717,https://photo.yupoo.com/minkang/c5b20fb9b7/square.jpg,9
La Liga,Barcelona 26/27 Home Women's Jersey S-XXL8,https://minkang.x.yupoo.com/albums/239479036?uid=1&isSubCate=false&referrercate=680717,https://photo.yupoo.com/minkang/98364fb397/square.jpg,10
La Liga,Barcelona 26/27 Home Women's Jersey S-XXL8,https://minkang.x.yupoo.com/albums/239479036?uid=1&isSubCate=false&referrercate=680717,https://photo.yupoo.com/minkang/494376f8c0/square.jpg,11
La Liga,Barcelona 26/27 Home Women's Jersey S-XXL8,https://minkang.x.yupoo.com/albums/239479036?uid=1&isSubCate=false&referrercate=680717,https://photo.yupoo.com/minkang/3d56a151aa/square.jpg,12
La Liga,Barcelona 26/27 Home Women's Jersey S-XXL8,https://minkang.x.yupoo.com/albums/239479036?uid=1&isSubCate=false&referrercate=680717,https://photo.yupoo.com/minkang/986cd36a33/square.jpg,13
La Liga,Barcelona 26/27 Home Women's Jersey S-XXL8,https://minkang.x.yupoo.com/albums/239479036?uid=1&isSubCate=false&referrercate=680717,https://photo.yupoo.com/minkang/17ad3c0182/square.jpg,14
La Liga,Barcelona 26/27 Home Women's Jersey S-XXL8,https://minkang.x.yupoo.com/albums/239479036?uid=1&isSubCate=false&referrercate=680717,https://photo.yupoo.com/minkang/0805d5c6aa/square.jpg,15
La Liga,Barcelona 26/27 Home Women's Jersey S-XXL8,https://minkang.x.yupoo.com/albums/239479036?uid=1&isSubCate=false&referrercate=680717,https://photo.yupoo.com/minkang/b2aa4bd9d6/square.jpg,16
La Liga,Barcelona 26/27 Home Baby Jersey SIZE 9129,https://minkang.x.yupoo.com/albums/239478937?uid=1&isSubCate=false&referrercate=680717,https://photo.yupoo.com/minkang/4a1607d9e1/large.jpg,1
La Liga,Barcelona 26/27 Home Baby Jersey SIZE 9129,https://minkang.x.yupoo.com/albums/239478937?uid=1&isSubCate=false&referrercate=680717,https://photo.yupoo.com/minkang/1b042511ff/large.jpg,2
La Liga,Barcelona 26/27 Home Baby Jersey SIZE 9129,https://minkang.x.yupoo.com/albums/239478937?uid=1&isSubCate=false&referrercate=680717,https://photo.yupoo.com/minkang/ba5b38ec83/large.jpg,3
La Liga,Barcelona 26/27 Home Baby Jersey SIZE 9129,https://minkang.x.yupoo.com/albums/239478937?uid=1&isSubCate=false&referrercate=680717,https://photo.yupoo.com/minkang/55d3b2c7d6/large.jpg,4
La Liga,Barcelona 26/27 Home Baby Jersey SIZE 9129,https://minkang.x.yupoo.com/albums/239478937?uid=1&isSubCate=false&referrercate=680717,https://photo.yupoo.com/minkang/630690637c/large.jpg,5
La Liga,Barcelona 26/27 Home Baby Jersey SIZE 9129,https://minkang.x.yupoo.com/albums/239478937?uid=1&isSubCate=false&referrercate=680717,https://photo.yupoo.com/minkang/08358fe54a/large.jpg,6
La Liga,Barcelona 26/27 Home Baby Jersey SIZE 9129,https://minkang.x.yupoo.com/albums/239478937?uid=1&isSubCate=false&referrercate=680717,https://photo.yupoo.com/minkang/e468ce674c/large.jpg,7
La Liga,Barcelona 26/27 Home Baby Jersey SIZE 9129,https://minkang.x.yupoo.com/albums/239478937?uid=1&isSubCate=false&referrercate=680717,https://photo.yupoo.com/minkang/196ef0b3aa/large.jpg,8
La Liga,Barcelona 26/27 Home Baby Jersey SIZE 9129,https://minkang.x.yupoo.com/albums/239478937?uid=1&isSubCate=false&referrercate=680717,https://photo.yupoo.com/minkang/bfbdcfdb46/large.jpg,9
La Liga,Barcelona 26/27 Home Baby Jersey SIZE 9129,https://minkang.x.yupoo.com/albums/239478937?uid=1&isSubCate=false&referrercate=680717,https://photo.yupoo.com/minkang/1b042511ff/square.jpg,10
La Liga,Barcelona 26/27 Home Baby Jersey SIZE 9129,https://minkang.x.yupoo.com/albums/239478937?uid=1&isSubCate=false&referrercate=680717,https://photo.yupoo.com/minkang/4a1607d9e1/square.jpg,11
La Liga,Barcelona 26/27 Home Baby Jersey SIZE 9129,https://minkang.x.yupoo.com/albums/239478937?uid=1&isSubCate=false&referrercate=680717,https://photo.yupoo.com/minkang/ba5b38ec83/square.jpg,12
La Liga,Barcelona 26/27 Home Baby Jersey SIZE 9129,https://minkang.x.yupoo.com/albums/239478937?uid=1&isSubCate=false&referrercate=680717,https://photo.yupoo.com/minkang/55d3b2c7d6/square.jpg,13
La Liga,Barcelona 26/27 Home Baby Jersey SIZE 9129,https://minkang.x.yupoo.com/albums/239478937?uid=1&isSubCate=false&referrercate=680717,https://photo.yupoo.com/minkang/630690637c/square.jpg,14
La Liga,Barcelona 26/27 Home Baby Jersey SIZE 9129,https://minkang.x.yupoo.com/albums/239478937?uid=1&isSubCate=false&referrercate=680717,https://photo.yupoo.com/minkang/08358fe54a/square.jpg,15
La Liga,Barcelona 26/27 Home Baby Jersey SIZE 9129,https://minkang.x.yupoo.com/albums/239478937?uid=1&isSubCate=false&referrercate=680717,https://photo.yupoo.com/minkang/e468ce674c/square.jpg,16
La Liga,Barcelona 26/27 Home Baby Jersey SIZE 9129,https://minkang.x.yupoo.com/albums/239478937?uid=1&isSubCate=false&referrercate=680717,https://photo.yupoo.com/minkang/196ef0b3aa/square.jpg,17
La Liga,Barcelona 26/27 Home Baby Jersey SIZE 9129,https://minkang.x.yupoo.com/albums/239478937?uid=1&isSubCate=false&referrercate=680717,https://photo.yupoo.com/minkang/bfbdcfdb46/square.jpg,18
La Liga,Valencia 26/27 Away Jersey S-4XL9,https://minkang.x.yupoo.com/albums/239253610?uid=1&isSubCate=false&referrercate=680717,https://photo.yupoo.com/minkang/8c2c14dac4/large.jpg,1
La Liga,Valencia 26/27 Away Jersey S-4XL9,https://minkang.x.yupoo.com/albums/239253610?uid=1&isSubCate=false&referrercate=680717,https://photo.yupoo.com/minkang/a04809cd49/large.jpg,2
La Liga,Valencia 26/27 Away Jersey S-4XL9,https://minkang.x.yupoo.com/albums/239253610?uid=1&isSubCate=false&referrercate=680717,https://photo.yupoo.com/minkang/4682fc52e0/large.jpg,3
La Liga,Valencia 26/27 Away Jersey S-4XL9,https://minkang.x.yupoo.com/albums/239253610?uid=1&isSubCate=false&referrercate=680717,https://photo.yupoo.com/minkang/49a2052183/large.jpg,4
La Liga,Valencia 26/27 Away Jersey S-4XL9,https://minkang.x.yupoo.com/albums/239253610?uid=1&isSubCate=false&referrercate=680717,https://photo.yupoo.com/minkang/ea5afbe7f1/large.jpg,5
La Liga,Valencia 26/27 Away Jersey S-4XL9,https://minkang.x.yupoo.com/albums/239253610?uid=1&isSubCate=false&referrercate=680717,https://photo.yupoo.com/minkang/2528fa9eac/large.jpg,6
La Liga,Valencia 26/27 Away Jersey S-4XL9,https://minkang.x.yupoo.com/albums/239253610?uid=1&isSubCate=false&referrercate=680717,https://photo.yupoo.com/minkang/6ce5de0c4f/large.jpg,7
La Liga,Valencia 26/27 Away Jersey S-4XL9,https://minkang.x.yupoo.com/albums/239253610?uid=1&isSubCate=false&referrercate=680717,https://photo.yupoo.com/minkang/a99e546c47/large.jpg,8
La Liga,Valencia 26/27 Away Jersey S-4XL9,https://minkang.x.yupoo.com/albums/239253610?uid=1&isSubCate=false&referrercate=680717,https://photo.yupoo.com/minkang/6dab22cc97/large.jpg,9
La Liga,Valencia 26/27 Away Jersey S-4XL9,https://minkang.x.yupoo.com/albums/239253610?uid=1&isSubCate=false&referrercate=680717,https://photo.yupoo.com/minkang/a04809cd49/square.jpg,10
La Liga,Valencia 26/27 Away Jersey S-4XL9,https://minkang.x.yupoo.com/albums/239253610?uid=1&isSubCate=false&referrercate=680717,https://photo.yupoo.com/minkang/8c2c14dac4/square.jpg,11
La Liga,Valencia 26/27 Away Jersey S-4XL9,https://minkang.x.yupoo.com/albums/239253610?uid=1&isSubCate=false&referrercate=680717,https://photo.yupoo.com/minkang/4682fc52e0/square.jpg,12
La Liga,Valencia 26/27 Away Jersey S-4XL9,https://minkang.x.yupoo.com/albums/239253610?uid=1&isSubCate=false&referrercate=680717,https://photo.yupoo.com/minkang/49a2052183/square.jpg,13
La Liga,Valencia 26/27 Away Jersey S-4XL9,https://minkang.x.yupoo.com/albums/239253610?uid=1&isSubCate=false&referrercate=680717,https://photo.yupoo.com/minkang/ea5afbe7f1/square.jpg,14
La Liga,Valencia 26/27 Away Jersey S-4XL9,https://minkang.x.yupoo.com/albums/239253610?uid=1&isSubCate=false&referrercate=680717,https://photo.yupoo.com/minkang/2528fa9eac/square.jpg,15
La Liga,Valencia 26/27 Away Jersey S-4XL9,https://minkang.x.yupoo.com/albums/239253610?uid=1&isSubCate=false&referrercate=680717,https://photo.yupoo.com/minkang/6ce5de0c4f/square.jpg,16
La Liga,Valencia 26/27 Away Jersey S-4XL9,https://minkang.x.yupoo.com/albums/239253610?uid=1&isSubCate=false&referrercate=680717,https://photo.yupoo.com/minkang/a99e546c47/square.jpg,17
La Liga,Valencia 26/27 Away Jersey S-4XL9,https://minkang.x.yupoo.com/albums/239253610?uid=1&isSubCate=false&referrercate=680717,https://photo.yupoo.com/minkang/6dab22cc97/square.jpg,18
La Liga,Barcelona 26/27 Special Edition Jersey S-4XL7,https://minkang.x.yupoo.com/albums/239251037?uid=1&isSubCate=false&referrercate=680717,https://photo.yupoo.com/minkang/7d00ebc700/large.jpg,1
La Liga,Barcelona 26/27 Special Edition Jersey S-4XL7,https://minkang.x.yupoo.com/albums/239251037?uid=1&isSubCate=false&referrercate=680717,https://photo.yupoo.com/minkang/0689cb49c3/large.jpg,2
La Liga,Barcelona 26/27 Special Edition Jersey S-4XL7,https://minkang.x.yupoo.com/albums/239251037?uid=1&isSubCate=false&referrercate=680717,https://photo.yupoo.com/minkang/50766c82cd/large.jpg,3
La Liga,Barcelona 26/27 Special Edition Jersey S-4XL7,https://minkang.x.yupoo.com/albums/239251037?uid=1&isSubCate=false&referrercate=680717,https://photo.yupoo.com/minkang/b5d5d2fe0c/large.jpg,4
La Liga,Barcelona 26/27 Special Edition Jersey S-4XL7,https://minkang.x.yupoo.com/albums/239251037?uid=1&isSubCate=false&referrercate=680717,https://photo.yupoo.com/minkang/6c88489dc0/large.jpg,5
La Liga,Barcelona 26/27 Special Edition Jersey S-4XL7,https://minkang.x.yupoo.com/albums/239251037?uid=1&isSubCate=false&referrercate=680717,https://photo.yupoo.com/minkang/a74be152f7/large.jpg,6
La Liga,Barcelona 26/27 Special Edition Jersey S-4XL7,https://minkang.x.yupoo.com/albums/239251037?uid=1&isSubCate=false&referrercate=680717,https://photo.yupoo.com/minkang/f6b4308d6a/large.jpg,7
La Liga,Barcelona 26/27 Special Edition Jersey S-4XL7,https://minkang.x.yupoo.com/albums/239251037?uid=1&isSubCate=false&referrercate=680717,https://photo.yupoo.com/minkang/0689cb49c3/square.jpg,8
La Liga,Barcelona 26/27 Special Edition Jersey S-4XL7,https://minkang.x.yupoo.com/albums/239251037?uid=1&isSubCate=false&referrercate=680717,https://photo.yupoo.com/minkang/7d00ebc700/square.jpg,9
La Liga,Barcelona 26/27 Special Edition Jersey S-4XL7,https://minkang.x.yupoo.com/albums/239251037?uid=1&isSubCate=false&referrercate=680717,https://photo.yupoo.com/minkang/50766c82cd/square.jpg,10
La Liga,Barcelona 26/27 Special Edition Jersey S-4XL7,https://minkang.x.yupoo.com/albums/239251037?uid=1&isSubCate=false&referrercate=680717,https://photo.yupoo.com/minkang/b5d5d2fe0c/square.jpg,11
La Liga,Barcelona 26/27 Special Edition Jersey S-4XL7,https://minkang.x.yupoo.com/albums/239251037?uid=1&isSubCate=false&referrercate=680717,https://photo.yupoo.com/minkang/6c88489dc0/square.jpg,12
La Liga,Barcelona 26/27 Special Edition Jersey S-4XL7,https://minkang.x.yupoo.com/albums/239251037?uid=1&isSubCate=false&referrercate=680717,https://photo.yupoo.com/minkang/a74be152f7/square.jpg,13
La Liga,Barcelona 26/27 Special Edition Jersey S-4XL7,https://minkang.x.yupoo.com/albums/239251037?uid=1&isSubCate=false&referrercate=680717,https://photo.yupoo.com/minkang/f6b4308d6a/square.jpg,14
La Liga,Atletico Madrid 15/16 Away Retro Jersey S-4XL9,https://minkang.x.yupoo.com/albums/239250987?uid=1&isSubCate=false&referrercate=680717,https://photo.yupoo.com/minkang/e3877f7340/large.jpg,1
La Liga,Atletico Madrid 15/16 Away Retro Jersey S-4XL9,https://minkang.x.yupoo.com/albums/239250987?uid=1&isSubCate=false&referrercate=680717,https://photo.yupoo.com/minkang/a7f33e7c19/large.jpg,2
La Liga,Atletico Madrid 15/16 Away Retro Jersey S-4XL9,https://minkang.x.yupoo.com/albums/239250987?uid=1&isSubCate=false&referrercate=680717,https://photo.yupoo.com/minkang/ec8b65b9b0/large.jpg,3
La Liga,Atletico Madrid 15/16 Away Retro Jersey S-4XL9,https://minkang.x.yupoo.com/albums/239250987?uid=1&isSubCate=false&referrercate=680717,https://photo.yupoo.com/minkang/0febb652d9/large.jpg,4
La Liga,Atletico Madrid 15/16 Away Retro Jersey S-4XL9,https://minkang.x.yupoo.com/albums/239250987?uid=1&isSubCate=false&referrercate=680717,https://photo.yupoo.com/minkang/a32c36b393/large.jpg,5
La Liga,Atletico Madrid 15/16 Away Retro Jersey S-4XL9,https://minkang.x.yupoo.com/albums/239250987?uid=1&isSubCate=false&referrercate=680717,https://photo.yupoo.com/minkang/9572facb67/large.jpg,6
La Liga,Atletico Madrid 15/16 Away Retro Jersey S-4XL9,https://minkang.x.yupoo.com/albums/239250987?uid=1&isSubCate=false&referrercate=680717,https://photo.yupoo.com/minkang/22f5f10ad5/large.jpg,7
La Liga,Atletico Madrid 15/16 Away Retro Jersey S-4XL9,https://minkang.x.yupoo.com/albums/239250987?uid=1&isSubCate=false&referrercate=680717,https://photo.yupoo.com/minkang/c3bd5c1e6c/large.jpg,8
La Liga,Atletico Madrid 15/16 Away Retro Jersey S-4XL9,https://minkang.x.yupoo.com/albums/239250987?uid=1&isSubCate=false&referrercate=680717,https://photo.yupoo.com/minkang/16aef11099/large.jpg,9
La Liga,Atletico Madrid 15/16 Away Retro Jersey S-4XL9,https://minkang.x.yupoo.com/albums/239250987?uid=1&isSubCate=false&referrercate=680717,https://photo.yupoo.com/minkang/a7f33e7c19/square.jpg,10
La Liga,Atletico Madrid 15/16 Away Retro Jersey S-4XL9,https://minkang.x.yupoo.com/albums/239250987?uid=1&isSubCate=false&referrercate=680717,https://photo.yupoo.com/minkang/e3877f7340/square.jpg,11
La Liga,Atletico Madrid 15/16 Away Retro Jersey S-4XL9,https://minkang.x.yupoo.com/albums/239250987?uid=1&isSubCate=false&referrercate=680717,https://photo.yupoo.com/minkang/ec8b65b9b0/square.jpg,12
La Liga,Atletico Madrid 15/16 Away Retro Jersey S-4XL9,https://minkang.x.yupoo.com/albums/239250987?uid=1&isSubCate=false&referrercate=680717,https://photo.yupoo.com/minkang/0febb652d9/square.jpg,13
La Liga,Atletico Madrid 15/16 Away Retro Jersey S-4XL9,https://minkang.x.yupoo.com/albums/239250987?uid=1&isSubCate=false&referrercate=680717,https://photo.yupoo.com/minkang/a32c36b393/square.jpg,14
La Liga,Atletico Madrid 15/16 Away Retro Jersey S-4XL9,https://minkang.x.yupoo.com/albums/239250987?uid=1&isSubCate=false&referrercate=680717,https://photo.yupoo.com/minkang/9572facb67/square.jpg,15
La Liga,Atletico Madrid 15/16 Away Retro Jersey S-4XL9,https://minkang.x.yupoo.com/albums/239250987?uid=1&isSubCate=false&referrercate=680717,https://photo.yupoo.com/minkang/22f5f10ad5/square.jpg,16
La Liga,Atletico Madrid 15/16 Away Retro Jersey S-4XL9,https://minkang.x.yupoo.com/albums/239250987?uid=1&isSubCate=false&referrercate=680717,https://photo.yupoo.com/minkang/c3bd5c1e6c/square.jpg,17
La Liga,Atletico Madrid 15/16 Away Retro Jersey S-4XL9,https://minkang.x.yupoo.com/albums/239250987?uid=1&isSubCate=false&referrercate=680717,https://photo.yupoo.com/minkang/16aef11099/square.jpg,18
La Liga,UD Almeria 25/26 Retro Style Jersey S-4XL7,https://minkang.x.yupoo.com/albums/239062441?uid=1&isSubCate=false&referrercate=680717,https://photo.yupoo.com/minkang/262e669b19/large.jpg,1
La Liga,UD Almeria 25/26 Retro Style Jersey S-4XL7,https://minkang.x.yupoo.com/albums/239062441?uid=1&isSubCate=false&referrercate=680717,https://photo.yupoo.com/minkang/e3a4b37deb/large.jpg,2
La Liga,UD Almeria 25/26 Retro Style Jersey S-4XL7,https://minkang.x.yupoo.com/albums/239062441?uid=1&isSubCate=false&referrercate=680717,https://photo.yupoo.com/minkang/f31b6f7327/large.jpg,3
La Liga,UD Almeria 25/26 Retro Style Jersey S-4XL7,https://minkang.x.yupoo.com/albums/239062441?uid=1&isSubCate=false&referrercate=680717,https://photo.yupoo.com/minkang/e5edfe9f41/large.jpg,4
La Liga,UD Almeria 25/26 Retro Style Jersey S-4XL7,https://minkang.x.yupoo.com/albums/239062441?uid=1&isSubCate=false&referrercate=680717,https://photo.yupoo.com/minkang/5c1f51b0f7/large.jpg,5
La Liga,UD Almeria 25/26 Retro Style Jersey S-4XL7,https://minkang.x.yupoo.com/albums/239062441?uid=1&isSubCate=false&referrercate=680717,https://photo.yupoo.com/minkang/6903754211/large.jpg,6
La Liga,UD Almeria 25/26 Retro Style Jersey S-4XL7,https://minkang.x.yupoo.com/albums/239062441?uid=1&isSubCate=false&referrercate=680717,https://photo.yupoo.com/minkang/237b1d3b22/large.jpg,7
La Liga,UD Almeria 25/26 Retro Style Jersey S-4XL7,https://minkang.x.yupoo.com/albums/239062441?uid=1&isSubCate=false&referrercate=680717,https://photo.yupoo.com/minkang/e3a4b37deb/square.jpg,8
La Liga,UD Almeria 25/26 Retro Style Jersey S-4XL7,https://minkang.x.yupoo.com/albums/239062441?uid=1&isSubCate=false&referrercate=680717,https://photo.yupoo.com/minkang/262e669b19/square.jpg,9
La Liga,UD Almeria 25/26 Retro Style Jersey S-4XL7,https://minkang.x.yupoo.com/albums/239062441?uid=1&isSubCate=false&referrercate=680717,https://photo.yupoo.com/minkang/f31b6f7327/square.jpg,10
La Liga,UD Almeria 25/26 Retro Style Jersey S-4XL7,https://minkang.x.yupoo.com/albums/239062441?uid=1&isSubCate=false&referrercate=680717,https://photo.yupoo.com/minkang/e5edfe9f41/square.jpg,11
La Liga,UD Almeria 25/26 Retro Style Jersey S-4XL7,https://minkang.x.yupoo.com/albums/239062441?uid=1&isSubCate=false&referrercate=680717,https://photo.yupoo.com/minkang/5c1f51b0f7/square.jpg,12
La Liga,UD Almeria 25/26 Retro Style Jersey S-4XL7,https://minkang.x.yupoo.com/albums/239062441?uid=1&isSubCate=false&referrercate=680717,https://photo.yupoo.com/minkang/6903754211/square.jpg,13
La Liga,UD Almeria 25/26 Retro Style Jersey S-4XL7,https://minkang.x.yupoo.com/albums/239062441?uid=1&isSubCate=false&referrercate=680717,https://photo.yupoo.com/minkang/237b1d3b22/square.jpg,14
La Liga,Barcelona Casual T-shirt S-3XL5,https://minkang.x.yupoo.com/albums/239060220?uid=1&isSubCate=false&referrercate=680717,https://photo.yupoo.com/minkang/cbd262f7b3/large.jpg,1
La Liga,Barcelona Casual T-shirt S-3XL5,https://minkang.x.yupoo.com/albums/239060220?uid=1&isSubCate=false&referrercate=680717,https://photo.yupoo.com/minkang/7c76167004/large.jpg,2
La Liga,Barcelona Casual T-shirt S-3XL5,https://minkang.x.yupoo.com/albums/239060220?uid=1&isSubCate=false&referrercate=680717,https://photo.yupoo.com/minkang/cd58b8ddab/large.jpg,3
La Liga,Barcelona Casual T-shirt S-3XL5,https://minkang.x.yupoo.com/albums/239060220?uid=1&isSubCate=false&referrercate=680717,https://photo.yupoo.com/minkang/2d9bab8ac5/large.jpg,4
La Liga,Barcelona Casual T-shirt S-3XL5,https://minkang.x.yupoo.com/albums/239060220?uid=1&isSubCate=false&referrercate=680717,https://photo.yupoo.com/minkang/5cde9ed36e/large.jpg,5
La Liga,Barcelona Casual T-shirt S-3XL5,https://minkang.x.yupoo.com/albums/239060220?uid=1&isSubCate=false&referrercate=680717,https://photo.yupoo.com/minkang/7c76167004/square.jpg,6
La Liga,Barcelona Casual T-shirt S-3XL5,https://minkang.x.yupoo.com/albums/239060220?uid=1&isSubCate=false&referrercate=680717,https://photo.yupoo.com/minkang/cbd262f7b3/square.jpg,7
La Liga,Barcelona Casual T-shirt S-3XL5,https://minkang.x.yupoo.com/albums/239060220?uid=1&isSubCate=false&referrercate=680717,https://photo.yupoo.com/minkang/cd58b8ddab/square.jpg,8
La Liga,Barcelona Casual T-shirt S-3XL5,https://minkang.x.yupoo.com/albums/239060220?uid=1&isSubCate=false&referrercate=680717,https://photo.yupoo.com/minkang/2d9bab8ac5/square.jpg,9
La Liga,Barcelona Casual T-shirt S-3XL5,https://minkang.x.yupoo.com/albums/239060220?uid=1&isSubCate=false&referrercate=680717,https://photo.yupoo.com/minkang/5cde9ed36e/square.jpg,10
La Liga,Osasuna 87/88 Home Retro Jersey S-XXL7,https://minkang.x.yupoo.com/albums/238632335?uid=1&isSubCate=false&referrercate=680717,https://photo.yupoo.com/minkang/b3b074b6dd/large.jpg,1
La Liga,Osasuna 87/88 Home Retro Jersey S-XXL7,https://minkang.x.yupoo.com/albums/238632335?uid=1&isSubCate=false&referrercate=680717,https://photo.yupoo.com/minkang/3583e9c777/large.jpg,2
La Liga,Osasuna 87/88 Home Retro Jersey S-XXL7,https://minkang.x.yupoo.com/albums/238632335?uid=1&isSubCate=false&referrercate=680717,https://photo.yupoo.com/minkang/4a7550e8ae/large.jpg,3
La Liga,Osasuna 87/88 Home Retro Jersey S-XXL7,https://minkang.x.yupoo.com/albums/238632335?uid=1&isSubCate=false&referrercate=680717,https://photo.yupoo.com/minkang/54e9181a68/large.jpg,4
La Liga,Osasuna 87/88 Home Retro Jersey S-XXL7,https://minkang.x.yupoo.com/albums/238632335?uid=1&isSubCate=false&referrercate=680717,https://photo.yupoo.com/minkang/1e05026808/large.jpg,5
La Liga,Osasuna 87/88 Home Retro Jersey S-XXL7,https://minkang.x.yupoo.com/albums/238632335?uid=1&isSubCate=false&referrercate=680717,https://photo.yupoo.com/minkang/16e4d28a0d/large.jpg,6
La Liga,Osasuna 87/88 Home Retro Jersey S-XXL7,https://minkang.x.yupoo.com/albums/238632335?uid=1&isSubCate=false&referrercate=680717,https://photo.yupoo.com/minkang/50b5eb34bb/large.jpg,7
La Liga,Osasuna 87/88 Home Retro Jersey S-XXL7,https://minkang.x.yupoo.com/albums/238632335?uid=1&isSubCate=false&referrercate=680717,https://photo.yupoo.com/minkang/b3b074b6dd/square.jpg,8
La Liga,Osasuna 87/88 Home Retro Jersey S-XXL7,https://minkang.x.yupoo.com/albums/238632335?uid=1&isSubCate=false&referrercate=680717,https://photo.yupoo.com/minkang/3583e9c777/square.jpg,9
La Liga,Osasuna 87/88 Home Retro Jersey S-XXL7,https://minkang.x.yupoo.com/albums/238632335?uid=1&isSubCate=false&referrercate=680717,https://photo.yupoo.com/minkang/4a7550e8ae/square.jpg,10
La Liga,Osasuna 87/88 Home Retro Jersey S-XXL7,https://minkang.x.yupoo.com/albums/238632335?uid=1&isSubCate=false&referrercate=680717,https://photo.yupoo.com/minkang/54e9181a68/square.jpg,11
La Liga,Osasuna 87/88 Home Retro Jersey S-XXL7,https://minkang.x.yupoo.com/albums/238632335?uid=1&isSubCate=false&referrercate=680717,https://photo.yupoo.com/minkang/1e05026808/square.jpg,12
La Liga,Osasuna 87/88 Home Retro Jersey S-XXL7,https://minkang.x.yupoo.com/albums/238632335?uid=1&isSubCate=false&referrercate=680717,https://photo.yupoo.com/minkang/16e4d28a0d/square.jpg,13
La Liga,Osasuna 87/88 Home Retro Jersey S-XXL7,https://minkang.x.yupoo.com/albums/238632335?uid=1&isSubCate=false&referrercate=680717,https://photo.yupoo.com/minkang/50b5eb34bb/square.jpg,14
La Liga,Errea CD Castellón 2526 Retro Style Jersey S-4XL9,https://minkang.x.yupoo.com/albums/238630648?uid=1&isSubCate=false&referrercate=680717,https://photo.yupoo.com/minkang/9f2e7bc62d/large.jpg,1
La Liga,Errea CD Castellón 2526 Retro Style Jersey S-4XL9,https://minkang.x.yupoo.com/albums/238630648?uid=1&isSubCate=false&referrercate=680717,https://photo.yupoo.com/minkang/368601bc2d/large.jpg,2
La Liga,Errea CD Castellón 2526 Retro Style Jersey S-4XL9,https://minkang.x.yupoo.com/albums/238630648?uid=1&isSubCate=false&referrercate=680717,https://photo.yupoo.com/minkang/d3359eaab4/large.jpg,3
La Liga,Errea CD Castellón 2526 Retro Style Jersey S-4XL9,https://minkang.x.yupoo.com/albums/238630648?uid=1&isSubCate=false&referrercate=680717,https://photo.yupoo.com/minkang/c5effb7686/large.jpg,4
La Liga,Errea CD Castellón 2526 Retro Style Jersey S-4XL9,https://minkang.x.yupoo.com/albums/238630648?uid=1&isSubCate=false&referrercate=680717,https://photo.yupoo.com/minkang/58844738f9/large.jpg,5
La Liga,Errea CD Castellón 2526 Retro Style Jersey S-4XL9,https://minkang.x.yupoo.com/albums/238630648?uid=1&isSubCate=false&referrercate=680717,https://photo.yupoo.com/minkang/481e7654be/large.jpg,6
La Liga,Errea CD Castellón 2526 Retro Style Jersey S-4XL9,https://minkang.x.yupoo.com/albums/238630648?uid=1&isSubCate=false&referrercate=680717,https://photo.yupoo.com/minkang/dbe4edf81a/large.jpg,7
La Liga,Errea CD Castellón 2526 Retro Style Jersey S-4XL9,https://minkang.x.yupoo.com/albums/238630648?uid=1&isSubCate=false&referrercate=680717,https://photo.yupoo.com/minkang/124958cca8/large.jpg,8
La Liga,Errea CD Castellón 2526 Retro Style Jersey S-4XL9,https://minkang.x.yupoo.com/albums/238630648?uid=1&isSubCate=false&referrercate=680717,https://photo.yupoo.com/minkang/5ddc0de1c8/large.jpg,9
La Liga,Errea CD Castellón 2526 Retro Style Jersey S-4XL9,https://minkang.x.yupoo.com/albums/238630648?uid=1&isSubCate=false&referrercate=680717,https://photo.yupoo.com/minkang/9f2e7bc62d/square.jpg,10
La Liga,Errea CD Castellón 2526 Retro Style Jersey S-4XL9,https://minkang.x.yupoo.com/albums/238630648?uid=1&isSubCate=false&referrercate=680717,https://photo.yupoo.com/minkang/368601bc2d/square.jpg,11
La Liga,Errea CD Castellón 2526 Retro Style Jersey S-4XL9,https://minkang.x.yupoo.com/albums/238630648?uid=1&isSubCate=false&referrercate=680717,https://photo.yupoo.com/minkang/d3359eaab4/square.jpg,12
La Liga,Errea CD Castellón 2526 Retro Style Jersey S-4XL9,https://minkang.x.yupoo.com/albums/238630648?uid=1&isSubCate=false&referrercate=680717,https://photo.yupoo.com/minkang/c5effb7686/square.jpg,13
La Liga,Errea CD Castellón 2526 Retro Style Jersey S-4XL9,https://minkang.x.yupoo.com/albums/238630648?uid=1&isSubCate=false&referrercate=680717,https://photo.yupoo.com/minkang/58844738f9/square.jpg,14
La Liga,Errea CD Castellón 2526 Retro Style Jersey S-4XL9,https://minkang.x.yupoo.com/albums/238630648?uid=1&isSubCate=false&referrercate=680717,https://photo.yupoo.com/minkang/481e7654be/square.jpg,15
La Liga,Errea CD Castellón 2526 Retro Style Jersey S-4XL9,https://minkang.x.yupoo.com/albums/238630648?uid=1&isSubCate=false&referrercate=680717,https://photo.yupoo.com/minkang/dbe4edf81a/square.jpg,16
La Liga,Errea CD Castellón 2526 Retro Style Jersey S-4XL9,https://minkang.x.yupoo.com/albums/238630648?uid=1&isSubCate=false&referrercate=680717,https://photo.yupoo.com/minkang/124958cca8/square.jpg,17
La Liga,Errea CD Castellón 2526 Retro Style Jersey S-4XL9,https://minkang.x.yupoo.com/albums/238630648?uid=1&isSubCate=false&referrercate=680717,https://photo.yupoo.com/minkang/5ddc0de1c8/square.jpg,18
La Liga,Real Madrid 26/27 Third Away Jersey S-4XL8,https://minkang.x.yupoo.com/albums/238463510?uid=1&isSubCate=false&referrercate=680717,https://photo.yupoo.com/minkang/ed031cc5e7/large.jpg,1
La Liga,Real Madrid 26/27 Third Away Jersey S-4XL8,https://minkang.x.yupoo.com/albums/238463510?uid=1&isSubCate=false&referrercate=680717,https://photo.yupoo.com/minkang/0464036684/large.jpg,2
La Liga,Real Madrid 26/27 Third Away Jersey S-4XL8,https://minkang.x.yupoo.com/albums/238463510?uid=1&isSubCate=false&referrercate=680717,https://photo.yupoo.com/minkang/2ba2130e08/large.jpg,3
La Liga,Real Madrid 26/27 Third Away Jersey S-4XL8,https://minkang.x.yupoo.com/albums/238463510?uid=1&isSubCate=false&referrercate=680717,https://photo.yupoo.com/minkang/c2b2f153bf/large.jpg,4
La Liga,Real Madrid 26/27 Third Away Jersey S-4XL8,https://minkang.x.yupoo.com/albums/238463510?uid=1&isSubCate=false&referrercate=680717,https://photo.yupoo.com/minkang/9b6b314d72/large.jpg,5
La Liga,Real Madrid 26/27 Third Away Jersey S-4XL8,https://minkang.x.yupoo.com/albums/238463510?uid=1&isSubCate=false&referrercate=680717,https://photo.yupoo.com/minkang/f7124599e6/large.jpg,6
La Liga,Real Madrid 26/27 Third Away Jersey S-4XL8,https://minkang.x.yupoo.com/albums/238463510?uid=1&isSubCate=false&referrercate=680717,https://photo.yupoo.com/minkang/04884f00a2/large.jpg,7
La Liga,Real Madrid 26/27 Third Away Jersey S-4XL8,https://minkang.x.yupoo.com/albums/238463510?uid=1&isSubCate=false&referrercate=680717,https://photo.yupoo.com/minkang/b232d4194e/large.jpg,8
La Liga,Real Madrid 26/27 Third Away Jersey S-4XL8,https://minkang.x.yupoo.com/albums/238463510?uid=1&isSubCate=false&referrercate=680717,https://photo.yupoo.com/minkang/0464036684/square.jpg,9
La Liga,Real Madrid 26/27 Third Away Jersey S-4XL8,https://minkang.x.yupoo.com/albums/238463510?uid=1&isSubCate=false&referrercate=680717,https://photo.yupoo.com/minkang/ed031cc5e7/square.jpg,10
La Liga,Real Madrid 26/27 Third Away Jersey S-4XL8,https://minkang.x.yupoo.com/albums/238463510?uid=1&isSubCate=false&referrercate=680717,https://photo.yupoo.com/minkang/2ba2130e08/square.jpg,11
La Liga,Real Madrid 26/27 Third Away Jersey S-4XL8,https://minkang.x.yupoo.com/albums/238463510?uid=1&isSubCate=false&referrercate=680717,https://photo.yupoo.com/minkang/c2b2f153bf/square.jpg,12
La Liga,Real Madrid 26/27 Third Away Jersey S-4XL8,https://minkang.x.yupoo.com/albums/238463510?uid=1&isSubCate=false&referrercate=680717,https://photo.yupoo.com/minkang/9b6b314d72/square.jpg,13
La Liga,Real Madrid 26/27 Third Away Jersey S-4XL8,https://minkang.x.yupoo.com/albums/238463510?uid=1&isSubCate=false&referrercate=680717,https://photo.yupoo.com/minkang/f7124599e6/square.jpg,14
La Liga,Real Madrid 26/27 Third Away Jersey S-4XL8,https://minkang.x.yupoo.com/albums/238463510?uid=1&isSubCate=false&referrercate=680717,https://photo.yupoo.com/minkang/04884f00a2/square.jpg,15
La Liga,Real Madrid 26/27 Third Away Jersey S-4XL8,https://minkang.x.yupoo.com/albums/238463510?uid=1&isSubCate=false&referrercate=680717,https://photo.yupoo.com/minkang/b232d4194e/square.jpg,16
La Liga,Real Madrid 26/27 Retro Style Jersey S-XXL7,https://minkang.x.yupoo.com/albums/238463455?uid=1&isSubCate=false&referrercate=680717,https://photo.yupoo.com/minkang/aab305e100/large.jpg,1
La Liga,Real Madrid 26/27 Retro Style Jersey S-XXL7,https://minkang.x.yupoo.com/albums/238463455?uid=1&isSubCate=false&referrercate=680717,https://photo.yupoo.com/minkang/8425bfe700/large.jpg,2
La Liga,Real Madrid 26/27 Retro Style Jersey S-XXL7,https://minkang.x.yupoo.com/albums/238463455?uid=1&isSubCate=false&referrercate=680717,https://photo.yupoo.com/minkang/318fd9fc97/large.jpg,3
La Liga,Real Madrid 26/27 Retro Style Jersey S-XXL7,https://minkang.x.yupoo.com/albums/238463455?uid=1&isSubCate=false&referrercate=680717,https://photo.yupoo.com/minkang/f5ca1e8b62/large.jpg,4
La Liga,Real Madrid 26/27 Retro Style Jersey S-XXL7,https://minkang.x.yupoo.com/albums/238463455?uid=1&isSubCate=false&referrercate=680717,https://photo.yupoo.com/minkang/39dce3d9b8/large.jpg,5
La Liga,Real Madrid 26/27 Retro Style Jersey S-XXL7,https://minkang.x.yupoo.com/albums/238463455?uid=1&isSubCate=false&referrercate=680717,https://photo.yupoo.com/minkang/506f66ec54/large.jpg,6
La Liga,Real Madrid 26/27 Retro Style Jersey S-XXL7,https://minkang.x.yupoo.com/albums/238463455?uid=1&isSubCate=false&referrercate=680717,https://photo.yupoo.com/minkang/94331cf703/large.jpg,7
La Liga,Real Madrid 26/27 Retro Style Jersey S-XXL7,https://minkang.x.yupoo.com/albums/238463455?uid=1&isSubCate=false&referrercate=680717,https://photo.yupoo.com/minkang/8425bfe700/square.jpg,8
La Liga,Real Madrid 26/27 Retro Style Jersey S-XXL7,https://minkang.x.yupoo.com/albums/238463455?uid=1&isSubCate=false&referrercate=680717,https://photo.yupoo.com/minkang/aab305e100/square.jpg,9
La Liga,Real Madrid 26/27 Retro Style Jersey S-XXL7,https://minkang.x.yupoo.com/albums/238463455?uid=1&isSubCate=false&referrercate=680717,https://photo.yupoo.com/minkang/318fd9fc97/square.jpg,10
La Liga,Real Madrid 26/27 Retro Style Jersey S-XXL7,https://minkang.x.yupoo.com/albums/238463455?uid=1&isSubCate=false&referrercate=680717,https://photo.yupoo.com/minkang/f5ca1e8b62/square.jpg,11
La Liga,Real Madrid 26/27 Retro Style Jersey S-XXL7,https://minkang.x.yupoo.com/albums/238463455?uid=1&isSubCate=false&referrercate=680717,https://photo.yupoo.com/minkang/39dce3d9b8/square.jpg,12
La Liga,Real Madrid 26/27 Retro Style Jersey S-XXL7,https://minkang.x.yupoo.com/albums/238463455?uid=1&isSubCate=false&referrercate=680717,https://photo.yupoo.com/minkang/506f66ec54/square.jpg,13
La Liga,Real Madrid 26/27 Retro Style Jersey S-XXL7,https://minkang.x.yupoo.com/albums/238463455?uid=1&isSubCate=false&referrercate=680717,https://photo.yupoo.com/minkang/94331cf703/square.jpg,14
La Liga,Racing de Santander 25/26 Retro Style Jersey S-4XL6,https://minkang.x.yupoo.com/albums/238463416?uid=1&isSubCate=false&referrercate=680717,https://photo.yupoo.com/minkang/e4203a4bc2/large.jpg,1
La Liga,Racing de Santander 25/26 Retro Style Jersey S-4XL6,https://minkang.x.yupoo.com/albums/238463416?uid=1&isSubCate=false&referrercate=680717,https://photo.yupoo.com/minkang/6f3d03a927/large.jpg,2
La Liga,Racing de Santander 25/26 Retro Style Jersey S-4XL6,https://minkang.x.yupoo.com/albums/238463416?uid=1&isSubCate=false&referrercate=680717,https://photo.yupoo.com/minkang/d9605eb979/large.jpg,3
La Liga,Racing de Santander 25/26 Retro Style Jersey S-4XL6,https://minkang.x.yupoo.com/albums/238463416?uid=1&isSubCate=false&referrercate=680717,https://photo.yupoo.com/minkang/6cfed76dc0/large.jpg,4
La Liga,Racing de Santander 25/26 Retro Style Jersey S-4XL6,https://minkang.x.yupoo.com/albums/238463416?uid=1&isSubCate=false&referrercate=680717,https://photo.yupoo.com/minkang/cbf518e5e8/large.jpg,5
La Liga,Racing de Santander 25/26 Retro Style Jersey S-4XL6,https://minkang.x.yupoo.com/albums/238463416?uid=1&isSubCate=false&referrercate=680717,https://photo.yupoo.com/minkang/2d2e995d76/large.jpg,6
La Liga,Racing de Santander 25/26 Retro Style Jersey S-4XL6,https://minkang.x.yupoo.com/albums/238463416?uid=1&isSubCate=false&referrercate=680717,https://photo.yupoo.com/minkang/6f3d03a927/square.jpg,7
La Liga,Racing de Santander 25/26 Retro Style Jersey S-4XL6,https://minkang.x.yupoo.com/albums/238463416?uid=1&isSubCate=false&referrercate=680717,https://photo.yupoo.com/minkang/e4203a4bc2/square.jpg,8
La Liga,Racing de Santander 25/26 Retro Style Jersey S-4XL6,https://minkang.x.yupoo.com/albums/238463416?uid=1&isSubCate=false&referrercate=680717,https://photo.yupoo.com/minkang/d9605eb979/square.jpg,9
La Liga,Racing de Santander 25/26 Retro Style Jersey S-4XL6,https://minkang.x.yupoo.com/albums/238463416?uid=1&isSubCate=false&referrercate=680717,https://photo.yupoo.com/minkang/6cfed76dc0/square.jpg,10
La Liga,Racing de Santander 25/26 Retro Style Jersey S-4XL6,https://minkang.x.yupoo.com/albums/238463416?uid=1&isSubCate=false&referrercate=680717,https://photo.yupoo.com/minkang/cbf518e5e8/square.jpg,11
La Liga,Racing de Santander 25/26 Retro Style Jersey S-4XL6,https://minkang.x.yupoo.com/albums/238463416?uid=1&isSubCate=false&referrercate=680717,https://photo.yupoo.com/minkang/2d2e995d76/square.jpg,12
La Liga,Barcelona 26/27 Special Edition Player Version Jersey S-XXL6,https://minkang.x.yupoo.com/albums/238460625?uid=1&isSubCate=false&referrercate=680717,https://photo.yupoo.com/minkang/689644da43/large.jpg,1
La Liga,Barcelona 26/27 Special Edition Player Version Jersey S-XXL6,https://minkang.x.yupoo.com/albums/238460625?uid=1&isSubCate=false&referrercate=680717,https://photo.yupoo.com/minkang/84ae27f235/large.jpg,2
La Liga,Barcelona 26/27 Special Edition Player Version Jersey S-XXL6,https://minkang.x.yupoo.com/albums/238460625?uid=1&isSubCate=false&referrercate=680717,https://photo.yupoo.com/minkang/8702442cb2/large.jpg,3
La Liga,Barcelona 26/27 Special Edition Player Version Jersey S-XXL6,https://minkang.x.yupoo.com/albums/238460625?uid=1&isSubCate=false&referrercate=680717,https://photo.yupoo.com/minkang/335cc02504/large.jpg,4
La Liga,Barcelona 26/27 Special Edition Player Version Jersey S-XXL6,https://minkang.x.yupoo.com/albums/238460625?uid=1&isSubCate=false&referrercate=680717,https://photo.yupoo.com/minkang/8231662095/large.jpg,5
La Liga,Barcelona 26/27 Special Edition Player Version Jersey S-XXL6,https://minkang.x.yupoo.com/albums/238460625?uid=1&isSubCate=false&referrercate=680717,https://photo.yupoo.com/minkang/efdaac9ba6/large.jpg,6
La Liga,Barcelona 26/27 Special Edition Player Version Jersey S-XXL6,https://minkang.x.yupoo.com/albums/238460625?uid=1&isSubCate=false&referrercate=680717,https://photo.yupoo.com/minkang/84ae27f235/square.jpg,7
La Liga,Barcelona 26/27 Special Edition Player Version Jersey S-XXL6,https://minkang.x.yupoo.com/albums/238460625?uid=1&isSubCate=false&referrercate=680717,https://photo.yupoo.com/minkang/689644da43/square.jpg,8
La Liga,Barcelona 26/27 Special Edition Player Version Jersey S-XXL6,https://minkang.x.yupoo.com/albums/238460625?uid=1&isSubCate=false&referrercate=680717,https://photo.yupoo.com/minkang/8702442cb2/square.jpg,9
La Liga,Barcelona 26/27 Special Edition Player Version Jersey S-XXL6,https://minkang.x.yupoo.com/albums/238460625?uid=1&isSubCate=false&referrercate=680717,https://photo.yupoo.com/minkang/335cc02504/square.jpg,10
La Liga,Barcelona 26/27 Special Edition Player Version Jersey S-XXL6,https://minkang.x.yupoo.com/albums/238460625?uid=1&isSubCate=false&referrercate=680717,https://photo.yupoo.com/minkang/8231662095/square.jpg,11
La Liga,Barcelona 26/27 Special Edition Player Version Jersey S-XXL6,https://minkang.x.yupoo.com/albums/238460625?uid=1&isSubCate=false&referrercate=680717,https://photo.yupoo.com/minkang/efdaac9ba6/square.jpg,12
La Liga,Atletico Madrid 90/93 Away Retro Jersey S-4XL7,https://minkang.x.yupoo.com/albums/238460402?uid=1&isSubCate=false&referrercate=680717,https://photo.yupoo.com/minkang/30fac6c7eb/large.jpg,1
La Liga,Atletico Madrid 90/93 Away Retro Jersey S-4XL7,https://minkang.x.yupoo.com/albums/238460402?uid=1&isSubCate=false&referrercate=680717,https://photo.yupoo.com/minkang/206fd6e2ba/large.jpg,2
La Liga,Atletico Madrid 90/93 Away Retro Jersey S-4XL7,https://minkang.x.yupoo.com/albums/238460402?uid=1&isSubCate=false&referrercate=680717,https://photo.yupoo.com/minkang/a6f935187c/large.jpg,3
La Liga,Atletico Madrid 90/93 Away Retro Jersey S-4XL7,https://minkang.x.yupoo.com/albums/238460402?uid=1&isSubCate=false&referrercate=680717,https://photo.yupoo.com/minkang/da04d92654/large.jpg,4
La Liga,Atletico Madrid 90/93 Away Retro Jersey S-4XL7,https://minkang.x.yupoo.com/albums/238460402?uid=1&isSubCate=false&referrercate=680717,https://photo.yupoo.com/minkang/44468a2431/large.jpg,5
La Liga,Atletico Madrid 90/93 Away Retro Jersey S-4XL7,https://minkang.x.yupoo.com/albums/238460402?uid=1&isSubCate=false&referrercate=680717,https://photo.yupoo.com/minkang/c231a195e9/large.jpg,6
La Liga,Atletico Madrid 90/93 Away Retro Jersey S-4XL7,https://minkang.x.yupoo.com/albums/238460402?uid=1&isSubCate=false&referrercate=680717,https://photo.yupoo.com/minkang/97a86c9134/large.jpg,7
La Liga,Atletico Madrid 90/93 Away Retro Jersey S-4XL7,https://minkang.x.yupoo.com/albums/238460402?uid=1&isSubCate=false&referrercate=680717,https://photo.yupoo.com/minkang/206fd6e2ba/square.jpg,8
La Liga,Atletico Madrid 90/93 Away Retro Jersey S-4XL7,https://minkang.x.yupoo.com/albums/238460402?uid=1&isSubCate=false&referrercate=680717,https://photo.yupoo.com/minkang/30fac6c7eb/square.jpg,9
La Liga,Atletico Madrid 90/93 Away Retro Jersey S-4XL7,https://minkang.x.yupoo.com/albums/238460402?uid=1&isSubCate=false&referrercate=680717,https://photo.yupoo.com/minkang/a6f935187c/square.jpg,10
La Liga,Atletico Madrid 90/93 Away Retro Jersey S-4XL7,https://minkang.x.yupoo.com/albums/238460402?uid=1&isSubCate=false&referrercate=680717,https://photo.yupoo.com/minkang/da04d92654/square.jpg,11
La Liga,Atletico Madrid 90/93 Away Retro Jersey S-4XL7,https://minkang.x.yupoo.com/albums/238460402?uid=1&isSubCate=false&referrercate=680717,https://photo.yupoo.com/minkang/44468a2431/square.jpg,12
La Liga,Atletico Madrid 90/93 Away Retro Jersey S-4XL7,https://minkang.x.yupoo.com/albums/238460402?uid=1&isSubCate=false&referrercate=680717,https://photo.yupoo.com/minkang/c231a195e9/square.jpg,13
La Liga,Atletico Madrid 90/93 Away Retro Jersey S-4XL7,https://minkang.x.yupoo.com/albums/238460402?uid=1&isSubCate=false&referrercate=680717,https://photo.yupoo.com/minkang/97a86c9134/square.jpg,14
La Liga,Real Madrid 17/18 Third Away Retro Long Sleeve Kids Kit Jersey SIZE 16-2811,https://minkang.x.yupoo.com/albums/238401009?uid=1&isSubCate=false&referrercate=680717,https://photo.yupoo.com/minkang/2b78725f22/large.jpg,1
La Liga,Real Madrid 17/18 Third Away Retro Long Sleeve Kids Kit Jersey SIZE 16-2811,https://minkang.x.yupoo.com/albums/238401009?uid=1&isSubCate=false&referrercate=680717,https://photo.yupoo.com/minkang/2c4581195a/large.jpg,2
La Liga,Real Madrid 17/18 Third Away Retro Long Sleeve Kids Kit Jersey SIZE 16-2811,https://minkang.x.yupoo.com/albums/238401009?uid=1&isSubCate=false&referrercate=680717,https://photo.yupoo.com/minkang/fa65603633/large.jpg,3
La Liga,Real Madrid 17/18 Third Away Retro Long Sleeve Kids Kit Jersey SIZE 16-2811,https://minkang.x.yupoo.com/albums/238401009?uid=1&isSubCate=false&referrercate=680717,https://photo.yupoo.com/minkang/0742c388a9/large.jpg,4
La Liga,Real Madrid 17/18 Third Away Retro Long Sleeve Kids Kit Jersey SIZE 16-2811,https://minkang.x.yupoo.com/albums/238401009?uid=1&isSubCate=false&referrercate=680717,https://photo.yupoo.com/minkang/e2c679c4f7/large.jpg,5
La Liga,Real Madrid 17/18 Third Away Retro Long Sleeve Kids Kit Jersey SIZE 16-2811,https://minkang.x.yupoo.com/albums/238401009?uid=1&isSubCate=false&referrercate=680717,https://photo.yupoo.com/minkang/0c8414d84b/large.jpg,6
La Liga,Real Madrid 17/18 Third Away Retro Long Sleeve Kids Kit Jersey SIZE 16-2811,https://minkang.x.yupoo.com/albums/238401009?uid=1&isSubCate=false&referrercate=680717,https://photo.yupoo.com/minkang/fc984fa8f2/large.jpg,7
La Liga,Real Madrid 17/18 Third Away Retro Long Sleeve Kids Kit Jersey SIZE 16-2811,https://minkang.x.yupoo.com/albums/238401009?uid=1&isSubCate=false&referrercate=680717,https://photo.yupoo.com/minkang/75b1050de4/large.jpg,8
La Liga,Real Madrid 17/18 Third Away Retro Long Sleeve Kids Kit Jersey SIZE 16-2811,https://minkang.x.yupoo.com/albums/238401009?uid=1&isSubCate=false&referrercate=680717,https://photo.yupoo.com/minkang/f9fb5c0378/large.jpg,9
La Liga,Real Madrid 17/18 Third Away Retro Long Sleeve Kids Kit Jersey SIZE 16-2811,https://minkang.x.yupoo.com/albums/238401009?uid=1&isSubCate=false&referrercate=680717,https://photo.yupoo.com/minkang/147c5bbd62/large.jpg,10
La Liga,Real Madrid 17/18 Third Away Retro Long Sleeve Kids Kit Jersey SIZE 16-2811,https://minkang.x.yupoo.com/albums/238401009?uid=1&isSubCate=false&referrercate=680717,https://photo.yupoo.com/minkang/af62ac35e0/large.jpg,11
La Liga,Real Madrid 17/18 Third Away Retro Long Sleeve Kids Kit Jersey SIZE 16-2811,https://minkang.x.yupoo.com/albums/238401009?uid=1&isSubCate=false&referrercate=680717,https://photo.yupoo.com/minkang/2c4581195a/square.jpg,12
La Liga,Real Madrid 17/18 Third Away Retro Long Sleeve Kids Kit Jersey SIZE 16-2811,https://minkang.x.yupoo.com/albums/238401009?uid=1&isSubCate=false&referrercate=680717,https://photo.yupoo.com/minkang/2b78725f22/square.jpg,13
La Liga,Real Madrid 17/18 Third Away Retro Long Sleeve Kids Kit Jersey SIZE 16-2811,https://minkang.x.yupoo.com/albums/238401009?uid=1&isSubCate=false&referrercate=680717,https://photo.yupoo.com/minkang/fa65603633/square.jpg,14
La Liga,Real Madrid 17/18 Third Away Retro Long Sleeve Kids Kit Jersey SIZE 16-2811,https://minkang.x.yupoo.com/albums/238401009?uid=1&isSubCate=false&referrercate=680717,https://photo.yupoo.com/minkang/0742c388a9/square.jpg,15
La Liga,Real Madrid 17/18 Third Away Retro Long Sleeve Kids Kit Jersey SIZE 16-2811,https://minkang.x.yupoo.com/albums/238401009?uid=1&isSubCate=false&referrercate=680717,https://photo.yupoo.com/minkang/e2c679c4f7/square.jpg,16
La Liga,Real Madrid 17/18 Third Away Retro Long Sleeve Kids Kit Jersey SIZE 16-2811,https://minkang.x.yupoo.com/albums/238401009?uid=1&isSubCate=false&referrercate=680717,https://photo.yupoo.com/minkang/0c8414d84b/square.jpg,17
La Liga,Real Madrid 17/18 Third Away Retro Long Sleeve Kids Kit Jersey SIZE 16-2811,https://minkang.x.yupoo.com/albums/238401009?uid=1&isSubCate=false&referrercate=680717,https://photo.yupoo.com/minkang/fc984fa8f2/square.jpg,18
La Liga,Real Madrid 17/18 Third Away Retro Long Sleeve Kids Kit Jersey SIZE 16-2811,https://minkang.x.yupoo.com/albums/238401009?uid=1&isSubCate=false&referrercate=680717,https://photo.yupoo.com/minkang/75b1050de4/square.jpg,19
La Liga,Real Madrid 17/18 Third Away Retro Long Sleeve Kids Kit Jersey SIZE 16-2811,https://minkang.x.yupoo.com/albums/238401009?uid=1&isSubCate=false&referrercate=680717,https://photo.yupoo.com/minkang/f9fb5c0378/square.jpg,20
La Liga,Real Madrid 17/18 Third Away Retro Long Sleeve Kids Kit Jersey SIZE 16-2811,https://minkang.x.yupoo.com/albums/238401009?uid=1&isSubCate=false&referrercate=680717,https://photo.yupoo.com/minkang/147c5bbd62/square.jpg,21
La Liga,Real Madrid 17/18 Third Away Retro Long Sleeve Kids Kit Jersey SIZE 16-2811,https://minkang.x.yupoo.com/albums/238401009?uid=1&isSubCate=false&referrercate=680717,https://photo.yupoo.com/minkang/af62ac35e0/square.jpg,22
La Liga,Real Madrid 17/18 Home Retro Long Sleeve Kids Kit Jersey Size 16-2812,https://minkang.x.yupoo.com/albums/238400945?uid=1&isSubCate=false&referrercate=680717,https://photo.yupoo.com/minkang/fa8e4b60b6/large.jpg,1
La Liga,Real Madrid 17/18 Home Retro Long Sleeve Kids Kit Jersey Size 16-2812,https://minkang.x.yupoo.com/albums/238400945?uid=1&isSubCate=false&referrercate=680717,https://photo.yupoo.com/minkang/3d595f3299/large.jpg,2
La Liga,Real Madrid 17/18 Home Retro Long Sleeve Kids Kit Jersey Size 16-2812,https://minkang.x.yupoo.com/albums/238400945?uid=1&isSubCate=false&referrercate=680717,https://photo.yupoo.com/minkang/b494ae9bbb/large.jpg,3
La Liga,Real Madrid 17/18 Home Retro Long Sleeve Kids Kit Jersey Size 16-2812,https://minkang.x.yupoo.com/albums/238400945?uid=1&isSubCate=false&referrercate=680717,https://photo.yupoo.com/minkang/86f3c7d9b7/large.jpg,4
La Liga,Real Madrid 17/18 Home Retro Long Sleeve Kids Kit Jersey Size 16-2812,https://minkang.x.yupoo.com/albums/238400945?uid=1&isSubCate=false&referrercate=680717,https://photo.yupoo.com/minkang/4b4990398e/large.jpg,5
La Liga,Real Madrid 17/18 Home Retro Long Sleeve Kids Kit Jersey Size 16-2812,https://minkang.x.yupoo.com/albums/238400945?uid=1&isSubCate=false&referrercate=680717,https://photo.yupoo.com/minkang/a6f76247e3/large.jpg,6
La Liga,Real Madrid 17/18 Home Retro Long Sleeve Kids Kit Jersey Size 16-2812,https://minkang.x.yupoo.com/albums/238400945?uid=1&isSubCate=false&referrercate=680717,https://photo.yupoo.com/minkang/8b679e2228/large.jpg,7
La Liga,Real Madrid 17/18 Home Retro Long Sleeve Kids Kit Jersey Size 16-2812,https://minkang.x.yupoo.com/albums/238400945?uid=1&isSubCate=false&referrercate=680717,https://photo.yupoo.com/minkang/9a8f16d6b9/large.jpg,8
La Liga,Real Madrid 17/18 Home Retro Long Sleeve Kids Kit Jersey Size 16-2812,https://minkang.x.yupoo.com/albums/238400945?uid=1&isSubCate=false&referrercate=680717,https://photo.yupoo.com/minkang/2c639ccced/large.jpg,9
La Liga,Real Madrid 17/18 Home Retro Long Sleeve Kids Kit Jersey Size 16-2812,https://minkang.x.yupoo.com/albums/238400945?uid=1&isSubCate=false&referrercate=680717,https://photo.yupoo.com/minkang/6abd02503c/large.jpg,10
La Liga,Real Madrid 17/18 Home Retro Long Sleeve Kids Kit Jersey Size 16-2812,https://minkang.x.yupoo.com/albums/238400945?uid=1&isSubCate=false&referrercate=680717,https://photo.yupoo.com/minkang/182abe791d/large.jpg,11
La Liga,Real Madrid 17/18 Home Retro Long Sleeve Kids Kit Jersey Size 16-2812,https://minkang.x.yupoo.com/albums/238400945?uid=1&isSubCate=false&referrercate=680717,https://photo.yupoo.com/minkang/aebd683d05/large.jpg,12
La Liga,Real Madrid 17/18 Home Retro Long Sleeve Kids Kit Jersey Size 16-2812,https://minkang.x.yupoo.com/albums/238400945?uid=1&isSubCate=false&referrercate=680717,https://photo.yupoo.com/minkang/3d595f3299/square.jpg,13
La Liga,Real Madrid 17/18 Home Retro Long Sleeve Kids Kit Jersey Size 16-2812,https://minkang.x.yupoo.com/albums/238400945?uid=1&isSubCate=false&referrercate=680717,https://photo.yupoo.com/minkang/fa8e4b60b6/square.jpg,14
La Liga,Real Madrid 17/18 Home Retro Long Sleeve Kids Kit Jersey Size 16-2812,https://minkang.x.yupoo.com/albums/238400945?uid=1&isSubCate=false&referrercate=680717,https://photo.yupoo.com/minkang/b494ae9bbb/square.jpg,15
La Liga,Real Madrid 17/18 Home Retro Long Sleeve Kids Kit Jersey Size 16-2812,https://minkang.x.yupoo.com/albums/238400945?uid=1&isSubCate=false&referrercate=680717,https://photo.yupoo.com/minkang/86f3c7d9b7/square.jpg,16
La Liga,Real Madrid 17/18 Home Retro Long Sleeve Kids Kit Jersey Size 16-2812,https://minkang.x.yupoo.com/albums/238400945?uid=1&isSubCate=false&referrercate=680717,https://photo.yupoo.com/minkang/4b4990398e/square.jpg,17
La Liga,Real Madrid 17/18 Home Retro Long Sleeve Kids Kit Jersey Size 16-2812,https://minkang.x.yupoo.com/albums/238400945?uid=1&isSubCate=false&referrercate=680717,https://photo.yupoo.com/minkang/a6f76247e3/square.jpg,18
La Liga,Real Madrid 17/18 Home Retro Long Sleeve Kids Kit Jersey Size 16-2812,https://minkang.x.yupoo.com/albums/238400945?uid=1&isSubCate=false&referrercate=680717,https://photo.yupoo.com/minkang/8b679e2228/square.jpg,19
La Liga,Real Madrid 17/18 Home Retro Long Sleeve Kids Kit Jersey Size 16-2812,https://minkang.x.yupoo.com/albums/238400945?uid=1&isSubCate=false&referrercate=680717,https://photo.yupoo.com/minkang/9a8f16d6b9/square.jpg,20
La Liga,Real Madrid 17/18 Home Retro Long Sleeve Kids Kit Jersey Size 16-2812,https://minkang.x.yupoo.com/albums/238400945?uid=1&isSubCate=false&referrercate=680717,https://photo.yupoo.com/minkang/2c639ccced/square.jpg,21
La Liga,Real Madrid 17/18 Home Retro Long Sleeve Kids Kit Jersey Size 16-2812,https://minkang.x.yupoo.com/albums/238400945?uid=1&isSubCate=false&referrercate=680717,https://photo.yupoo.com/minkang/6abd02503c/square.jpg,22
La Liga,Real Madrid 17/18 Home Retro Long Sleeve Kids Kit Jersey Size 16-2812,https://minkang.x.yupoo.com/albums/238400945?uid=1&isSubCate=false&referrercate=680717,https://photo.yupoo.com/minkang/182abe791d/square.jpg,23
La Liga,Real Madrid 17/18 Home Retro Long Sleeve Kids Kit Jersey Size 16-2812,https://minkang.x.yupoo.com/albums/238400945?uid=1&isSubCate=false&referrercate=680717,https://photo.yupoo.com/minkang/aebd683d05/square.jpg,24
La Liga,Real Madrid 16/17 Away Retro Long Sleeve Kids Kit Jersey SIZE 16-2812,https://minkang.x.yupoo.com/albums/238400880?uid=1&isSubCate=false&referrercate=680717,https://photo.yupoo.com/minkang/35c0584bd2/large.jpg,1
La Liga,Real Madrid 16/17 Away Retro Long Sleeve Kids Kit Jersey SIZE 16-2812,https://minkang.x.yupoo.com/albums/238400880?uid=1&isSubCate=false&referrercate=680717,https://photo.yupoo.com/minkang/9d39d1270b/large.jpg,2
La Liga,Real Madrid 16/17 Away Retro Long Sleeve Kids Kit Jersey SIZE 16-2812,https://minkang.x.yupoo.com/albums/238400880?uid=1&isSubCate=false&referrercate=680717,https://photo.yupoo.com/minkang/6b4c705b99/large.jpg,3
La Liga,Real Madrid 16/17 Away Retro Long Sleeve Kids Kit Jersey SIZE 16-2812,https://minkang.x.yupoo.com/albums/238400880?uid=1&isSubCate=false&referrercate=680717,https://photo.yupoo.com/minkang/17308f913d/large.jpg,4
La Liga,Real Madrid 16/17 Away Retro Long Sleeve Kids Kit Jersey SIZE 16-2812,https://minkang.x.yupoo.com/albums/238400880?uid=1&isSubCate=false&referrercate=680717,https://photo.yupoo.com/minkang/107c81644b/large.jpg,5
La Liga,Real Madrid 16/17 Away Retro Long Sleeve Kids Kit Jersey SIZE 16-2812,https://minkang.x.yupoo.com/albums/238400880?uid=1&isSubCate=false&referrercate=680717,https://photo.yupoo.com/minkang/3e0dd8d18b/large.jpg,6
La Liga,Real Madrid 16/17 Away Retro Long Sleeve Kids Kit Jersey SIZE 16-2812,https://minkang.x.yupoo.com/albums/238400880?uid=1&isSubCate=false&referrercate=680717,https://photo.yupoo.com/minkang/3581c0f35f/large.jpg,7
La Liga,Real Madrid 16/17 Away Retro Long Sleeve Kids Kit Jersey SIZE 16-2812,https://minkang.x.yupoo.com/albums/238400880?uid=1&isSubCate=false&referrercate=680717,https://photo.yupoo.com/minkang/32a49d60b7/large.jpg,8
La Liga,Real Madrid 16/17 Away Retro Long Sleeve Kids Kit Jersey SIZE 16-2812,https://minkang.x.yupoo.com/albums/238400880?uid=1&isSubCate=false&referrercate=680717,https://photo.yupoo.com/minkang/7679145d47/large.jpg,9
La Liga,Real Madrid 16/17 Away Retro Long Sleeve Kids Kit Jersey SIZE 16-2812,https://minkang.x.yupoo.com/albums/238400880?uid=1&isSubCate=false&referrercate=680717,https://photo.yupoo.com/minkang/825524dc1f/large.jpg,10
La Liga,Real Madrid 16/17 Away Retro Long Sleeve Kids Kit Jersey SIZE 16-2812,https://minkang.x.yupoo.com/albums/238400880?uid=1&isSubCate=false&referrercate=680717,https://photo.yupoo.com/minkang/cbf25d8ded/large.jpg,11
La Liga,Real Madrid 16/17 Away Retro Long Sleeve Kids Kit Jersey SIZE 16-2812,https://minkang.x.yupoo.com/albums/238400880?uid=1&isSubCate=false&referrercate=680717,https://photo.yupoo.com/minkang/df1a870203/large.jpg,12
La Liga,Real Madrid 16/17 Away Retro Long Sleeve Kids Kit Jersey SIZE 16-2812,https://minkang.x.yupoo.com/albums/238400880?uid=1&isSubCate=false&referrercate=680717,https://photo.yupoo.com/minkang/9d39d1270b/square.jpg,13
La Liga,Real Madrid 16/17 Away Retro Long Sleeve Kids Kit Jersey SIZE 16-2812,https://minkang.x.yupoo.com/albums/238400880?uid=1&isSubCate=false&referrercate=680717,https://photo.yupoo.com/minkang/35c0584bd2/square.jpg,14
La Liga,Real Madrid 16/17 Away Retro Long Sleeve Kids Kit Jersey SIZE 16-2812,https://minkang.x.yupoo.com/albums/238400880?uid=1&isSubCate=false&referrercate=680717,https://photo.yupoo.com/minkang/6b4c705b99/square.jpg,15
La Liga,Real Madrid 16/17 Away Retro Long Sleeve Kids Kit Jersey SIZE 16-2812,https://minkang.x.yupoo.com/albums/238400880?uid=1&isSubCate=false&referrercate=680717,https://photo.yupoo.com/minkang/17308f913d/square.jpg,16
La Liga,Real Madrid 16/17 Away Retro Long Sleeve Kids Kit Jersey SIZE 16-2812,https://minkang.x.yupoo.com/albums/238400880?uid=1&isSubCate=false&referrercate=680717,https://photo.yupoo.com/minkang/107c81644b/square.jpg,17
La Liga,Real Madrid 16/17 Away Retro Long Sleeve Kids Kit Jersey SIZE 16-2812,https://minkang.x.yupoo.com/albums/238400880?uid=1&isSubCate=false&referrercate=680717,https://photo.yupoo.com/minkang/3e0dd8d18b/square.jpg,18
La Liga,Real Madrid 16/17 Away Retro Long Sleeve Kids Kit Jersey SIZE 16-2812,https://minkang.x.yupoo.com/albums/238400880?uid=1&isSubCate=false&referrercate=680717,https://photo.yupoo.com/minkang/3581c0f35f/square.jpg,19
La Liga,Real Madrid 16/17 Away Retro Long Sleeve Kids Kit Jersey SIZE 16-2812,https://minkang.x.yupoo.com/albums/238400880?uid=1&isSubCate=false&referrercate=680717,https://photo.yupoo.com/minkang/32a49d60b7/square.jpg,20
La Liga,Real Madrid 16/17 Away Retro Long Sleeve Kids Kit Jersey SIZE 16-2812,https://minkang.x.yupoo.com/albums/238400880?uid=1&isSubCate=false&referrercate=680717,https://photo.yupoo.com/minkang/7679145d47/square.jpg,21
La Liga,Real Madrid 16/17 Away Retro Long Sleeve Kids Kit Jersey SIZE 16-2812,https://minkang.x.yupoo.com/albums/238400880?uid=1&isSubCate=false&referrercate=680717,https://photo.yupoo.com/minkang/825524dc1f/square.jpg,22
La Liga,Real Madrid 16/17 Away Retro Long Sleeve Kids Kit Jersey SIZE 16-2812,https://minkang.x.yupoo.com/albums/238400880?uid=1&isSubCate=false&referrercate=680717,https://photo.yupoo.com/minkang/cbf25d8ded/square.jpg,23
La Liga,Real Madrid 16/17 Away Retro Long Sleeve Kids Kit Jersey SIZE 16-2812,https://minkang.x.yupoo.com/albums/238400880?uid=1&isSubCate=false&referrercate=680717,https://photo.yupoo.com/minkang/df1a870203/square.jpg,24
La Liga,Real Madrid 14/15 Third Away Retro Long Sleeve Kids Kit Jersey SIZE 16-2811,https://minkang.x.yupoo.com/albums/238400813?uid=1&isSubCate=false&referrercate=680717,https://photo.yupoo.com/minkang/606d0c30ff/large.jpg,1
La Liga,Real Madrid 14/15 Third Away Retro Long Sleeve Kids Kit Jersey SIZE 16-2811,https://minkang.x.yupoo.com/albums/238400813?uid=1&isSubCate=false&referrercate=680717,https://photo.yupoo.com/minkang/87a8656c0c/large.jpg,2
La Liga,Real Madrid 14/15 Third Away Retro Long Sleeve Kids Kit Jersey SIZE 16-2811,https://minkang.x.yupoo.com/albums/238400813?uid=1&isSubCate=false&referrercate=680717,https://photo.yupoo.com/minkang/64167003e4/large.jpg,3
La Liga,Real Madrid 14/15 Third Away Retro Long Sleeve Kids Kit Jersey SIZE 16-2811,https://minkang.x.yupoo.com/albums/238400813?uid=1&isSubCate=false&referrercate=680717,https://photo.yupoo.com/minkang/a333af6819/large.jpg,4
La Liga,Real Madrid 14/15 Third Away Retro Long Sleeve Kids Kit Jersey SIZE 16-2811,https://minkang.x.yupoo.com/albums/238400813?uid=1&isSubCate=false&referrercate=680717,https://photo.yupoo.com/minkang/9c16f20542/large.jpg,5
La Liga,Real Madrid 14/15 Third Away Retro Long Sleeve Kids Kit Jersey SIZE 16-2811,https://minkang.x.yupoo.com/albums/238400813?uid=1&isSubCate=false&referrercate=680717,https://photo.yupoo.com/minkang/743ff20784/large.jpg,6
La Liga,Real Madrid 14/15 Third Away Retro Long Sleeve Kids Kit Jersey SIZE 16-2811,https://minkang.x.yupoo.com/albums/238400813?uid=1&isSubCate=false&referrercate=680717,https://photo.yupoo.com/minkang/ee55e45e34/large.jpg,7
La Liga,Real Madrid 14/15 Third Away Retro Long Sleeve Kids Kit Jersey SIZE 16-2811,https://minkang.x.yupoo.com/albums/238400813?uid=1&isSubCate=false&referrercate=680717,https://photo.yupoo.com/minkang/54fa586986/large.jpg,8
La Liga,Real Madrid 14/15 Third Away Retro Long Sleeve Kids Kit Jersey SIZE 16-2811,https://minkang.x.yupoo.com/albums/238400813?uid=1&isSubCate=false&referrercate=680717,https://photo.yupoo.com/minkang/1f36d282ea/large.jpg,9
La Liga,Real Madrid 14/15 Third Away Retro Long Sleeve Kids Kit Jersey SIZE 16-2811,https://minkang.x.yupoo.com/albums/238400813?uid=1&isSubCate=false&referrercate=680717,https://photo.yupoo.com/minkang/89a9c22c5a/large.jpg,10
La Liga,Real Madrid 14/15 Third Away Retro Long Sleeve Kids Kit Jersey SIZE 16-2811,https://minkang.x.yupoo.com/albums/238400813?uid=1&isSubCate=false&referrercate=680717,https://photo.yupoo.com/minkang/fa2c02d894/large.jpg,11
La Liga,Real Madrid 14/15 Third Away Retro Long Sleeve Kids Kit Jersey SIZE 16-2811,https://minkang.x.yupoo.com/albums/238400813?uid=1&isSubCate=false&referrercate=680717,https://photo.yupoo.com/minkang/87a8656c0c/square.jpg,12
La Liga,Real Madrid 14/15 Third Away Retro Long Sleeve Kids Kit Jersey SIZE 16-2811,https://minkang.x.yupoo.com/albums/238400813?uid=1&isSubCate=false&referrercate=680717,https://photo.yupoo.com/minkang/606d0c30ff/square.jpg,13
La Liga,Real Madrid 14/15 Third Away Retro Long Sleeve Kids Kit Jersey SIZE 16-2811,https://minkang.x.yupoo.com/albums/238400813?uid=1&isSubCate=false&referrercate=680717,https://photo.yupoo.com/minkang/64167003e4/square.jpg,14
La Liga,Real Madrid 14/15 Third Away Retro Long Sleeve Kids Kit Jersey SIZE 16-2811,https://minkang.x.yupoo.com/albums/238400813?uid=1&isSubCate=false&referrercate=680717,https://photo.yupoo.com/minkang/a333af6819/square.jpg,15
La Liga,Real Madrid 14/15 Third Away Retro Long Sleeve Kids Kit Jersey SIZE 16-2811,https://minkang.x.yupoo.com/albums/238400813?uid=1&isSubCate=false&referrercate=680717,https://photo.yupoo.com/minkang/9c16f20542/square.jpg,16
La Liga,Real Madrid 14/15 Third Away Retro Long Sleeve Kids Kit Jersey SIZE 16-2811,https://minkang.x.yupoo.com/albums/238400813?uid=1&isSubCate=false&referrercate=680717,https://photo.yupoo.com/minkang/743ff20784/square.jpg,17
La Liga,Real Madrid 14/15 Third Away Retro Long Sleeve Kids Kit Jersey SIZE 16-2811,https://minkang.x.yupoo.com/albums/238400813?uid=1&isSubCate=false&referrercate=680717,https://photo.yupoo.com/minkang/ee55e45e34/square.jpg,18
La Liga,Real Madrid 14/15 Third Away Retro Long Sleeve Kids Kit Jersey SIZE 16-2811,https://minkang.x.yupoo.com/albums/238400813?uid=1&isSubCate=false&referrercate=680717,https://photo.yupoo.com/minkang/54fa586986/square.jpg,19
La Liga,Real Madrid 14/15 Third Away Retro Long Sleeve Kids Kit Jersey SIZE 16-2811,https://minkang.x.yupoo.com/albums/238400813?uid=1&isSubCate=false&referrercate=680717,https://photo.yupoo.com/minkang/1f36d282ea/square.jpg,20
La Liga,Real Madrid 14/15 Third Away Retro Long Sleeve Kids Kit Jersey SIZE 16-2811,https://minkang.x.yupoo.com/albums/238400813?uid=1&isSubCate=false&referrercate=680717,https://photo.yupoo.com/minkang/89a9c22c5a/square.jpg,21
La Liga,Real Madrid 14/15 Third Away Retro Long Sleeve Kids Kit Jersey SIZE 16-2811,https://minkang.x.yupoo.com/albums/238400813?uid=1&isSubCate=false&referrercate=680717,https://photo.yupoo.com/minkang/fa2c02d894/square.jpg,22
La Liga,Barcelona 10/11 Home Retro Long Sleeve Kids Kit Jersey SIZE 16-2813,https://minkang.x.yupoo.com/albums/238400148?uid=1&isSubCate=false&referrercate=680717,https://photo.yupoo.com/minkang/c9cac7f14f/large.jpg,1
La Liga,Barcelona 10/11 Home Retro Long Sleeve Kids Kit Jersey SIZE 16-2813,https://minkang.x.yupoo.com/albums/238400148?uid=1&isSubCate=false&referrercate=680717,https://photo.yupoo.com/minkang/2efb7d2e8e/large.jpg,2
La Liga,Barcelona 10/11 Home Retro Long Sleeve Kids Kit Jersey SIZE 16-2813,https://minkang.x.yupoo.com/albums/238400148?uid=1&isSubCate=false&referrercate=680717,https://photo.yupoo.com/minkang/d78589ee1c/large.jpg,3
La Liga,Barcelona 10/11 Home Retro Long Sleeve Kids Kit Jersey SIZE 16-2813,https://minkang.x.yupoo.com/albums/238400148?uid=1&isSubCate=false&referrercate=680717,https://photo.yupoo.com/minkang/c3b07a9dc0/large.jpg,4
La Liga,Barcelona 10/11 Home Retro Long Sleeve Kids Kit Jersey SIZE 16-2813,https://minkang.x.yupoo.com/albums/238400148?uid=1&isSubCate=false&referrercate=680717,https://photo.yupoo.com/minkang/85e73b33a5/large.jpg,5
La Liga,Barcelona 10/11 Home Retro Long Sleeve Kids Kit Jersey SIZE 16-2813,https://minkang.x.yupoo.com/albums/238400148?uid=1&isSubCate=false&referrercate=680717,https://photo.yupoo.com/minkang/52da4965c2/large.jpg,6
La Liga,Barcelona 10/11 Home Retro Long Sleeve Kids Kit Jersey SIZE 16-2813,https://minkang.x.yupoo.com/albums/238400148?uid=1&isSubCate=false&referrercate=680717,https://photo.yupoo.com/minkang/f40c4793bd/large.jpg,7
La Liga,Barcelona 10/11 Home Retro Long Sleeve Kids Kit Jersey SIZE 16-2813,https://minkang.x.yupoo.com/albums/238400148?uid=1&isSubCate=false&referrercate=680717,https://photo.yupoo.com/minkang/4de95790a2/large.jpg,8
La Liga,Barcelona 10/11 Home Retro Long Sleeve Kids Kit Jersey SIZE 16-2813,https://minkang.x.yupoo.com/albums/238400148?uid=1&isSubCate=false&referrercate=680717,https://photo.yupoo.com/minkang/063cd4b2c6/large.jpg,9
La Liga,Barcelona 10/11 Home Retro Long Sleeve Kids Kit Jersey SIZE 16-2813,https://minkang.x.yupoo.com/albums/238400148?uid=1&isSubCate=false&referrercate=680717,https://photo.yupoo.com/minkang/076020520b/large.jpg,10
La Liga,Barcelona 10/11 Home Retro Long Sleeve Kids Kit Jersey SIZE 16-2813,https://minkang.x.yupoo.com/albums/238400148?uid=1&isSubCate=false&referrercate=680717,https://photo.yupoo.com/minkang/30de7d7507/large.jpg,11
La Liga,Barcelona 10/11 Home Retro Long Sleeve Kids Kit Jersey SIZE 16-2813,https://minkang.x.yupoo.com/albums/238400148?uid=1&isSubCate=false&referrercate=680717,https://photo.yupoo.com/minkang/5143eeb782/large.jpg,12
La Liga,Barcelona 10/11 Home Retro Long Sleeve Kids Kit Jersey SIZE 16-2813,https://minkang.x.yupoo.com/albums/238400148?uid=1&isSubCate=false&referrercate=680717,https://photo.yupoo.com/minkang/94f823a2a6/large.jpg,13
La Liga,Barcelona 10/11 Home Retro Long Sleeve Kids Kit Jersey SIZE 16-2813,https://minkang.x.yupoo.com/albums/238400148?uid=1&isSubCate=false&referrercate=680717,https://photo.yupoo.com/minkang/c9cac7f14f/square.jpg,14
La Liga,Barcelona 10/11 Home Retro Long Sleeve Kids Kit Jersey SIZE 16-2813,https://minkang.x.yupoo.com/albums/238400148?uid=1&isSubCate=false&referrercate=680717,https://photo.yupoo.com/minkang/2efb7d2e8e/square.jpg,15
La Liga,Barcelona 10/11 Home Retro Long Sleeve Kids Kit Jersey SIZE 16-2813,https://minkang.x.yupoo.com/albums/238400148?uid=1&isSubCate=false&referrercate=680717,https://photo.yupoo.com/minkang/d78589ee1c/square.jpg,16
La Liga,Barcelona 10/11 Home Retro Long Sleeve Kids Kit Jersey SIZE 16-2813,https://minkang.x.yupoo.com/albums/238400148?uid=1&isSubCate=false&referrercate=680717,https://photo.yupoo.com/minkang/c3b07a9dc0/square.jpg,17
La Liga,Barcelona 10/11 Home Retro Long Sleeve Kids Kit Jersey SIZE 16-2813,https://minkang.x.yupoo.com/albums/238400148?uid=1&isSubCate=false&referrercate=680717,https://photo.yupoo.com/minkang/85e73b33a5/square.jpg,18
La Liga,Barcelona 10/11 Home Retro Long Sleeve Kids Kit Jersey SIZE 16-2813,https://minkang.x.yupoo.com/albums/238400148?uid=1&isSubCate=false&referrercate=680717,https://photo.yupoo.com/minkang/52da4965c2/square.jpg,19
La Liga,Barcelona 10/11 Home Retro Long Sleeve Kids Kit Jersey SIZE 16-2813,https://minkang.x.yupoo.com/albums/238400148?uid=1&isSubCate=false&referrercate=680717,https://photo.yupoo.com/minkang/f40c4793bd/square.jpg,20
La Liga,Barcelona 10/11 Home Retro Long Sleeve Kids Kit Jersey SIZE 16-2813,https://minkang.x.yupoo.com/albums/238400148?uid=1&isSubCate=false&referrercate=680717,https://photo.yupoo.com/minkang/4de95790a2/square.jpg,21
La Liga,Barcelona 10/11 Home Retro Long Sleeve Kids Kit Jersey SIZE 16-2813,https://minkang.x.yupoo.com/albums/238400148?uid=1&isSubCate=false&referrercate=680717,https://photo.yupoo.com/minkang/063cd4b2c6/square.jpg,22
La Liga,Barcelona 10/11 Home Retro Long Sleeve Kids Kit Jersey SIZE 16-2813,https://minkang.x.yupoo.com/albums/238400148?uid=1&isSubCate=false&referrercate=680717,https://photo.yupoo.com/minkang/076020520b/square.jpg,23
La Liga,Barcelona 10/11 Home Retro Long Sleeve Kids Kit Jersey SIZE 16-2813,https://minkang.x.yupoo.com/albums/238400148?uid=1&isSubCate=false&referrercate=680717,https://photo.yupoo.com/minkang/30de7d7507/square.jpg,24
La Liga,Barcelona 10/11 Home Retro Long Sleeve Kids Kit Jersey SIZE 16-2813,https://minkang.x.yupoo.com/albums/238400148?uid=1&isSubCate=false&referrercate=680717,https://photo.yupoo.com/minkang/5143eeb782/square.jpg,25
La Liga,Barcelona 10/11 Home Retro Long Sleeve Kids Kit Jersey SIZE 16-2813,https://minkang.x.yupoo.com/albums/238400148?uid=1&isSubCate=false&referrercate=680717,https://photo.yupoo.com/minkang/94f823a2a6/square.jpg,26
Premier League,West Ham United 26/27 Away Kids kit Size 16-282,https://minkang.x.yupoo.com/albums/251867437?uid=1&isSubCate=false&referrercate=680719,https://photo.yupoo.com/minkang/971bf78256/large.jpg,1
Premier League,West Ham United 26/27 Away Kids kit Size 16-282,https://minkang.x.yupoo.com/albums/251867437?uid=1&isSubCate=false&referrercate=680719,https://photo.yupoo.com/minkang/ea39f93c5f/large.jpg,2
Premier League,West Ham United 26/27 Away Kids kit Size 16-282,https://minkang.x.yupoo.com/albums/251867437?uid=1&isSubCate=false&referrercate=680719,https://photo.yupoo.com/minkang/ea39f93c5f/square.jpg,3
Premier League,West Ham United 26/27 Away Kids kit Size 16-282,https://minkang.x.yupoo.com/albums/251867437?uid=1&isSubCate=false&referrercate=680719,https://photo.yupoo.com/minkang/971bf78256/square.jpg,4
Premier League,Birmingham City 26/27 Home Kids kit Jersey Size 16-282,https://minkang.x.yupoo.com/albums/251867530?uid=1&isSubCate=false&referrercate=680719,https://photo.yupoo.com/minkang/4719a9436f/large.jpg,1
Premier League,Birmingham City 26/27 Home Kids kit Jersey Size 16-282,https://minkang.x.yupoo.com/albums/251867530?uid=1&isSubCate=false&referrercate=680719,https://photo.yupoo.com/minkang/41646beb10/large.jpg,2
Premier League,Birmingham City 26/27 Home Kids kit Jersey Size 16-282,https://minkang.x.yupoo.com/albums/251867530?uid=1&isSubCate=false&referrercate=680719,https://photo.yupoo.com/minkang/41646beb10/square.jpg,3
Premier League,Birmingham City 26/27 Home Kids kit Jersey Size 16-282,https://minkang.x.yupoo.com/albums/251867530?uid=1&isSubCate=false&referrercate=680719,https://photo.yupoo.com/minkang/4719a9436f/square.jpg,4
Premier League,Blackburn Rovers 26/27 Home Kids kit Jersey Size 16-282,https://minkang.x.yupoo.com/albums/251867546?uid=1&isSubCate=false&referrercate=680719,https://photo.yupoo.com/minkang/b69f2047d6/large.jpg,1
Premier League,Blackburn Rovers 26/27 Home Kids kit Jersey Size 16-282,https://minkang.x.yupoo.com/albums/251867546?uid=1&isSubCate=false&referrercate=680719,https://photo.yupoo.com/minkang/514efab3ae/large.jpg,2
Premier League,Blackburn Rovers 26/27 Home Kids kit Jersey Size 16-282,https://minkang.x.yupoo.com/albums/251867546?uid=1&isSubCate=false&referrercate=680719,https://photo.yupoo.com/minkang/514efab3ae/square.jpg,3
Premier League,Blackburn Rovers 26/27 Home Kids kit Jersey Size 16-282,https://minkang.x.yupoo.com/albums/251867546?uid=1&isSubCate=false&referrercate=680719,https://photo.yupoo.com/minkang/b69f2047d6/square.jpg,4
Premier League,Blackburn Rovers 26/27 Third Kids kit Jersey Size 16-282,https://minkang.x.yupoo.com/albums/251867554?uid=1&isSubCate=false&referrercate=680719,https://photo.yupoo.com/minkang/6a1751208e/large.jpg,1
Premier League,Blackburn Rovers 26/27 Third Kids kit Jersey Size 16-282,https://minkang.x.yupoo.com/albums/251867554?uid=1&isSubCate=false&referrercate=680719,https://photo.yupoo.com/minkang/15e9708410/large.jpg,2
Premier League,Blackburn Rovers 26/27 Third Kids kit Jersey Size 16-282,https://minkang.x.yupoo.com/albums/251867554?uid=1&isSubCate=false&referrercate=680719,https://photo.yupoo.com/minkang/15e9708410/square.jpg,3
Premier League,Blackburn Rovers 26/27 Third Kids kit Jersey Size 16-282,https://minkang.x.yupoo.com/albums/251867554?uid=1&isSubCate=false&referrercate=680719,https://photo.yupoo.com/minkang/6a1751208e/square.jpg,4
Premier League,Brighton & Hove Albion 26/27 Away Kids kit Jersey Size 16-282,https://minkang.x.yupoo.com/albums/251867578?uid=1&isSubCate=false&referrercate=680719,https://photo.yupoo.com/minkang/09bdbedc70/large.jpg,1
Premier League,Brighton & Hove Albion 26/27 Away Kids kit Jersey Size 16-282,https://minkang.x.yupoo.com/albums/251867578?uid=1&isSubCate=false&referrercate=680719,https://photo.yupoo.com/minkang/128e976f5a/large.jpg,2
Premier League,Brighton & Hove Albion 26/27 Away Kids kit Jersey Size 16-282,https://minkang.x.yupoo.com/albums/251867578?uid=1&isSubCate=false&referrercate=680719,https://photo.yupoo.com/minkang/128e976f5a/square.jpg,3
Premier League,Brighton & Hove Albion 26/27 Away Kids kit Jersey Size 16-282,https://minkang.x.yupoo.com/albums/251867578?uid=1&isSubCate=false&referrercate=680719,https://photo.yupoo.com/minkang/09bdbedc70/square.jpg,4
Premier League,Chelsea 26/27 Away Kids kit Size 16-302,https://minkang.x.yupoo.com/albums/251867919?uid=1&isSubCate=false&referrercate=680719,https://photo.yupoo.com/minkang/b2615c20f7/large.jpg,1
Premier League,Chelsea 26/27 Away Kids kit Size 16-302,https://minkang.x.yupoo.com/albums/251867919?uid=1&isSubCate=false&referrercate=680719,https://photo.yupoo.com/minkang/ebe7e1ed9b/large.jpg,2
Premier League,Chelsea 26/27 Away Kids kit Size 16-302,https://minkang.x.yupoo.com/albums/251867919?uid=1&isSubCate=false&referrercate=680719,https://photo.yupoo.com/minkang/b2615c20f7/square.jpg,3
Premier League,Chelsea 26/27 Away Kids kit Size 16-302,https://minkang.x.yupoo.com/albums/251867919?uid=1&isSubCate=false&referrercate=680719,https://photo.yupoo.com/minkang/ebe7e1ed9b/square.jpg,4
Premier League,Everton 26/27 Away Kids kit Jersey Size 16-282,https://minkang.x.yupoo.com/albums/251867964?uid=1&isSubCate=false&referrercate=680719,https://photo.yupoo.com/minkang/0894c5df3f/large.jpg,1
Premier League,Everton 26/27 Away Kids kit Jersey Size 16-282,https://minkang.x.yupoo.com/albums/251867964?uid=1&isSubCate=false&referrercate=680719,https://photo.yupoo.com/minkang/ee0c915c2b/large.jpg,2
Premier League,Everton 26/27 Away Kids kit Jersey Size 16-282,https://minkang.x.yupoo.com/albums/251867964?uid=1&isSubCate=false&referrercate=680719,https://photo.yupoo.com/minkang/ee0c915c2b/square.jpg,3
Premier League,Everton 26/27 Away Kids kit Jersey Size 16-282,https://minkang.x.yupoo.com/albums/251867964?uid=1&isSubCate=false&referrercate=680719,https://photo.yupoo.com/minkang/0894c5df3f/square.jpg,4
Premier League,Hull City 26/27 Home Kids kit Jersey Size 16-282,https://minkang.x.yupoo.com/albums/251868046?uid=1&isSubCate=false&referrercate=680719,https://photo.yupoo.com/minkang/cfedb25dfa/large.jpg,1
Premier League,Hull City 26/27 Home Kids kit Jersey Size 16-282,https://minkang.x.yupoo.com/albums/251868046?uid=1&isSubCate=false&referrercate=680719,https://photo.yupoo.com/minkang/c0616f1970/large.jpg,2
Premier League,Hull City 26/27 Home Kids kit Jersey Size 16-282,https://minkang.x.yupoo.com/albums/251868046?uid=1&isSubCate=false&referrercate=680719,https://photo.yupoo.com/minkang/cfedb25dfa/square.jpg,3
Premier League,Hull City 26/27 Home Kids kit Jersey Size 16-282,https://minkang.x.yupoo.com/albums/251868046?uid=1&isSubCate=false&referrercate=680719,https://photo.yupoo.com/minkang/c0616f1970/square.jpg,4
Premier League,Leeds United 26/27 Away Kids kit Size 16-282,https://minkang.x.yupoo.com/albums/251868124?uid=1&isSubCate=false&referrercate=680719,https://photo.yupoo.com/minkang/553d77bc2b/large.jpg,1
Premier League,Leeds United 26/27 Away Kids kit Size 16-282,https://minkang.x.yupoo.com/albums/251868124?uid=1&isSubCate=false&referrercate=680719,https://photo.yupoo.com/minkang/ee42d12aae/large.jpg,2
Premier League,Leeds United 26/27 Away Kids kit Size 16-282,https://minkang.x.yupoo.com/albums/251868124?uid=1&isSubCate=false&referrercate=680719,https://photo.yupoo.com/minkang/553d77bc2b/square.jpg,3
Premier League,Leeds United 26/27 Away Kids kit Size 16-282,https://minkang.x.yupoo.com/albums/251868124?uid=1&isSubCate=false&referrercate=680719,https://photo.yupoo.com/minkang/ee42d12aae/square.jpg,4
Premier League,Manchester City 26/27 Home Womens Jersey S-XXL2,https://minkang.x.yupoo.com/albums/251868139?uid=1&isSubCate=false&referrercate=680719,https://photo.yupoo.com/minkang/32a747c716/large.jpg,1
Premier League,Manchester City 26/27 Home Womens Jersey S-XXL2,https://minkang.x.yupoo.com/albums/251868139?uid=1&isSubCate=false&referrercate=680719,https://photo.yupoo.com/minkang/b9a3739207/large.jpg,2
Premier League,Manchester City 26/27 Home Womens Jersey S-XXL2,https://minkang.x.yupoo.com/albums/251868139?uid=1&isSubCate=false&referrercate=680719,https://photo.yupoo.com/minkang/b9a3739207/square.jpg,3
Premier League,Manchester City 26/27 Home Womens Jersey S-XXL2,https://minkang.x.yupoo.com/albums/251868139?uid=1&isSubCate=false&referrercate=680719,https://photo.yupoo.com/minkang/32a747c716/square.jpg,4
Premier League,M-U 26/27 Away Womens Jersey S-XXL2,https://minkang.x.yupoo.com/albums/251868150?uid=1&isSubCate=false&referrercate=680719,https://photo.yupoo.com/minkang/788758bec3/large.jpg,1
Premier League,M-U 26/27 Away Womens Jersey S-XXL2,https://minkang.x.yupoo.com/albums/251868150?uid=1&isSubCate=false&referrercate=680719,https://photo.yupoo.com/minkang/0059298998/large.jpg,2
Premier League,M-U 26/27 Away Womens Jersey S-XXL2,https://minkang.x.yupoo.com/albums/251868150?uid=1&isSubCate=false&referrercate=680719,https://photo.yupoo.com/minkang/788758bec3/square.jpg,3
Premier League,M-U 26/27 Away Womens Jersey S-XXL2,https://minkang.x.yupoo.com/albums/251868150?uid=1&isSubCate=false&referrercate=680719,https://photo.yupoo.com/minkang/0059298998/square.jpg,4
Premier League,M-U 26/27 Third Kids kit Jersey Size 16-282,https://minkang.x.yupoo.com/albums/251868170?uid=1&isSubCate=false&referrercate=680719,https://photo.yupoo.com/minkang/90a7d88dff/large.jpg,1
Premier League,M-U 26/27 Third Kids kit Jersey Size 16-282,https://minkang.x.yupoo.com/albums/251868170?uid=1&isSubCate=false&referrercate=680719,https://photo.yupoo.com/minkang/24327b5783/large.jpg,2
Premier League,M-U 26/27 Third Kids kit Jersey Size 16-282,https://minkang.x.yupoo.com/albums/251868170?uid=1&isSubCate=false&referrercate=680719,https://photo.yupoo.com/minkang/90a7d88dff/square.jpg,3
Premier League,M-U 26/27 Third Kids kit Jersey Size 16-282,https://minkang.x.yupoo.com/albums/251868170?uid=1&isSubCate=false&referrercate=680719,https://photo.yupoo.com/minkang/24327b5783/square.jpg,4
Premier League,M-U 26/27 Third Womens Jersey S-XXL2,https://minkang.x.yupoo.com/albums/251868185?uid=1&isSubCate=false&referrercate=680719,https://photo.yupoo.com/minkang/90ffaf9333/large.jpg,1
Premier League,M-U 26/27 Third Womens Jersey S-XXL2,https://minkang.x.yupoo.com/albums/251868185?uid=1&isSubCate=false&referrercate=680719,https://photo.yupoo.com/minkang/5ba44f2eea/large.jpg,2
Premier League,M-U 26/27 Third Womens Jersey S-XXL2,https://minkang.x.yupoo.com/albums/251868185?uid=1&isSubCate=false&referrercate=680719,https://photo.yupoo.com/minkang/90ffaf9333/square.jpg,3
Premier League,M-U 26/27 Third Womens Jersey S-XXL2,https://minkang.x.yupoo.com/albums/251868185?uid=1&isSubCate=false&referrercate=680719,https://photo.yupoo.com/minkang/5ba44f2eea/square.jpg,4
Premier League,Newcastle United 26/27 Home Kids kit Size 16-282,https://minkang.x.yupoo.com/albums/251868266?uid=1&isSubCate=false&referrercate=680719,https://photo.yupoo.com/minkang/12c45ead31/large.jpg,1
Premier League,Newcastle United 26/27 Home Kids kit Size 16-282,https://minkang.x.yupoo.com/albums/251868266?uid=1&isSubCate=false&referrercate=680719,https://photo.yupoo.com/minkang/172dc8dad5/large.jpg,2
Premier League,Newcastle United 26/27 Home Kids kit Size 16-282,https://minkang.x.yupoo.com/albums/251868266?uid=1&isSubCate=false&referrercate=680719,https://photo.yupoo.com/minkang/172dc8dad5/square.jpg,3
Premier League,Newcastle United 26/27 Home Kids kit Size 16-282,https://minkang.x.yupoo.com/albums/251868266?uid=1&isSubCate=false&referrercate=680719,https://photo.yupoo.com/minkang/12c45ead31/square.jpg,4
Premier League,Nottingham Forest 26/27 Home Kids kit Jersey Size 16-281,https://minkang.x.yupoo.com/albums/251868303?uid=1&isSubCate=false&referrercate=680719,https://photo.yupoo.com/minkang/a3581399aa/large.jpg,1
Premier League,Nottingham Forest 26/27 Home Kids kit Jersey Size 16-281,https://minkang.x.yupoo.com/albums/251868303?uid=1&isSubCate=false&referrercate=680719,https://photo.yupoo.com/minkang/a3581399aa/square.jpg,2
Premier League,Chelsea 26/27 Away Womens Jersey S-XXL2,https://minkang.x.yupoo.com/albums/251869498?uid=1&isSubCate=false&referrercate=680719,https://photo.yupoo.com/minkang/01e126bd2c/large.jpg,1
Premier League,Chelsea 26/27 Away Womens Jersey S-XXL2,https://minkang.x.yupoo.com/albums/251869498?uid=1&isSubCate=false&referrercate=680719,https://photo.yupoo.com/minkang/834c126520/large.jpg,2
Premier League,Chelsea 26/27 Away Womens Jersey S-XXL2,https://minkang.x.yupoo.com/albums/251869498?uid=1&isSubCate=false&referrercate=680719,https://photo.yupoo.com/minkang/834c126520/square.jpg,3
Premier League,Chelsea 26/27 Away Womens Jersey S-XXL2,https://minkang.x.yupoo.com/albums/251869498?uid=1&isSubCate=false&referrercate=680719,https://photo.yupoo.com/minkang/01e126bd2c/square.jpg,4
Premier League,Chelsea 26/27 Third Jersey S-4XL2,https://minkang.x.yupoo.com/albums/251869523?uid=1&isSubCate=false&referrercate=680719,https://photo.yupoo.com/minkang/e86a320659/large.jpg,1
Premier League,Chelsea 26/27 Third Jersey S-4XL2,https://minkang.x.yupoo.com/albums/251869523?uid=1&isSubCate=false&referrercate=680719,https://photo.yupoo.com/minkang/50fe2f0864/large.jpg,2
Premier League,Chelsea 26/27 Third Jersey S-4XL2,https://minkang.x.yupoo.com/albums/251869523?uid=1&isSubCate=false&referrercate=680719,https://photo.yupoo.com/minkang/e86a320659/square.jpg,3
Premier League,Chelsea 26/27 Third Jersey S-4XL2,https://minkang.x.yupoo.com/albums/251869523?uid=1&isSubCate=false&referrercate=680719,https://photo.yupoo.com/minkang/50fe2f0864/square.jpg,4
Premier League,Everton 26/27 Home Jersey S-4XL2,https://minkang.x.yupoo.com/albums/251869961?uid=1&isSubCate=false&referrercate=680719,https://photo.yupoo.com/minkang/8e14424767/large.jpg,1
Premier League,Everton 26/27 Home Jersey S-4XL2,https://minkang.x.yupoo.com/albums/251869961?uid=1&isSubCate=false&referrercate=680719,https://photo.yupoo.com/minkang/a2d9a55415/large.jpg,2
Premier League,Everton 26/27 Home Jersey S-4XL2,https://minkang.x.yupoo.com/albums/251869961?uid=1&isSubCate=false&referrercate=680719,https://photo.yupoo.com/minkang/8e14424767/square.jpg,3
Premier League,Everton 26/27 Home Jersey S-4XL2,https://minkang.x.yupoo.com/albums/251869961?uid=1&isSubCate=false&referrercate=680719,https://photo.yupoo.com/minkang/a2d9a55415/square.jpg,4
Premier League,Manchester City 26/27 Away Jersey S-4XL2,https://minkang.x.yupoo.com/albums/251870018?uid=1&isSubCate=false&referrercate=680719,https://photo.yupoo.com/minkang/31cccdac0d/large.jpg,1
Premier League,Manchester City 26/27 Away Jersey S-4XL2,https://minkang.x.yupoo.com/albums/251870018?uid=1&isSubCate=false&referrercate=680719,https://photo.yupoo.com/minkang/4adac8bab5/large.jpg,2
Premier League,Manchester City 26/27 Away Jersey S-4XL2,https://minkang.x.yupoo.com/albums/251870018?uid=1&isSubCate=false&referrercate=680719,https://photo.yupoo.com/minkang/4adac8bab5/square.jpg,3
Premier League,Manchester City 26/27 Away Jersey S-4XL2,https://minkang.x.yupoo.com/albums/251870018?uid=1&isSubCate=false&referrercate=680719,https://photo.yupoo.com/minkang/31cccdac0d/square.jpg,4
Premier League,M-U 26/27 Away Jersey S-5XL2,https://minkang.x.yupoo.com/albums/251870035?uid=1&isSubCate=false&referrercate=680719,https://photo.yupoo.com/minkang/4e6c2b25cc/large.jpg,1
Premier League,M-U 26/27 Away Jersey S-5XL2,https://minkang.x.yupoo.com/albums/251870035?uid=1&isSubCate=false&referrercate=680719,https://photo.yupoo.com/minkang/8aecf5f513/large.jpg,2
Premier League,M-U 26/27 Away Jersey S-5XL2,https://minkang.x.yupoo.com/albums/251870035?uid=1&isSubCate=false&referrercate=680719,https://photo.yupoo.com/minkang/8aecf5f513/square.jpg,3
Premier League,M-U 26/27 Away Jersey S-5XL2,https://minkang.x.yupoo.com/albums/251870035?uid=1&isSubCate=false&referrercate=680719,https://photo.yupoo.com/minkang/4e6c2b25cc/square.jpg,4
Premier League,Newcastle United 26/27 Home Jersey S-XL2,https://minkang.x.yupoo.com/albums/251870162?uid=1&isSubCate=false&referrercate=680719,https://photo.yupoo.com/minkang/274836f76d/large.jpg,1
Premier League,Newcastle United 26/27 Home Jersey S-XL2,https://minkang.x.yupoo.com/albums/251870162?uid=1&isSubCate=false&referrercate=680719,https://photo.yupoo.com/minkang/3e89a8acc8/large.jpg,2
Premier League,Newcastle United 26/27 Home Jersey S-XL2,https://minkang.x.yupoo.com/albums/251870162?uid=1&isSubCate=false&referrercate=680719,https://photo.yupoo.com/minkang/274836f76d/square.jpg,3
Premier League,Newcastle United 26/27 Home Jersey S-XL2,https://minkang.x.yupoo.com/albums/251870162?uid=1&isSubCate=false&referrercate=680719,https://photo.yupoo.com/minkang/3e89a8acc8/square.jpg,4
Premier League,Derby County 26/27 Home Jersey S-4XL2,https://minkang.x.yupoo.com/albums/252314578?uid=1&isSubCate=false&referrercate=680719,https://photo.yupoo.com/minkang/719ad0c487/large.jpg,1
Premier League,Derby County 26/27 Home Jersey S-4XL2,https://minkang.x.yupoo.com/albums/252314578?uid=1&isSubCate=false&referrercate=680719,https://photo.yupoo.com/minkang/10729f7401/large.jpg,2
Premier League,Derby County 26/27 Home Jersey S-4XL2,https://minkang.x.yupoo.com/albums/252314578?uid=1&isSubCate=false&referrercate=680719,https://photo.yupoo.com/minkang/10729f7401/square.jpg,3
Premier League,Derby County 26/27 Home Jersey S-4XL2,https://minkang.x.yupoo.com/albums/252314578?uid=1&isSubCate=false&referrercate=680719,https://photo.yupoo.com/minkang/719ad0c487/square.jpg,4
Premier League,M-U 26/27 Special Jersey S-4XL2,https://minkang.x.yupoo.com/albums/252314780?uid=1&isSubCate=false&referrercate=680719,https://photo.yupoo.com/minkang/91314d00a7/large.jpg,1
Premier League,M-U 26/27 Special Jersey S-4XL2,https://minkang.x.yupoo.com/albums/252314780?uid=1&isSubCate=false&referrercate=680719,https://photo.yupoo.com/minkang/b792a92f25/large.jpg,2
Premier League,M-U 26/27 Special Jersey S-4XL2,https://minkang.x.yupoo.com/albums/252314780?uid=1&isSubCate=false&referrercate=680719,https://photo.yupoo.com/minkang/b792a92f25/square.jpg,3
Premier League,M-U 26/27 Special Jersey S-4XL2,https://minkang.x.yupoo.com/albums/252314780?uid=1&isSubCate=false&referrercate=680719,https://photo.yupoo.com/minkang/91314d00a7/square.jpg,4
Premier League,M-U 26/27 Away Jersey S-2XL2,https://minkang.x.yupoo.com/albums/252314762?uid=1&isSubCate=false&referrercate=680719,https://photo.yupoo.com/minkang/57938ffe4f/large.jpg,1
Premier League,M-U 26/27 Away Jersey S-2XL2,https://minkang.x.yupoo.com/albums/252314762?uid=1&isSubCate=false&referrercate=680719,https://photo.yupoo.com/minkang/f4b055be47/large.jpg,2
Premier League,M-U 26/27 Away Jersey S-2XL2,https://minkang.x.yupoo.com/albums/252314762?uid=1&isSubCate=false&referrercate=680719,https://photo.yupoo.com/minkang/f4b055be47/square.jpg,3
Premier League,M-U 26/27 Away Jersey S-2XL2,https://minkang.x.yupoo.com/albums/252314762?uid=1&isSubCate=false&referrercate=680719,https://photo.yupoo.com/minkang/57938ffe4f/square.jpg,4
Premier League,M-U 26/27 Special Jersey S-4XL2,https://minkang.x.yupoo.com/albums/252314877?uid=1&isSubCate=false&referrercate=680719,https://photo.yupoo.com/minkang/1c0eb5e71f/large.jpg,1
Premier League,M-U 26/27 Special Jersey S-4XL2,https://minkang.x.yupoo.com/albums/252314877?uid=1&isSubCate=false&referrercate=680719,https://photo.yupoo.com/minkang/75deff9ed5/large.jpg,2
Premier League,M-U 26/27 Special Jersey S-4XL2,https://minkang.x.yupoo.com/albums/252314877?uid=1&isSubCate=false&referrercate=680719,https://photo.yupoo.com/minkang/75deff9ed5/square.jpg,3
Premier League,M-U 26/27 Special Jersey S-4XL2,https://minkang.x.yupoo.com/albums/252314877?uid=1&isSubCate=false&referrercate=680719,https://photo.yupoo.com/minkang/1c0eb5e71f/square.jpg,4
Premier League,Newcastle 26/27 away Jersey S-4XL2,https://minkang.x.yupoo.com/albums/252315422?uid=1&isSubCate=false&referrercate=680719,https://photo.yupoo.com/minkang/9bad45cc66/large.jpg,1
Premier League,Newcastle 26/27 away Jersey S-4XL2,https://minkang.x.yupoo.com/albums/252315422?uid=1&isSubCate=false&referrercate=680719,https://photo.yupoo.com/minkang/bd2c5dfb7c/large.jpg,2
Premier League,Newcastle 26/27 away Jersey S-4XL2,https://minkang.x.yupoo.com/albums/252315422?uid=1&isSubCate=false&referrercate=680719,https://photo.yupoo.com/minkang/bd2c5dfb7c/square.jpg,3
Premier League,Newcastle 26/27 away Jersey S-4XL2,https://minkang.x.yupoo.com/albums/252315422?uid=1&isSubCate=false&referrercate=680719,https://photo.yupoo.com/minkang/9bad45cc66/square.jpg,4
Premier League,Tottenham 26/27 Away jersey S-2XL2,https://minkang.x.yupoo.com/albums/252315533?uid=1&isSubCate=false&referrercate=680719,https://photo.yupoo.com/minkang/fe1eb9a1d4/large.jpg,1
Premier League,Tottenham 26/27 Away jersey S-2XL2,https://minkang.x.yupoo.com/albums/252315533?uid=1&isSubCate=false&referrercate=680719,https://photo.yupoo.com/minkang/ab817bd28e/large.jpg,2
Premier League,Tottenham 26/27 Away jersey S-2XL2,https://minkang.x.yupoo.com/albums/252315533?uid=1&isSubCate=false&referrercate=680719,https://photo.yupoo.com/minkang/ab817bd28e/square.jpg,3
Premier League,Tottenham 26/27 Away jersey S-2XL2,https://minkang.x.yupoo.com/albums/252315533?uid=1&isSubCate=false&referrercate=680719,https://photo.yupoo.com/minkang/fe1eb9a1d4/square.jpg,4
Premier League,Arsenal 26/27 Away Jersey S-4XL8,https://minkang.x.yupoo.com/albums/252346922?uid=1&isSubCate=false&referrercate=680719,https://photo.yupoo.com/minkang/cb8a0cb3ea/large.jpg,1
Premier League,Arsenal 26/27 Away Jersey S-4XL8,https://minkang.x.yupoo.com/albums/252346922?uid=1&isSubCate=false&referrercate=680719,https://photo.yupoo.com/minkang/1f56c8de76/large.jpg,2
Premier League,Arsenal 26/27 Away Jersey S-4XL8,https://minkang.x.yupoo.com/albums/252346922?uid=1&isSubCate=false&referrercate=680719,https://photo.yupoo.com/minkang/4093c409be/large.jpg,3
Premier League,Arsenal 26/27 Away Jersey S-4XL8,https://minkang.x.yupoo.com/albums/252346922?uid=1&isSubCate=false&referrercate=680719,https://photo.yupoo.com/minkang/9634a1bbd7/large.jpg,4
Premier League,Arsenal 26/27 Away Jersey S-4XL8,https://minkang.x.yupoo.com/albums/252346922?uid=1&isSubCate=false&referrercate=680719,https://photo.yupoo.com/minkang/2eddc1028e/large.jpg,5
Premier League,Arsenal 26/27 Away Jersey S-4XL8,https://minkang.x.yupoo.com/albums/252346922?uid=1&isSubCate=false&referrercate=680719,https://photo.yupoo.com/minkang/dbc6ef1833/large.jpg,6
Premier League,Arsenal 26/27 Away Jersey S-4XL8,https://minkang.x.yupoo.com/albums/252346922?uid=1&isSubCate=false&referrercate=680719,https://photo.yupoo.com/minkang/ae581ebd0b/large.jpg,7
Premier League,Arsenal 26/27 Away Jersey S-4XL8,https://minkang.x.yupoo.com/albums/252346922?uid=1&isSubCate=false&referrercate=680719,https://photo.yupoo.com/minkang/c110243703/large.jpg,8
Premier League,Arsenal 26/27 Away Jersey S-4XL8,https://minkang.x.yupoo.com/albums/252346922?uid=1&isSubCate=false&referrercate=680719,https://photo.yupoo.com/minkang/cb8a0cb3ea/square.jpg,9
Premier League,Arsenal 26/27 Away Jersey S-4XL8,https://minkang.x.yupoo.com/albums/252346922?uid=1&isSubCate=false&referrercate=680719,https://photo.yupoo.com/minkang/1f56c8de76/square.jpg,10
Premier League,Arsenal 26/27 Away Jersey S-4XL8,https://minkang.x.yupoo.com/albums/252346922?uid=1&isSubCate=false&referrercate=680719,https://photo.yupoo.com/minkang/4093c409be/square.jpg,11
Premier League,Arsenal 26/27 Away Jersey S-4XL8,https://minkang.x.yupoo.com/albums/252346922?uid=1&isSubCate=false&referrercate=680719,https://photo.yupoo.com/minkang/9634a1bbd7/square.jpg,12
Premier League,Arsenal 26/27 Away Jersey S-4XL8,https://minkang.x.yupoo.com/albums/252346922?uid=1&isSubCate=false&referrercate=680719,https://photo.yupoo.com/minkang/2eddc1028e/square.jpg,13
Premier League,Arsenal 26/27 Away Jersey S-4XL8,https://minkang.x.yupoo.com/albums/252346922?uid=1&isSubCate=false&referrercate=680719,https://photo.yupoo.com/minkang/dbc6ef1833/square.jpg,14
Premier League,Arsenal 26/27 Away Jersey S-4XL8,https://minkang.x.yupoo.com/albums/252346922?uid=1&isSubCate=false&referrercate=680719,https://photo.yupoo.com/minkang/ae581ebd0b/square.jpg,15
Premier League,Arsenal 26/27 Away Jersey S-4XL8,https://minkang.x.yupoo.com/albums/252346922?uid=1&isSubCate=false&referrercate=680719,https://photo.yupoo.com/minkang/c110243703/square.jpg,16
Premier League,Tottenham 26/27 Third Away jersey S-4XL2,https://minkang.x.yupoo.com/albums/252347957?uid=1&isSubCate=false&referrercate=680719,https://photo.yupoo.com/minkang/34730048bc/large.jpg,1
Premier League,Tottenham 26/27 Third Away jersey S-4XL2,https://minkang.x.yupoo.com/albums/252347957?uid=1&isSubCate=false&referrercate=680719,https://photo.yupoo.com/minkang/a0192898af/large.jpg,2
Premier League,Tottenham 26/27 Third Away jersey S-4XL2,https://minkang.x.yupoo.com/albums/252347957?uid=1&isSubCate=false&referrercate=680719,https://photo.yupoo.com/minkang/a0192898af/square.jpg,3
Premier League,Tottenham 26/27 Third Away jersey S-4XL2,https://minkang.x.yupoo.com/albums/252347957?uid=1&isSubCate=false&referrercate=680719,https://photo.yupoo.com/minkang/34730048bc/square.jpg,4
Premier League,Wolves 26/27 Home Jersey S-4XL2,https://minkang.x.yupoo.com/albums/252347990?uid=1&isSubCate=false&referrercate=680719,https://photo.yupoo.com/minkang/d745fee6d5/large.jpg,1
Premier League,Wolves 26/27 Home Jersey S-4XL2,https://minkang.x.yupoo.com/albums/252347990?uid=1&isSubCate=false&referrercate=680719,https://photo.yupoo.com/minkang/3f467e5160/large.jpg,2
Premier League,Wolves 26/27 Home Jersey S-4XL2,https://minkang.x.yupoo.com/albums/252347990?uid=1&isSubCate=false&referrercate=680719,https://photo.yupoo.com/minkang/3f467e5160/square.jpg,3
Premier League,Wolves 26/27 Home Jersey S-4XL2,https://minkang.x.yupoo.com/albums/252347990?uid=1&isSubCate=false&referrercate=680719,https://photo.yupoo.com/minkang/d745fee6d5/square.jpg,4
Premier League,M-U 26/27 Away Jersey S-4XL8,https://minkang.x.yupoo.com/albums/252349324?uid=1&isSubCate=false&referrercate=680719,https://photo.yupoo.com/minkang/9b47af968b/large.jpg,1
Premier League,M-U 26/27 Away Jersey S-4XL8,https://minkang.x.yupoo.com/albums/252349324?uid=1&isSubCate=false&referrercate=680719,https://photo.yupoo.com/minkang/303f88c2d9/large.jpg,2
Premier League,M-U 26/27 Away Jersey S-4XL8,https://minkang.x.yupoo.com/albums/252349324?uid=1&isSubCate=false&referrercate=680719,https://photo.yupoo.com/minkang/b72893f21e/large.jpg,3
Premier League,M-U 26/27 Away Jersey S-4XL8,https://minkang.x.yupoo.com/albums/252349324?uid=1&isSubCate=false&referrercate=680719,https://photo.yupoo.com/minkang/19b5727f16/large.jpg,4
Premier League,M-U 26/27 Away Jersey S-4XL8,https://minkang.x.yupoo.com/albums/252349324?uid=1&isSubCate=false&referrercate=680719,https://photo.yupoo.com/minkang/61173f33c6/large.jpg,5
Premier League,M-U 26/27 Away Jersey S-4XL8,https://minkang.x.yupoo.com/albums/252349324?uid=1&isSubCate=false&referrercate=680719,https://photo.yupoo.com/minkang/2cbb2f618b/large.jpg,6
Premier League,M-U 26/27 Away Jersey S-4XL8,https://minkang.x.yupoo.com/albums/252349324?uid=1&isSubCate=false&referrercate=680719,https://photo.yupoo.com/minkang/b3dcf2f1d9/large.jpg,7
Premier League,M-U 26/27 Away Jersey S-4XL8,https://minkang.x.yupoo.com/albums/252349324?uid=1&isSubCate=false&referrercate=680719,https://photo.yupoo.com/minkang/acf224f869/large.jpg,8
Premier League,M-U 26/27 Away Jersey S-4XL8,https://minkang.x.yupoo.com/albums/252349324?uid=1&isSubCate=false&referrercate=680719,https://photo.yupoo.com/minkang/9b47af968b/square.jpg,9
Premier League,M-U 26/27 Away Jersey S-4XL8,https://minkang.x.yupoo.com/albums/252349324?uid=1&isSubCate=false&referrercate=680719,https://photo.yupoo.com/minkang/303f88c2d9/square.jpg,10
Premier League,M-U 26/27 Away Jersey S-4XL8,https://minkang.x.yupoo.com/albums/252349324?uid=1&isSubCate=false&referrercate=680719,https://photo.yupoo.com/minkang/b72893f21e/square.jpg,11
Premier League,M-U 26/27 Away Jersey S-4XL8,https://minkang.x.yupoo.com/albums/252349324?uid=1&isSubCate=false&referrercate=680719,https://photo.yupoo.com/minkang/19b5727f16/square.jpg,12
Premier League,M-U 26/27 Away Jersey S-4XL8,https://minkang.x.yupoo.com/albums/252349324?uid=1&isSubCate=false&referrercate=680719,https://photo.yupoo.com/minkang/61173f33c6/square.jpg,13
Premier League,M-U 26/27 Away Jersey S-4XL8,https://minkang.x.yupoo.com/albums/252349324?uid=1&isSubCate=false&referrercate=680719,https://photo.yupoo.com/minkang/2cbb2f618b/square.jpg,14
Premier League,M-U 26/27 Away Jersey S-4XL8,https://minkang.x.yupoo.com/albums/252349324?uid=1&isSubCate=false&referrercate=680719,https://photo.yupoo.com/minkang/b3dcf2f1d9/square.jpg,15
Premier League,M-U 26/27 Away Jersey S-4XL8,https://minkang.x.yupoo.com/albums/252349324?uid=1&isSubCate=false&referrercate=680719,https://photo.yupoo.com/minkang/acf224f869/square.jpg,16
Premier League,Chelsea 26/27 Third Player Version Jersey S-4XL8,https://minkang.x.yupoo.com/albums/252350903?uid=1&isSubCate=false&referrercate=680719,https://photo.yupoo.com/minkang/ebffcc87ca/large.jpg,1
Premier League,Chelsea 26/27 Third Player Version Jersey S-4XL8,https://minkang.x.yupoo.com/albums/252350903?uid=1&isSubCate=false&referrercate=680719,https://photo.yupoo.com/minkang/ac250b4e8a/large.jpg,2
Premier League,Chelsea 26/27 Third Player Version Jersey S-4XL8,https://minkang.x.yupoo.com/albums/252350903?uid=1&isSubCate=false&referrercate=680719,https://photo.yupoo.com/minkang/561979c3c0/large.jpg,3
Premier League,Chelsea 26/27 Third Player Version Jersey S-4XL8,https://minkang.x.yupoo.com/albums/252350903?uid=1&isSubCate=false&referrercate=680719,https://photo.yupoo.com/minkang/9dbf9454aa/large.jpg,4
Premier League,Chelsea 26/27 Third Player Version Jersey S-4XL8,https://minkang.x.yupoo.com/albums/252350903?uid=1&isSubCate=false&referrercate=680719,https://photo.yupoo.com/minkang/6b01781827/large.jpg,5
Premier League,Chelsea 26/27 Third Player Version Jersey S-4XL8,https://minkang.x.yupoo.com/albums/252350903?uid=1&isSubCate=false&referrercate=680719,https://photo.yupoo.com/minkang/4a6c393a2b/large.jpg,6
Premier League,Chelsea 26/27 Third Player Version Jersey S-4XL8,https://minkang.x.yupoo.com/albums/252350903?uid=1&isSubCate=false&referrercate=680719,https://photo.yupoo.com/minkang/e61bc7c0c2/large.jpg,7
Premier League,Chelsea 26/27 Third Player Version Jersey S-4XL8,https://minkang.x.yupoo.com/albums/252350903?uid=1&isSubCate=false&referrercate=680719,https://photo.yupoo.com/minkang/541dde4ef6/large.jpg,8
Premier League,Chelsea 26/27 Third Player Version Jersey S-4XL8,https://minkang.x.yupoo.com/albums/252350903?uid=1&isSubCate=false&referrercate=680719,https://photo.yupoo.com/minkang/ac250b4e8a/square.jpg,9
Premier League,Chelsea 26/27 Third Player Version Jersey S-4XL8,https://minkang.x.yupoo.com/albums/252350903?uid=1&isSubCate=false&referrercate=680719,https://photo.yupoo.com/minkang/ebffcc87ca/square.jpg,10
Premier League,Chelsea 26/27 Third Player Version Jersey S-4XL8,https://minkang.x.yupoo.com/albums/252350903?uid=1&isSubCate=false&referrercate=680719,https://photo.yupoo.com/minkang/561979c3c0/square.jpg,11
Premier League,Chelsea 26/27 Third Player Version Jersey S-4XL8,https://minkang.x.yupoo.com/albums/252350903?uid=1&isSubCate=false&referrercate=680719,https://photo.yupoo.com/minkang/9dbf9454aa/square.jpg,12
Premier League,Chelsea 26/27 Third Player Version Jersey S-4XL8,https://minkang.x.yupoo.com/albums/252350903?uid=1&isSubCate=false&referrercate=680719,https://photo.yupoo.com/minkang/6b01781827/square.jpg,13
Premier League,Chelsea 26/27 Third Player Version Jersey S-4XL8,https://minkang.x.yupoo.com/albums/252350903?uid=1&isSubCate=false&referrercate=680719,https://photo.yupoo.com/minkang/4a6c393a2b/square.jpg,14
Premier League,Chelsea 26/27 Third Player Version Jersey S-4XL8,https://minkang.x.yupoo.com/albums/252350903?uid=1&isSubCate=false&referrercate=680719,https://photo.yupoo.com/minkang/e61bc7c0c2/square.jpg,15
Premier League,Chelsea 26/27 Third Player Version Jersey S-4XL8,https://minkang.x.yupoo.com/albums/252350903?uid=1&isSubCate=false&referrercate=680719,https://photo.yupoo.com/minkang/541dde4ef6/square.jpg,16
Premier League,Chelsea 26/27 Home Player Version Jersey S-4XL9,https://minkang.x.yupoo.com/albums/252352434?uid=1&isSubCate=false&referrercate=680719,https://photo.yupoo.com/minkang/39e3ba4647/large.jpg,1
Premier League,Chelsea 26/27 Home Player Version Jersey S-4XL9,https://minkang.x.yupoo.com/albums/252352434?uid=1&isSubCate=false&referrercate=680719,https://photo.yupoo.com/minkang/d6624ffe8e/large.jpg,2
Premier League,Chelsea 26/27 Home Player Version Jersey S-4XL9,https://minkang.x.yupoo.com/albums/252352434?uid=1&isSubCate=false&referrercate=680719,https://photo.yupoo.com/minkang/d9cf7fc4df/large.jpg,3
Premier League,Chelsea 26/27 Home Player Version Jersey S-4XL9,https://minkang.x.yupoo.com/albums/252352434?uid=1&isSubCate=false&referrercate=680719,https://photo.yupoo.com/minkang/6f96d5dc88/large.jpg,4
Premier League,Chelsea 26/27 Home Player Version Jersey S-4XL9,https://minkang.x.yupoo.com/albums/252352434?uid=1&isSubCate=false&referrercate=680719,https://photo.yupoo.com/minkang/5dbf7ecb31/large.jpg,5
Premier League,Chelsea 26/27 Home Player Version Jersey S-4XL9,https://minkang.x.yupoo.com/albums/252352434?uid=1&isSubCate=false&referrercate=680719,https://photo.yupoo.com/minkang/2ae60bd1dd/large.jpg,6
Premier League,Chelsea 26/27 Home Player Version Jersey S-4XL9,https://minkang.x.yupoo.com/albums/252352434?uid=1&isSubCate=false&referrercate=680719,https://photo.yupoo.com/minkang/9945013e15/large.jpg,7
Premier League,Chelsea 26/27 Home Player Version Jersey S-4XL9,https://minkang.x.yupoo.com/albums/252352434?uid=1&isSubCate=false&referrercate=680719,https://photo.yupoo.com/minkang/f869dff02b/large.jpg,8
Premier League,Chelsea 26/27 Home Player Version Jersey S-4XL9,https://minkang.x.yupoo.com/albums/252352434?uid=1&isSubCate=false&referrercate=680719,https://photo.yupoo.com/minkang/51a7f70e12/large.jpg,9
Premier League,Chelsea 26/27 Home Player Version Jersey S-4XL9,https://minkang.x.yupoo.com/albums/252352434?uid=1&isSubCate=false&referrercate=680719,https://photo.yupoo.com/minkang/39e3ba4647/square.jpg,10
Premier League,Chelsea 26/27 Home Player Version Jersey S-4XL9,https://minkang.x.yupoo.com/albums/252352434?uid=1&isSubCate=false&referrercate=680719,https://photo.yupoo.com/minkang/d6624ffe8e/square.jpg,11
Premier League,Chelsea 26/27 Home Player Version Jersey S-4XL9,https://minkang.x.yupoo.com/albums/252352434?uid=1&isSubCate=false&referrercate=680719,https://photo.yupoo.com/minkang/d9cf7fc4df/square.jpg,12
Premier League,Chelsea 26/27 Home Player Version Jersey S-4XL9,https://minkang.x.yupoo.com/albums/252352434?uid=1&isSubCate=false&referrercate=680719,https://photo.yupoo.com/minkang/6f96d5dc88/square.jpg,13
Premier League,Chelsea 26/27 Home Player Version Jersey S-4XL9,https://minkang.x.yupoo.com/albums/252352434?uid=1&isSubCate=false&referrercate=680719,https://photo.yupoo.com/minkang/5dbf7ecb31/square.jpg,14
Premier League,Chelsea 26/27 Home Player Version Jersey S-4XL9,https://minkang.x.yupoo.com/albums/252352434?uid=1&isSubCate=false&referrercate=680719,https://photo.yupoo.com/minkang/2ae60bd1dd/square.jpg,15
Premier League,Chelsea 26/27 Home Player Version Jersey S-4XL9,https://minkang.x.yupoo.com/albums/252352434?uid=1&isSubCate=false&referrercate=680719,https://photo.yupoo.com/minkang/9945013e15/square.jpg,16
Premier League,Chelsea 26/27 Home Player Version Jersey S-4XL9,https://minkang.x.yupoo.com/albums/252352434?uid=1&isSubCate=false&referrercate=680719,https://photo.yupoo.com/minkang/f869dff02b/square.jpg,17
Premier League,Chelsea 26/27 Home Player Version Jersey S-4XL9,https://minkang.x.yupoo.com/albums/252352434?uid=1&isSubCate=false&referrercate=680719,https://photo.yupoo.com/minkang/51a7f70e12/square.jpg,18
Premier League,LFC 26/27 Away Player Version Jersey S-4XL10,https://minkang.x.yupoo.com/albums/252352610?uid=1&isSubCate=false&referrercate=680719,https://photo.yupoo.com/minkang/3f016f6ead/large.jpg,1
Premier League,LFC 26/27 Away Player Version Jersey S-4XL10,https://minkang.x.yupoo.com/albums/252352610?uid=1&isSubCate=false&referrercate=680719,https://photo.yupoo.com/minkang/609ecc8276/large.jpg,2
Premier League,LFC 26/27 Away Player Version Jersey S-4XL10,https://minkang.x.yupoo.com/albums/252352610?uid=1&isSubCate=false&referrercate=680719,https://photo.yupoo.com/minkang/2c8771df67/large.jpg,3
Premier League,LFC 26/27 Away Player Version Jersey S-4XL10,https://minkang.x.yupoo.com/albums/252352610?uid=1&isSubCate=false&referrercate=680719,https://photo.yupoo.com/minkang/c577b5784c/large.jpg,4
Premier League,LFC 26/27 Away Player Version Jersey S-4XL10,https://minkang.x.yupoo.com/albums/252352610?uid=1&isSubCate=false&referrercate=680719,https://photo.yupoo.com/minkang/c6dab16d57/large.jpg,5
Premier League,LFC 26/27 Away Player Version Jersey S-4XL10,https://minkang.x.yupoo.com/albums/252352610?uid=1&isSubCate=false&referrercate=680719,https://photo.yupoo.com/minkang/f258a0a17b/large.jpg,6
Premier League,LFC 26/27 Away Player Version Jersey S-4XL10,https://minkang.x.yupoo.com/albums/252352610?uid=1&isSubCate=false&referrercate=680719,https://photo.yupoo.com/minkang/a159969dd6/large.jpg,7
Premier League,LFC 26/27 Away Player Version Jersey S-4XL10,https://minkang.x.yupoo.com/albums/252352610?uid=1&isSubCate=false&referrercate=680719,https://photo.yupoo.com/minkang/453ae283a1/large.jpg,8
Premier League,LFC 26/27 Away Player Version Jersey S-4XL10,https://minkang.x.yupoo.com/albums/252352610?uid=1&isSubCate=false&referrercate=680719,https://photo.yupoo.com/minkang/1c7c0853ab/large.jpg,9
Premier League,LFC 26/27 Away Player Version Jersey S-4XL10,https://minkang.x.yupoo.com/albums/252352610?uid=1&isSubCate=false&referrercate=680719,https://photo.yupoo.com/minkang/bd9959fcd3/large.jpg,10
Premier League,LFC 26/27 Away Player Version Jersey S-4XL10,https://minkang.x.yupoo.com/albums/252352610?uid=1&isSubCate=false&referrercate=680719,https://photo.yupoo.com/minkang/3f016f6ead/square.jpg,11
Premier League,LFC 26/27 Away Player Version Jersey S-4XL10,https://minkang.x.yupoo.com/albums/252352610?uid=1&isSubCate=false&referrercate=680719,https://photo.yupoo.com/minkang/609ecc8276/square.jpg,12
Premier League,LFC 26/27 Away Player Version Jersey S-4XL10,https://minkang.x.yupoo.com/albums/252352610?uid=1&isSubCate=false&referrercate=680719,https://photo.yupoo.com/minkang/2c8771df67/square.jpg,13
Premier League,LFC 26/27 Away Player Version Jersey S-4XL10,https://minkang.x.yupoo.com/albums/252352610?uid=1&isSubCate=false&referrercate=680719,https://photo.yupoo.com/minkang/c577b5784c/square.jpg,14
Premier League,LFC 26/27 Away Player Version Jersey S-4XL10,https://minkang.x.yupoo.com/albums/252352610?uid=1&isSubCate=false&referrercate=680719,https://photo.yupoo.com/minkang/c6dab16d57/square.jpg,15
Premier League,LFC 26/27 Away Player Version Jersey S-4XL10,https://minkang.x.yupoo.com/albums/252352610?uid=1&isSubCate=false&referrercate=680719,https://photo.yupoo.com/minkang/f258a0a17b/square.jpg,16
Premier League,LFC 26/27 Away Player Version Jersey S-4XL10,https://minkang.x.yupoo.com/albums/252352610?uid=1&isSubCate=false&referrercate=680719,https://photo.yupoo.com/minkang/a159969dd6/square.jpg,17
Premier League,LFC 26/27 Away Player Version Jersey S-4XL10,https://minkang.x.yupoo.com/albums/252352610?uid=1&isSubCate=false&referrercate=680719,https://photo.yupoo.com/minkang/453ae283a1/square.jpg,18
Premier League,LFC 26/27 Away Player Version Jersey S-4XL10,https://minkang.x.yupoo.com/albums/252352610?uid=1&isSubCate=false&referrercate=680719,https://photo.yupoo.com/minkang/1c7c0853ab/square.jpg,19
Premier League,LFC 26/27 Away Player Version Jersey S-4XL10,https://minkang.x.yupoo.com/albums/252352610?uid=1&isSubCate=false&referrercate=680719,https://photo.yupoo.com/minkang/bd9959fcd3/square.jpg,20
Premier League,Arsenal 26/27 Third Player Version Jersey S-4XL8,https://minkang.x.yupoo.com/albums/252353029?uid=1&isSubCate=false&referrercate=680719,https://photo.yupoo.com/minkang/af79e5ea96/large.jpg,1
Premier League,Arsenal 26/27 Third Player Version Jersey S-4XL8,https://minkang.x.yupoo.com/albums/252353029?uid=1&isSubCate=false&referrercate=680719,https://photo.yupoo.com/minkang/23dbf2530b/large.jpg,2
Premier League,Arsenal 26/27 Third Player Version Jersey S-4XL8,https://minkang.x.yupoo.com/albums/252353029?uid=1&isSubCate=false&referrercate=680719,https://photo.yupoo.com/minkang/bd3267671d/large.jpg,3
Premier League,Arsenal 26/27 Third Player Version Jersey S-4XL8,https://minkang.x.yupoo.com/albums/252353029?uid=1&isSubCate=false&referrercate=680719,https://photo.yupoo.com/minkang/286806b244/large.jpg,4
Premier League,Arsenal 26/27 Third Player Version Jersey S-4XL8,https://minkang.x.yupoo.com/albums/252353029?uid=1&isSubCate=false&referrercate=680719,https://photo.yupoo.com/minkang/e8d779069c/large.jpg,5
Premier League,Arsenal 26/27 Third Player Version Jersey S-4XL8,https://minkang.x.yupoo.com/albums/252353029?uid=1&isSubCate=false&referrercate=680719,https://photo.yupoo.com/minkang/f10afcc308/large.jpg,6
Premier League,Arsenal 26/27 Third Player Version Jersey S-4XL8,https://minkang.x.yupoo.com/albums/252353029?uid=1&isSubCate=false&referrercate=680719,https://photo.yupoo.com/minkang/8c47c33073/large.jpg,7
Premier League,Arsenal 26/27 Third Player Version Jersey S-4XL8,https://minkang.x.yupoo.com/albums/252353029?uid=1&isSubCate=false&referrercate=680719,https://photo.yupoo.com/minkang/3cb6b2ff52/large.jpg,8
Premier League,Arsenal 26/27 Third Player Version Jersey S-4XL8,https://minkang.x.yupoo.com/albums/252353029?uid=1&isSubCate=false&referrercate=680719,https://photo.yupoo.com/minkang/af79e5ea96/square.jpg,9
Premier League,Arsenal 26/27 Third Player Version Jersey S-4XL8,https://minkang.x.yupoo.com/albums/252353029?uid=1&isSubCate=false&referrercate=680719,https://photo.yupoo.com/minkang/23dbf2530b/square.jpg,10
Premier League,Arsenal 26/27 Third Player Version Jersey S-4XL8,https://minkang.x.yupoo.com/albums/252353029?uid=1&isSubCate=false&referrercate=680719,https://photo.yupoo.com/minkang/bd3267671d/square.jpg,11
Premier League,Arsenal 26/27 Third Player Version Jersey S-4XL8,https://minkang.x.yupoo.com/albums/252353029?uid=1&isSubCate=false&referrercate=680719,https://photo.yupoo.com/minkang/286806b244/square.jpg,12
Premier League,Arsenal 26/27 Third Player Version Jersey S-4XL8,https://minkang.x.yupoo.com/albums/252353029?uid=1&isSubCate=false&referrercate=680719,https://photo.yupoo.com/minkang/e8d779069c/square.jpg,13
Premier League,Arsenal 26/27 Third Player Version Jersey S-4XL8,https://minkang.x.yupoo.com/albums/252353029?uid=1&isSubCate=false&referrercate=680719,https://photo.yupoo.com/minkang/f10afcc308/square.jpg,14
Premier League,Arsenal 26/27 Third Player Version Jersey S-4XL8,https://minkang.x.yupoo.com/albums/252353029?uid=1&isSubCate=false&referrercate=680719,https://photo.yupoo.com/minkang/8c47c33073/square.jpg,15
Premier League,Arsenal 26/27 Third Player Version Jersey S-4XL8,https://minkang.x.yupoo.com/albums/252353029?uid=1&isSubCate=false&referrercate=680719,https://photo.yupoo.com/minkang/3cb6b2ff52/square.jpg,16
Premier League,Manchester City 26/27 Away Kids Kit Size 16-2813,https://minkang.x.yupoo.com/albums/252353760?uid=1&isSubCate=false&referrercate=680719,https://photo.yupoo.com/minkang/bf26493a4c/large.jpg,1
Premier League,Manchester City 26/27 Away Kids Kit Size 16-2813,https://minkang.x.yupoo.com/albums/252353760?uid=1&isSubCate=false&referrercate=680719,https://photo.yupoo.com/minkang/5a2e2c9d6d/large.jpg,2
Premier League,Manchester City 26/27 Away Kids Kit Size 16-2813,https://minkang.x.yupoo.com/albums/252353760?uid=1&isSubCate=false&referrercate=680719,https://photo.yupoo.com/minkang/885dd0caf2/large.jpg,3
Premier League,Manchester City 26/27 Away Kids Kit Size 16-2813,https://minkang.x.yupoo.com/albums/252353760?uid=1&isSubCate=false&referrercate=680719,https://photo.yupoo.com/minkang/7296061904/large.jpg,4
Premier League,Manchester City 26/27 Away Kids Kit Size 16-2813,https://minkang.x.yupoo.com/albums/252353760?uid=1&isSubCate=false&referrercate=680719,https://photo.yupoo.com/minkang/0a53cc8dac/large.jpg,5
Premier League,Manchester City 26/27 Away Kids Kit Size 16-2813,https://minkang.x.yupoo.com/albums/252353760?uid=1&isSubCate=false&referrercate=680719,https://photo.yupoo.com/minkang/d12b1d2bc3/large.jpg,6
Premier League,Manchester City 26/27 Away Kids Kit Size 16-2813,https://minkang.x.yupoo.com/albums/252353760?uid=1&isSubCate=false&referrercate=680719,https://photo.yupoo.com/minkang/54adbfbd91/large.jpg,7
Premier League,Manchester City 26/27 Away Kids Kit Size 16-2813,https://minkang.x.yupoo.com/albums/252353760?uid=1&isSubCate=false&referrercate=680719,https://photo.yupoo.com/minkang/70095f9451/large.jpg,8
Premier League,Manchester City 26/27 Away Kids Kit Size 16-2813,https://minkang.x.yupoo.com/albums/252353760?uid=1&isSubCate=false&referrercate=680719,https://photo.yupoo.com/minkang/0e286a16b3/large.jpg,9
Premier League,Manchester City 26/27 Away Kids Kit Size 16-2813,https://minkang.x.yupoo.com/albums/252353760?uid=1&isSubCate=false&referrercate=680719,https://photo.yupoo.com/minkang/31c4965ca8/large.jpg,10
Premier League,Manchester City 26/27 Away Kids Kit Size 16-2813,https://minkang.x.yupoo.com/albums/252353760?uid=1&isSubCate=false&referrercate=680719,https://photo.yupoo.com/minkang/6fcaf2351c/large.jpg,11
Premier League,Manchester City 26/27 Away Kids Kit Size 16-2813,https://minkang.x.yupoo.com/albums/252353760?uid=1&isSubCate=false&referrercate=680719,https://photo.yupoo.com/minkang/8b5e79cb6b/large.jpg,12
Premier League,Manchester City 26/27 Away Kids Kit Size 16-2813,https://minkang.x.yupoo.com/albums/252353760?uid=1&isSubCate=false&referrercate=680719,https://photo.yupoo.com/minkang/9c4768bbf3/large.jpg,13
Premier League,Manchester City 26/27 Away Kids Kit Size 16-2813,https://minkang.x.yupoo.com/albums/252353760?uid=1&isSubCate=false&referrercate=680719,https://photo.yupoo.com/minkang/5a2e2c9d6d/square.jpg,14
Premier League,Manchester City 26/27 Away Kids Kit Size 16-2813,https://minkang.x.yupoo.com/albums/252353760?uid=1&isSubCate=false&referrercate=680719,https://photo.yupoo.com/minkang/bf26493a4c/square.jpg,15
Premier League,Manchester City 26/27 Away Kids Kit Size 16-2813,https://minkang.x.yupoo.com/albums/252353760?uid=1&isSubCate=false&referrercate=680719,https://photo.yupoo.com/minkang/885dd0caf2/square.jpg,16
Premier League,Manchester City 26/27 Away Kids Kit Size 16-2813,https://minkang.x.yupoo.com/albums/252353760?uid=1&isSubCate=false&referrercate=680719,https://photo.yupoo.com/minkang/7296061904/square.jpg,17
Premier League,Manchester City 26/27 Away Kids Kit Size 16-2813,https://minkang.x.yupoo.com/albums/252353760?uid=1&isSubCate=false&referrercate=680719,https://photo.yupoo.com/minkang/0a53cc8dac/square.jpg,18
Premier League,Manchester City 26/27 Away Kids Kit Size 16-2813,https://minkang.x.yupoo.com/albums/252353760?uid=1&isSubCate=false&referrercate=680719,https://photo.yupoo.com/minkang/d12b1d2bc3/square.jpg,19
Premier League,Manchester City 26/27 Away Kids Kit Size 16-2813,https://minkang.x.yupoo.com/albums/252353760?uid=1&isSubCate=false&referrercate=680719,https://photo.yupoo.com/minkang/54adbfbd91/square.jpg,20
Premier League,Manchester City 26/27 Away Kids Kit Size 16-2813,https://minkang.x.yupoo.com/albums/252353760?uid=1&isSubCate=false&referrercate=680719,https://photo.yupoo.com/minkang/70095f9451/square.jpg,21
Premier League,Manchester City 26/27 Away Kids Kit Size 16-2813,https://minkang.x.yupoo.com/albums/252353760?uid=1&isSubCate=false&referrercate=680719,https://photo.yupoo.com/minkang/0e286a16b3/square.jpg,22
Premier League,Manchester City 26/27 Away Kids Kit Size 16-2813,https://minkang.x.yupoo.com/albums/252353760?uid=1&isSubCate=false&referrercate=680719,https://photo.yupoo.com/minkang/31c4965ca8/square.jpg,23
Premier League,Manchester City 26/27 Away Kids Kit Size 16-2813,https://minkang.x.yupoo.com/albums/252353760?uid=1&isSubCate=false&referrercate=680719,https://photo.yupoo.com/minkang/6fcaf2351c/square.jpg,24
Premier League,Manchester City 26/27 Away Kids Kit Size 16-2813,https://minkang.x.yupoo.com/albums/252353760?uid=1&isSubCate=false&referrercate=680719,https://photo.yupoo.com/minkang/8b5e79cb6b/square.jpg,25
Premier League,Manchester City 26/27 Away Kids Kit Size 16-2813,https://minkang.x.yupoo.com/albums/252353760?uid=1&isSubCate=false&referrercate=680719,https://photo.yupoo.com/minkang/9c4768bbf3/square.jpg,26
Premier League,M-U 26/27 Third Long Sleeved Jersey S-4XL2,https://minkang.x.yupoo.com/albums/251867075?uid=1&isSubCate=false&referrercate=680719,https://photo.yupoo.com/minkang/8126765a1b/large.jpg,1
Premier League,M-U 26/27 Third Long Sleeved Jersey S-4XL2,https://minkang.x.yupoo.com/albums/251867075?uid=1&isSubCate=false&referrercate=680719,https://photo.yupoo.com/minkang/5668d2544b/large.jpg,2
Premier League,M-U 26/27 Third Long Sleeved Jersey S-4XL2,https://minkang.x.yupoo.com/albums/251867075?uid=1&isSubCate=false&referrercate=680719,https://photo.yupoo.com/minkang/8126765a1b/square.jpg,3
Premier League,M-U 26/27 Third Long Sleeved Jersey S-4XL2,https://minkang.x.yupoo.com/albums/251867075?uid=1&isSubCate=false&referrercate=680719,https://photo.yupoo.com/minkang/5668d2544b/square.jpg,4
Premier League,M-U 26/27 Away Long Sleeved Jersey S-4XL2,https://minkang.x.yupoo.com/albums/251867004?uid=1&isSubCate=false&referrercate=680719,https://photo.yupoo.com/minkang/821ea6c379/large.jpg,1
Premier League,M-U 26/27 Away Long Sleeved Jersey S-4XL2,https://minkang.x.yupoo.com/albums/251867004?uid=1&isSubCate=false&referrercate=680719,https://photo.yupoo.com/minkang/3a09a1afbb/large.jpg,2
Premier League,M-U 26/27 Away Long Sleeved Jersey S-4XL2,https://minkang.x.yupoo.com/albums/251867004?uid=1&isSubCate=false&referrercate=680719,https://photo.yupoo.com/minkang/3a09a1afbb/square.jpg,3
Premier League,M-U 26/27 Away Long Sleeved Jersey S-4XL2,https://minkang.x.yupoo.com/albums/251867004?uid=1&isSubCate=false&referrercate=680719,https://photo.yupoo.com/minkang/821ea6c379/square.jpg,4
Premier League,Tottenham Hotspur 26/27 Away Kids Kit Jersey Size:16-2811,https://minkang.x.yupoo.com/albums/251103152?uid=1&isSubCate=false&referrercate=680719,https://photo.yupoo.com/minkang/47463dd01d/large.jpg,1
Premier League,Tottenham Hotspur 26/27 Away Kids Kit Jersey Size:16-2811,https://minkang.x.yupoo.com/albums/251103152?uid=1&isSubCate=false&referrercate=680719,https://photo.yupoo.com/minkang/94bed128cd/large.jpg,2
Premier League,Tottenham Hotspur 26/27 Away Kids Kit Jersey Size:16-2811,https://minkang.x.yupoo.com/albums/251103152?uid=1&isSubCate=false&referrercate=680719,https://photo.yupoo.com/minkang/8460384bdc/large.jpg,3
Premier League,Tottenham Hotspur 26/27 Away Kids Kit Jersey Size:16-2811,https://minkang.x.yupoo.com/albums/251103152?uid=1&isSubCate=false&referrercate=680719,https://photo.yupoo.com/minkang/cc7d6cfd8b/large.jpg,4
Premier League,Tottenham Hotspur 26/27 Away Kids Kit Jersey Size:16-2811,https://minkang.x.yupoo.com/albums/251103152?uid=1&isSubCate=false&referrercate=680719,https://photo.yupoo.com/minkang/9b5231f97e/large.jpg,5
Premier League,Tottenham Hotspur 26/27 Away Kids Kit Jersey Size:16-2811,https://minkang.x.yupoo.com/albums/251103152?uid=1&isSubCate=false&referrercate=680719,https://photo.yupoo.com/minkang/ebc7df4fe8/large.jpg,6
Premier League,Tottenham Hotspur 26/27 Away Kids Kit Jersey Size:16-2811,https://minkang.x.yupoo.com/albums/251103152?uid=1&isSubCate=false&referrercate=680719,https://photo.yupoo.com/minkang/8844e9cf04/large.jpg,7
Premier League,Tottenham Hotspur 26/27 Away Kids Kit Jersey Size:16-2811,https://minkang.x.yupoo.com/albums/251103152?uid=1&isSubCate=false&referrercate=680719,https://photo.yupoo.com/minkang/8abcbc1501/large.jpg,8
Premier League,Tottenham Hotspur 26/27 Away Kids Kit Jersey Size:16-2811,https://minkang.x.yupoo.com/albums/251103152?uid=1&isSubCate=false&referrercate=680719,https://photo.yupoo.com/minkang/247abd4e0d/large.jpg,9
Premier League,Tottenham Hotspur 26/27 Away Kids Kit Jersey Size:16-2811,https://minkang.x.yupoo.com/albums/251103152?uid=1&isSubCate=false&referrercate=680719,https://photo.yupoo.com/minkang/bd3ac13b21/large.jpg,10
Premier League,Tottenham Hotspur 26/27 Away Kids Kit Jersey Size:16-2811,https://minkang.x.yupoo.com/albums/251103152?uid=1&isSubCate=false&referrercate=680719,https://photo.yupoo.com/minkang/58392d0d40/large.jpg,11
Premier League,Tottenham Hotspur 26/27 Away Kids Kit Jersey Size:16-2811,https://minkang.x.yupoo.com/albums/251103152?uid=1&isSubCate=false&referrercate=680719,https://photo.yupoo.com/minkang/94bed128cd/square.jpg,12
Premier League,Tottenham Hotspur 26/27 Away Kids Kit Jersey Size:16-2811,https://minkang.x.yupoo.com/albums/251103152?uid=1&isSubCate=false&referrercate=680719,https://photo.yupoo.com/minkang/47463dd01d/square.jpg,13
Premier League,Tottenham Hotspur 26/27 Away Kids Kit Jersey Size:16-2811,https://minkang.x.yupoo.com/albums/251103152?uid=1&isSubCate=false&referrercate=680719,https://photo.yupoo.com/minkang/8460384bdc/square.jpg,14
Premier League,Tottenham Hotspur 26/27 Away Kids Kit Jersey Size:16-2811,https://minkang.x.yupoo.com/albums/251103152?uid=1&isSubCate=false&referrercate=680719,https://photo.yupoo.com/minkang/cc7d6cfd8b/square.jpg,15
Premier League,Tottenham Hotspur 26/27 Away Kids Kit Jersey Size:16-2811,https://minkang.x.yupoo.com/albums/251103152?uid=1&isSubCate=false&referrercate=680719,https://photo.yupoo.com/minkang/9b5231f97e/square.jpg,16
Premier League,Tottenham Hotspur 26/27 Away Kids Kit Jersey Size:16-2811,https://minkang.x.yupoo.com/albums/251103152?uid=1&isSubCate=false&referrercate=680719,https://photo.yupoo.com/minkang/ebc7df4fe8/square.jpg,17
Premier League,Tottenham Hotspur 26/27 Away Kids Kit Jersey Size:16-2811,https://minkang.x.yupoo.com/albums/251103152?uid=1&isSubCate=false&referrercate=680719,https://photo.yupoo.com/minkang/8844e9cf04/square.jpg,18
Premier League,Tottenham Hotspur 26/27 Away Kids Kit Jersey Size:16-2811,https://minkang.x.yupoo.com/albums/251103152?uid=1&isSubCate=false&referrercate=680719,https://photo.yupoo.com/minkang/8abcbc1501/square.jpg,19
Premier League,Tottenham Hotspur 26/27 Away Kids Kit Jersey Size:16-2811,https://minkang.x.yupoo.com/albums/251103152?uid=1&isSubCate=false&referrercate=680719,https://photo.yupoo.com/minkang/247abd4e0d/square.jpg,20
Premier League,Tottenham Hotspur 26/27 Away Kids Kit Jersey Size:16-2811,https://minkang.x.yupoo.com/albums/251103152?uid=1&isSubCate=false&referrercate=680719,https://photo.yupoo.com/minkang/bd3ac13b21/square.jpg,21
Premier League,Tottenham Hotspur 26/27 Away Kids Kit Jersey Size:16-2811,https://minkang.x.yupoo.com/albums/251103152?uid=1&isSubCate=false&referrercate=680719,https://photo.yupoo.com/minkang/58392d0d40/square.jpg,22
Premier League,Tottenham Hotspur 26/27 Home Kids Kit Jersey Size:16-2811,https://minkang.x.yupoo.com/albums/251102959?uid=1&isSubCate=false&referrercate=680719,https://photo.yupoo.com/minkang/3fea0c846b/large.jpg,1
Premier League,Tottenham Hotspur 26/27 Home Kids Kit Jersey Size:16-2811,https://minkang.x.yupoo.com/albums/251102959?uid=1&isSubCate=false&referrercate=680719,https://photo.yupoo.com/minkang/ffe2c8906b/large.jpg,2
Premier League,Tottenham Hotspur 26/27 Home Kids Kit Jersey Size:16-2811,https://minkang.x.yupoo.com/albums/251102959?uid=1&isSubCate=false&referrercate=680719,https://photo.yupoo.com/minkang/c67f0a3e08/large.jpg,3
Premier League,Tottenham Hotspur 26/27 Home Kids Kit Jersey Size:16-2811,https://minkang.x.yupoo.com/albums/251102959?uid=1&isSubCate=false&referrercate=680719,https://photo.yupoo.com/minkang/2c4b0dea6f/large.jpg,4
Premier League,Tottenham Hotspur 26/27 Home Kids Kit Jersey Size:16-2811,https://minkang.x.yupoo.com/albums/251102959?uid=1&isSubCate=false&referrercate=680719,https://photo.yupoo.com/minkang/b89d499805/large.jpg,5
Premier League,Tottenham Hotspur 26/27 Home Kids Kit Jersey Size:16-2811,https://minkang.x.yupoo.com/albums/251102959?uid=1&isSubCate=false&referrercate=680719,https://photo.yupoo.com/minkang/c478410a44/large.jpg,6
Premier League,Tottenham Hotspur 26/27 Home Kids Kit Jersey Size:16-2811,https://minkang.x.yupoo.com/albums/251102959?uid=1&isSubCate=false&referrercate=680719,https://photo.yupoo.com/minkang/593fa01219/large.jpg,7
Premier League,Tottenham Hotspur 26/27 Home Kids Kit Jersey Size:16-2811,https://minkang.x.yupoo.com/albums/251102959?uid=1&isSubCate=false&referrercate=680719,https://photo.yupoo.com/minkang/9e364d8fee/large.jpg,8
Premier League,Tottenham Hotspur 26/27 Home Kids Kit Jersey Size:16-2811,https://minkang.x.yupoo.com/albums/251102959?uid=1&isSubCate=false&referrercate=680719,https://photo.yupoo.com/minkang/968d455ad8/large.jpg,9
Premier League,Tottenham Hotspur 26/27 Home Kids Kit Jersey Size:16-2811,https://minkang.x.yupoo.com/albums/251102959?uid=1&isSubCate=false&referrercate=680719,https://photo.yupoo.com/minkang/ede585c78a/large.jpg,10
Premier League,Tottenham Hotspur 26/27 Home Kids Kit Jersey Size:16-2811,https://minkang.x.yupoo.com/albums/251102959?uid=1&isSubCate=false&referrercate=680719,https://photo.yupoo.com/minkang/b802e80979/large.jpg,11
Premier League,Tottenham Hotspur 26/27 Home Kids Kit Jersey Size:16-2811,https://minkang.x.yupoo.com/albums/251102959?uid=1&isSubCate=false&referrercate=680719,https://photo.yupoo.com/minkang/ffe2c8906b/square.jpg,12
Premier League,Tottenham Hotspur 26/27 Home Kids Kit Jersey Size:16-2811,https://minkang.x.yupoo.com/albums/251102959?uid=1&isSubCate=false&referrercate=680719,https://photo.yupoo.com/minkang/3fea0c846b/square.jpg,13
Premier League,Tottenham Hotspur 26/27 Home Kids Kit Jersey Size:16-2811,https://minkang.x.yupoo.com/albums/251102959?uid=1&isSubCate=false&referrercate=680719,https://photo.yupoo.com/minkang/c67f0a3e08/square.jpg,14
Premier League,Tottenham Hotspur 26/27 Home Kids Kit Jersey Size:16-2811,https://minkang.x.yupoo.com/albums/251102959?uid=1&isSubCate=false&referrercate=680719,https://photo.yupoo.com/minkang/2c4b0dea6f/square.jpg,15
Premier League,Tottenham Hotspur 26/27 Home Kids Kit Jersey Size:16-2811,https://minkang.x.yupoo.com/albums/251102959?uid=1&isSubCate=false&referrercate=680719,https://photo.yupoo.com/minkang/b89d499805/square.jpg,16
Premier League,Tottenham Hotspur 26/27 Home Kids Kit Jersey Size:16-2811,https://minkang.x.yupoo.com/albums/251102959?uid=1&isSubCate=false&referrercate=680719,https://photo.yupoo.com/minkang/c478410a44/square.jpg,17
Premier League,Tottenham Hotspur 26/27 Home Kids Kit Jersey Size:16-2811,https://minkang.x.yupoo.com/albums/251102959?uid=1&isSubCate=false&referrercate=680719,https://photo.yupoo.com/minkang/593fa01219/square.jpg,18
Premier League,Tottenham Hotspur 26/27 Home Kids Kit Jersey Size:16-2811,https://minkang.x.yupoo.com/albums/251102959?uid=1&isSubCate=false&referrercate=680719,https://photo.yupoo.com/minkang/9e364d8fee/square.jpg,19
Premier League,Tottenham Hotspur 26/27 Home Kids Kit Jersey Size:16-2811,https://minkang.x.yupoo.com/albums/251102959?uid=1&isSubCate=false&referrercate=680719,https://photo.yupoo.com/minkang/968d455ad8/square.jpg,20
Premier League,Tottenham Hotspur 26/27 Home Kids Kit Jersey Size:16-2811,https://minkang.x.yupoo.com/albums/251102959?uid=1&isSubCate=false&referrercate=680719,https://photo.yupoo.com/minkang/ede585c78a/square.jpg,21
Premier League,Tottenham Hotspur 26/27 Home Kids Kit Jersey Size:16-2811,https://minkang.x.yupoo.com/albums/251102959?uid=1&isSubCate=false&referrercate=680719,https://photo.yupoo.com/minkang/b802e80979/square.jpg,22
Premier League,Chelsea 26/27 Home Kids Kit Jersey Size: 16-2810,https://minkang.x.yupoo.com/albums/251102652?uid=1&isSubCate=false&referrercate=680719,https://photo.yupoo.com/minkang/e38dd02640/large.jpg,1
Premier League,Chelsea 26/27 Home Kids Kit Jersey Size: 16-2810,https://minkang.x.yupoo.com/albums/251102652?uid=1&isSubCate=false&referrercate=680719,https://photo.yupoo.com/minkang/a2c5452fac/large.jpg,2
Premier League,Chelsea 26/27 Home Kids Kit Jersey Size: 16-2810,https://minkang.x.yupoo.com/albums/251102652?uid=1&isSubCate=false&referrercate=680719,https://photo.yupoo.com/minkang/6d432a5a0b/large.jpg,3
Premier League,Chelsea 26/27 Home Kids Kit Jersey Size: 16-2810,https://minkang.x.yupoo.com/albums/251102652?uid=1&isSubCate=false&referrercate=680719,https://photo.yupoo.com/minkang/537404c860/large.jpg,4
Premier League,Chelsea 26/27 Home Kids Kit Jersey Size: 16-2810,https://minkang.x.yupoo.com/albums/251102652?uid=1&isSubCate=false&referrercate=680719,https://photo.yupoo.com/minkang/f3b6eeb7e5/large.jpg,5
Premier League,Chelsea 26/27 Home Kids Kit Jersey Size: 16-2810,https://minkang.x.yupoo.com/albums/251102652?uid=1&isSubCate=false&referrercate=680719,https://photo.yupoo.com/minkang/057927ab3a/large.jpg,6
Premier League,Chelsea 26/27 Home Kids Kit Jersey Size: 16-2810,https://minkang.x.yupoo.com/albums/251102652?uid=1&isSubCate=false&referrercate=680719,https://photo.yupoo.com/minkang/cfc27d3b13/large.jpg,7
Premier League,Chelsea 26/27 Home Kids Kit Jersey Size: 16-2810,https://minkang.x.yupoo.com/albums/251102652?uid=1&isSubCate=false&referrercate=680719,https://photo.yupoo.com/minkang/3f1f904d65/large.jpg,8
Premier League,Chelsea 26/27 Home Kids Kit Jersey Size: 16-2810,https://minkang.x.yupoo.com/albums/251102652?uid=1&isSubCate=false&referrercate=680719,https://photo.yupoo.com/minkang/aab0d4d3c5/large.jpg,9
Premier League,Chelsea 26/27 Home Kids Kit Jersey Size: 16-2810,https://minkang.x.yupoo.com/albums/251102652?uid=1&isSubCate=false&referrercate=680719,https://photo.yupoo.com/minkang/2a6df809e6/large.jpg,10
Premier League,Chelsea 26/27 Home Kids Kit Jersey Size: 16-2810,https://minkang.x.yupoo.com/albums/251102652?uid=1&isSubCate=false&referrercate=680719,https://photo.yupoo.com/minkang/a2c5452fac/square.jpg,11
Premier League,Chelsea 26/27 Home Kids Kit Jersey Size: 16-2810,https://minkang.x.yupoo.com/albums/251102652?uid=1&isSubCate=false&referrercate=680719,https://photo.yupoo.com/minkang/e38dd02640/square.jpg,12
Premier League,Chelsea 26/27 Home Kids Kit Jersey Size: 16-2810,https://minkang.x.yupoo.com/albums/251102652?uid=1&isSubCate=false&referrercate=680719,https://photo.yupoo.com/minkang/6d432a5a0b/square.jpg,13
Premier League,Chelsea 26/27 Home Kids Kit Jersey Size: 16-2810,https://minkang.x.yupoo.com/albums/251102652?uid=1&isSubCate=false&referrercate=680719,https://photo.yupoo.com/minkang/537404c860/square.jpg,14
Premier League,Chelsea 26/27 Home Kids Kit Jersey Size: 16-2810,https://minkang.x.yupoo.com/albums/251102652?uid=1&isSubCate=false&referrercate=680719,https://photo.yupoo.com/minkang/f3b6eeb7e5/square.jpg,15
Premier League,Chelsea 26/27 Home Kids Kit Jersey Size: 16-2810,https://minkang.x.yupoo.com/albums/251102652?uid=1&isSubCate=false&referrercate=680719,https://photo.yupoo.com/minkang/057927ab3a/square.jpg,16
Premier League,Chelsea 26/27 Home Kids Kit Jersey Size: 16-2810,https://minkang.x.yupoo.com/albums/251102652?uid=1&isSubCate=false&referrercate=680719,https://photo.yupoo.com/minkang/cfc27d3b13/square.jpg,17
Premier League,Chelsea 26/27 Home Kids Kit Jersey Size: 16-2810,https://minkang.x.yupoo.com/albums/251102652?uid=1&isSubCate=false&referrercate=680719,https://photo.yupoo.com/minkang/3f1f904d65/square.jpg,18
Premier League,Chelsea 26/27 Home Kids Kit Jersey Size: 16-2810,https://minkang.x.yupoo.com/albums/251102652?uid=1&isSubCate=false&referrercate=680719,https://photo.yupoo.com/minkang/aab0d4d3c5/square.jpg,19
Premier League,Chelsea 26/27 Home Kids Kit Jersey Size: 16-2810,https://minkang.x.yupoo.com/albums/251102652?uid=1&isSubCate=false&referrercate=680719,https://photo.yupoo.com/minkang/2a6df809e6/square.jpg,20
Premier League,M-U 26/27 Third Away Player Version Jersey S-4XL9,https://minkang.x.yupoo.com/albums/251101856?uid=1&isSubCate=false&referrercate=680719,https://photo.yupoo.com/minkang/7180d65494/large.jpg,1
Premier League,M-U 26/27 Third Away Player Version Jersey S-4XL9,https://minkang.x.yupoo.com/albums/251101856?uid=1&isSubCate=false&referrercate=680719,https://photo.yupoo.com/minkang/de00d504f3/large.jpg,2
Premier League,M-U 26/27 Third Away Player Version Jersey S-4XL9,https://minkang.x.yupoo.com/albums/251101856?uid=1&isSubCate=false&referrercate=680719,https://photo.yupoo.com/minkang/3dbdbe6bde/large.jpg,3
Premier League,M-U 26/27 Third Away Player Version Jersey S-4XL9,https://minkang.x.yupoo.com/albums/251101856?uid=1&isSubCate=false&referrercate=680719,https://photo.yupoo.com/minkang/5c5ed748ae/large.jpg,4
Premier League,M-U 26/27 Third Away Player Version Jersey S-4XL9,https://minkang.x.yupoo.com/albums/251101856?uid=1&isSubCate=false&referrercate=680719,https://photo.yupoo.com/minkang/5bd43be8a6/large.jpg,5
Premier League,M-U 26/27 Third Away Player Version Jersey S-4XL9,https://minkang.x.yupoo.com/albums/251101856?uid=1&isSubCate=false&referrercate=680719,https://photo.yupoo.com/minkang/5af868d9e1/large.jpg,6
Premier League,M-U 26/27 Third Away Player Version Jersey S-4XL9,https://minkang.x.yupoo.com/albums/251101856?uid=1&isSubCate=false&referrercate=680719,https://photo.yupoo.com/minkang/5ec7c8e824/large.jpg,7
Premier League,M-U 26/27 Third Away Player Version Jersey S-4XL9,https://minkang.x.yupoo.com/albums/251101856?uid=1&isSubCate=false&referrercate=680719,https://photo.yupoo.com/minkang/b86c1bdd1f/large.jpg,8
Premier League,M-U 26/27 Third Away Player Version Jersey S-4XL9,https://minkang.x.yupoo.com/albums/251101856?uid=1&isSubCate=false&referrercate=680719,https://photo.yupoo.com/minkang/ae0c524743/large.jpg,9
Premier League,M-U 26/27 Third Away Player Version Jersey S-4XL9,https://minkang.x.yupoo.com/albums/251101856?uid=1&isSubCate=false&referrercate=680719,https://photo.yupoo.com/minkang/de00d504f3/square.jpg,10
Premier League,M-U 26/27 Third Away Player Version Jersey S-4XL9,https://minkang.x.yupoo.com/albums/251101856?uid=1&isSubCate=false&referrercate=680719,https://photo.yupoo.com/minkang/7180d65494/square.jpg,11
Premier League,M-U 26/27 Third Away Player Version Jersey S-4XL9,https://minkang.x.yupoo.com/albums/251101856?uid=1&isSubCate=false&referrercate=680719,https://photo.yupoo.com/minkang/3dbdbe6bde/square.jpg,12
Premier League,M-U 26/27 Third Away Player Version Jersey S-4XL9,https://minkang.x.yupoo.com/albums/251101856?uid=1&isSubCate=false&referrercate=680719,https://photo.yupoo.com/minkang/5c5ed748ae/square.jpg,13
Premier League,M-U 26/27 Third Away Player Version Jersey S-4XL9,https://minkang.x.yupoo.com/albums/251101856?uid=1&isSubCate=false&referrercate=680719,https://photo.yupoo.com/minkang/5bd43be8a6/square.jpg,14
Premier League,M-U 26/27 Third Away Player Version Jersey S-4XL9,https://minkang.x.yupoo.com/albums/251101856?uid=1&isSubCate=false&referrercate=680719,https://photo.yupoo.com/minkang/5af868d9e1/square.jpg,15
Premier League,M-U 26/27 Third Away Player Version Jersey S-4XL9,https://minkang.x.yupoo.com/albums/251101856?uid=1&isSubCate=false&referrercate=680719,https://photo.yupoo.com/minkang/5ec7c8e824/square.jpg,16
Premier League,M-U 26/27 Third Away Player Version Jersey S-4XL9,https://minkang.x.yupoo.com/albums/251101856?uid=1&isSubCate=false&referrercate=680719,https://photo.yupoo.com/minkang/b86c1bdd1f/square.jpg,17
Premier League,M-U 26/27 Third Away Player Version Jersey S-4XL9,https://minkang.x.yupoo.com/albums/251101856?uid=1&isSubCate=false&referrercate=680719,https://photo.yupoo.com/minkang/ae0c524743/square.jpg,18
Premier League,Newcastle United 26/27 Away Player Version Jersey S-3XL8,https://minkang.x.yupoo.com/albums/251101232?uid=1&isSubCate=false&referrercate=680719,https://photo.yupoo.com/minkang/1f9f5ac321/large.jpg,1
Premier League,Newcastle United 26/27 Away Player Version Jersey S-3XL8,https://minkang.x.yupoo.com/albums/251101232?uid=1&isSubCate=false&referrercate=680719,https://photo.yupoo.com/minkang/f5416a0f5f/large.jpg,2
Premier League,Newcastle United 26/27 Away Player Version Jersey S-3XL8,https://minkang.x.yupoo.com/albums/251101232?uid=1&isSubCate=false&referrercate=680719,https://photo.yupoo.com/minkang/8dc6247a5e/large.jpg,3
Premier League,Newcastle United 26/27 Away Player Version Jersey S-3XL8,https://minkang.x.yupoo.com/albums/251101232?uid=1&isSubCate=false&referrercate=680719,https://photo.yupoo.com/minkang/d808e7429a/large.jpg,4
Premier League,Newcastle United 26/27 Away Player Version Jersey S-3XL8,https://minkang.x.yupoo.com/albums/251101232?uid=1&isSubCate=false&referrercate=680719,https://photo.yupoo.com/minkang/95fe060638/large.jpg,5
Premier League,Newcastle United 26/27 Away Player Version Jersey S-3XL8,https://minkang.x.yupoo.com/albums/251101232?uid=1&isSubCate=false&referrercate=680719,https://photo.yupoo.com/minkang/6bbd764335/large.jpg,6
Premier League,Newcastle United 26/27 Away Player Version Jersey S-3XL8,https://minkang.x.yupoo.com/albums/251101232?uid=1&isSubCate=false&referrercate=680719,https://photo.yupoo.com/minkang/a314a5f5e7/large.jpg,7
Premier League,Newcastle United 26/27 Away Player Version Jersey S-3XL8,https://minkang.x.yupoo.com/albums/251101232?uid=1&isSubCate=false&referrercate=680719,https://photo.yupoo.com/minkang/332ac9aa80/large.jpg,8
Premier League,Newcastle United 26/27 Away Player Version Jersey S-3XL8,https://minkang.x.yupoo.com/albums/251101232?uid=1&isSubCate=false&referrercate=680719,https://photo.yupoo.com/minkang/f5416a0f5f/square.jpg,9
Premier League,Newcastle United 26/27 Away Player Version Jersey S-3XL8,https://minkang.x.yupoo.com/albums/251101232?uid=1&isSubCate=false&referrercate=680719,https://photo.yupoo.com/minkang/1f9f5ac321/square.jpg,10
Premier League,Newcastle United 26/27 Away Player Version Jersey S-3XL8,https://minkang.x.yupoo.com/albums/251101232?uid=1&isSubCate=false&referrercate=680719,https://photo.yupoo.com/minkang/8dc6247a5e/square.jpg,11
Premier League,Newcastle United 26/27 Away Player Version Jersey S-3XL8,https://minkang.x.yupoo.com/albums/251101232?uid=1&isSubCate=false&referrercate=680719,https://photo.yupoo.com/minkang/d808e7429a/square.jpg,12
Premier League,Newcastle United 26/27 Away Player Version Jersey S-3XL8,https://minkang.x.yupoo.com/albums/251101232?uid=1&isSubCate=false&referrercate=680719,https://photo.yupoo.com/minkang/95fe060638/square.jpg,13
Premier League,Newcastle United 26/27 Away Player Version Jersey S-3XL8,https://minkang.x.yupoo.com/albums/251101232?uid=1&isSubCate=false&referrercate=680719,https://photo.yupoo.com/minkang/6bbd764335/square.jpg,14
Premier League,Newcastle United 26/27 Away Player Version Jersey S-3XL8,https://minkang.x.yupoo.com/albums/251101232?uid=1&isSubCate=false&referrercate=680719,https://photo.yupoo.com/minkang/a314a5f5e7/square.jpg,15
Premier League,Newcastle United 26/27 Away Player Version Jersey S-3XL8,https://minkang.x.yupoo.com/albums/251101232?uid=1&isSubCate=false&referrercate=680719,https://photo.yupoo.com/minkang/332ac9aa80/square.jpg,16
Premier League,Chelsea 2026 Home Kids Kit Jersey Size 16-2810,https://minkang.x.yupoo.com/albums/245426154?uid=1&isSubCate=false&referrercate=680719,https://photo.yupoo.com/minkang/9ffdf9d643/large.jpg,1
Premier League,Chelsea 2026 Home Kids Kit Jersey Size 16-2810,https://minkang.x.yupoo.com/albums/245426154?uid=1&isSubCate=false&referrercate=680719,https://photo.yupoo.com/minkang/b228ad2687/large.jpg,2
Premier League,Chelsea 2026 Home Kids Kit Jersey Size 16-2810,https://minkang.x.yupoo.com/albums/245426154?uid=1&isSubCate=false&referrercate=680719,https://photo.yupoo.com/minkang/6ad5e208c8/large.jpg,3
Premier League,Chelsea 2026 Home Kids Kit Jersey Size 16-2810,https://minkang.x.yupoo.com/albums/245426154?uid=1&isSubCate=false&referrercate=680719,https://photo.yupoo.com/minkang/32deb406c4/large.jpg,4
Premier League,Chelsea 2026 Home Kids Kit Jersey Size 16-2810,https://minkang.x.yupoo.com/albums/245426154?uid=1&isSubCate=false&referrercate=680719,https://photo.yupoo.com/minkang/ed96e8e9b6/large.jpg,5
Premier League,Chelsea 2026 Home Kids Kit Jersey Size 16-2810,https://minkang.x.yupoo.com/albums/245426154?uid=1&isSubCate=false&referrercate=680719,https://photo.yupoo.com/minkang/e0cd189423/large.jpg,6
Premier League,Chelsea 2026 Home Kids Kit Jersey Size 16-2810,https://minkang.x.yupoo.com/albums/245426154?uid=1&isSubCate=false&referrercate=680719,https://photo.yupoo.com/minkang/6977e369c8/large.jpg,7
Premier League,Chelsea 2026 Home Kids Kit Jersey Size 16-2810,https://minkang.x.yupoo.com/albums/245426154?uid=1&isSubCate=false&referrercate=680719,https://photo.yupoo.com/minkang/545d5f0abc/large.jpg,8
Premier League,Chelsea 2026 Home Kids Kit Jersey Size 16-2810,https://minkang.x.yupoo.com/albums/245426154?uid=1&isSubCate=false&referrercate=680719,https://photo.yupoo.com/minkang/f9fae721f1/large.jpg,9
Premier League,Chelsea 2026 Home Kids Kit Jersey Size 16-2810,https://minkang.x.yupoo.com/albums/245426154?uid=1&isSubCate=false&referrercate=680719,https://photo.yupoo.com/minkang/5b89a40536/large.jpg,10
Premier League,Chelsea 2026 Home Kids Kit Jersey Size 16-2810,https://minkang.x.yupoo.com/albums/245426154?uid=1&isSubCate=false&referrercate=680719,https://photo.yupoo.com/minkang/9ffdf9d643/square.jpg,11
Premier League,Chelsea 2026 Home Kids Kit Jersey Size 16-2810,https://minkang.x.yupoo.com/albums/245426154?uid=1&isSubCate=false&referrercate=680719,https://photo.yupoo.com/minkang/b228ad2687/square.jpg,12
Premier League,Chelsea 2026 Home Kids Kit Jersey Size 16-2810,https://minkang.x.yupoo.com/albums/245426154?uid=1&isSubCate=false&referrercate=680719,https://photo.yupoo.com/minkang/6ad5e208c8/square.jpg,13
Premier League,Chelsea 2026 Home Kids Kit Jersey Size 16-2810,https://minkang.x.yupoo.com/albums/245426154?uid=1&isSubCate=false&referrercate=680719,https://photo.yupoo.com/minkang/32deb406c4/square.jpg,14
Premier League,Chelsea 2026 Home Kids Kit Jersey Size 16-2810,https://minkang.x.yupoo.com/albums/245426154?uid=1&isSubCate=false&referrercate=680719,https://photo.yupoo.com/minkang/ed96e8e9b6/square.jpg,15
Premier League,Chelsea 2026 Home Kids Kit Jersey Size 16-2810,https://minkang.x.yupoo.com/albums/245426154?uid=1&isSubCate=false&referrercate=680719,https://photo.yupoo.com/minkang/e0cd189423/square.jpg,16
Premier League,Chelsea 2026 Home Kids Kit Jersey Size 16-2810,https://minkang.x.yupoo.com/albums/245426154?uid=1&isSubCate=false&referrercate=680719,https://photo.yupoo.com/minkang/6977e369c8/square.jpg,17
Premier League,Chelsea 2026 Home Kids Kit Jersey Size 16-2810,https://minkang.x.yupoo.com/albums/245426154?uid=1&isSubCate=false&referrercate=680719,https://photo.yupoo.com/minkang/545d5f0abc/square.jpg,18
Premier League,Chelsea 2026 Home Kids Kit Jersey Size 16-2810,https://minkang.x.yupoo.com/albums/245426154?uid=1&isSubCate=false&referrercate=680719,https://photo.yupoo.com/minkang/f9fae721f1/square.jpg,19
Premier League,Chelsea 2026 Home Kids Kit Jersey Size 16-2810,https://minkang.x.yupoo.com/albums/245426154?uid=1&isSubCate=false&referrercate=680719,https://photo.yupoo.com/minkang/5b89a40536/square.jpg,20
Premier League,Portsmouth 26/27 Home Jersey S-4XL7,https://minkang.x.yupoo.com/albums/249052589?uid=1&isSubCate=false&referrercate=680719,https://photo.yupoo.com/minkang/cd97d141ed/large.jpg,1
Premier League,Portsmouth 26/27 Home Jersey S-4XL7,https://minkang.x.yupoo.com/albums/249052589?uid=1&isSubCate=false&referrercate=680719,https://photo.yupoo.com/minkang/0ff70b4602/large.jpg,2
Premier League,Portsmouth 26/27 Home Jersey S-4XL7,https://minkang.x.yupoo.com/albums/249052589?uid=1&isSubCate=false&referrercate=680719,https://photo.yupoo.com/minkang/ec9a4794fd/large.jpg,3
Premier League,Portsmouth 26/27 Home Jersey S-4XL7,https://minkang.x.yupoo.com/albums/249052589?uid=1&isSubCate=false&referrercate=680719,https://photo.yupoo.com/minkang/7c29d27193/large.jpg,4
Premier League,Portsmouth 26/27 Home Jersey S-4XL7,https://minkang.x.yupoo.com/albums/249052589?uid=1&isSubCate=false&referrercate=680719,https://photo.yupoo.com/minkang/67fe4b511b/large.jpg,5
Premier League,Portsmouth 26/27 Home Jersey S-4XL7,https://minkang.x.yupoo.com/albums/249052589?uid=1&isSubCate=false&referrercate=680719,https://photo.yupoo.com/minkang/9ddd61c9e9/large.jpg,6
Premier League,Portsmouth 26/27 Home Jersey S-4XL7,https://minkang.x.yupoo.com/albums/249052589?uid=1&isSubCate=false&referrercate=680719,https://photo.yupoo.com/minkang/8bc219226e/large.jpg,7
Premier League,Portsmouth 26/27 Home Jersey S-4XL7,https://minkang.x.yupoo.com/albums/249052589?uid=1&isSubCate=false&referrercate=680719,https://photo.yupoo.com/minkang/0ff70b4602/square.jpg,8
Premier League,Portsmouth 26/27 Home Jersey S-4XL7,https://minkang.x.yupoo.com/albums/249052589?uid=1&isSubCate=false&referrercate=680719,https://photo.yupoo.com/minkang/cd97d141ed/square.jpg,9
Premier League,Portsmouth 26/27 Home Jersey S-4XL7,https://minkang.x.yupoo.com/albums/249052589?uid=1&isSubCate=false&referrercate=680719,https://photo.yupoo.com/minkang/ec9a4794fd/square.jpg,10
Premier League,Portsmouth 26/27 Home Jersey S-4XL7,https://minkang.x.yupoo.com/albums/249052589?uid=1&isSubCate=false&referrercate=680719,https://photo.yupoo.com/minkang/7c29d27193/square.jpg,11
Premier League,Portsmouth 26/27 Home Jersey S-4XL7,https://minkang.x.yupoo.com/albums/249052589?uid=1&isSubCate=false&referrercate=680719,https://photo.yupoo.com/minkang/67fe4b511b/square.jpg,12
Premier League,Portsmouth 26/27 Home Jersey S-4XL7,https://minkang.x.yupoo.com/albums/249052589?uid=1&isSubCate=false&referrercate=680719,https://photo.yupoo.com/minkang/9ddd61c9e9/square.jpg,13
Premier League,Portsmouth 26/27 Home Jersey S-4XL7,https://minkang.x.yupoo.com/albums/249052589?uid=1&isSubCate=false&referrercate=680719,https://photo.yupoo.com/minkang/8bc219226e/square.jpg,14
Premier League,Sunderland 26/27 Away Jersey S-4XL8,https://minkang.x.yupoo.com/albums/249052980?uid=1&isSubCate=false&referrercate=680719,https://photo.yupoo.com/minkang/f96b541147/large.jpg,1
Premier League,Sunderland 26/27 Away Jersey S-4XL8,https://minkang.x.yupoo.com/albums/249052980?uid=1&isSubCate=false&referrercate=680719,https://photo.yupoo.com/minkang/2234aa338d/large.jpg,2
Premier League,Sunderland 26/27 Away Jersey S-4XL8,https://minkang.x.yupoo.com/albums/249052980?uid=1&isSubCate=false&referrercate=680719,https://photo.yupoo.com/minkang/37cdcde451/large.jpg,3
Premier League,Sunderland 26/27 Away Jersey S-4XL8,https://minkang.x.yupoo.com/albums/249052980?uid=1&isSubCate=false&referrercate=680719,https://photo.yupoo.com/minkang/71a9f3b44f/large.jpg,4
Premier League,Sunderland 26/27 Away Jersey S-4XL8,https://minkang.x.yupoo.com/albums/249052980?uid=1&isSubCate=false&referrercate=680719,https://photo.yupoo.com/minkang/f7304247a3/large.jpg,5
Premier League,Sunderland 26/27 Away Jersey S-4XL8,https://minkang.x.yupoo.com/albums/249052980?uid=1&isSubCate=false&referrercate=680719,https://photo.yupoo.com/minkang/be7130ea2b/large.jpg,6
Premier League,Sunderland 26/27 Away Jersey S-4XL8,https://minkang.x.yupoo.com/albums/249052980?uid=1&isSubCate=false&referrercate=680719,https://photo.yupoo.com/minkang/615ddc6866/large.jpg,7
Premier League,Sunderland 26/27 Away Jersey S-4XL8,https://minkang.x.yupoo.com/albums/249052980?uid=1&isSubCate=false&referrercate=680719,https://photo.yupoo.com/minkang/2e0ea10b0f/large.jpg,8
Premier League,Sunderland 26/27 Away Jersey S-4XL8,https://minkang.x.yupoo.com/albums/249052980?uid=1&isSubCate=false&referrercate=680719,https://photo.yupoo.com/minkang/2234aa338d/square.jpg,9
Premier League,Sunderland 26/27 Away Jersey S-4XL8,https://minkang.x.yupoo.com/albums/249052980?uid=1&isSubCate=false&referrercate=680719,https://photo.yupoo.com/minkang/f96b541147/square.jpg,10
Premier League,Sunderland 26/27 Away Jersey S-4XL8,https://minkang.x.yupoo.com/albums/249052980?uid=1&isSubCate=false&referrercate=680719,https://photo.yupoo.com/minkang/37cdcde451/square.jpg,11
Premier League,Sunderland 26/27 Away Jersey S-4XL8,https://minkang.x.yupoo.com/albums/249052980?uid=1&isSubCate=false&referrercate=680719,https://photo.yupoo.com/minkang/71a9f3b44f/square.jpg,12
Premier League,Sunderland 26/27 Away Jersey S-4XL8,https://minkang.x.yupoo.com/albums/249052980?uid=1&isSubCate=false&referrercate=680719,https://photo.yupoo.com/minkang/f7304247a3/square.jpg,13
Premier League,Sunderland 26/27 Away Jersey S-4XL8,https://minkang.x.yupoo.com/albums/249052980?uid=1&isSubCate=false&referrercate=680719,https://photo.yupoo.com/minkang/be7130ea2b/square.jpg,14
Premier League,Sunderland 26/27 Away Jersey S-4XL8,https://minkang.x.yupoo.com/albums/249052980?uid=1&isSubCate=false&referrercate=680719,https://photo.yupoo.com/minkang/615ddc6866/square.jpg,15
Premier League,Sunderland 26/27 Away Jersey S-4XL8,https://minkang.x.yupoo.com/albums/249052980?uid=1&isSubCate=false&referrercate=680719,https://photo.yupoo.com/minkang/2e0ea10b0f/square.jpg,16
Premier League,Queens Park Rangers 26/27 Home Jersey S-4XL9,https://minkang.x.yupoo.com/albums/249053121?uid=1&isSubCate=false&referrercate=680719,https://photo.yupoo.com/minkang/b381f3eba9/large.jpg,1
Premier League,Queens Park Rangers 26/27 Home Jersey S-4XL9,https://minkang.x.yupoo.com/albums/249053121?uid=1&isSubCate=false&referrercate=680719,https://photo.yupoo.com/minkang/1f3afecb40/large.jpg,2
Premier League,Queens Park Rangers 26/27 Home Jersey S-4XL9,https://minkang.x.yupoo.com/albums/249053121?uid=1&isSubCate=false&referrercate=680719,https://photo.yupoo.com/minkang/0e5d77dd23/large.jpg,3
Premier League,Queens Park Rangers 26/27 Home Jersey S-4XL9,https://minkang.x.yupoo.com/albums/249053121?uid=1&isSubCate=false&referrercate=680719,https://photo.yupoo.com/minkang/93e7f147ec/large.jpg,4
Premier League,Queens Park Rangers 26/27 Home Jersey S-4XL9,https://minkang.x.yupoo.com/albums/249053121?uid=1&isSubCate=false&referrercate=680719,https://photo.yupoo.com/minkang/035bb04cc7/large.jpg,5
Premier League,Queens Park Rangers 26/27 Home Jersey S-4XL9,https://minkang.x.yupoo.com/albums/249053121?uid=1&isSubCate=false&referrercate=680719,https://photo.yupoo.com/minkang/38b1f9ca2e/large.jpg,6
Premier League,Queens Park Rangers 26/27 Home Jersey S-4XL9,https://minkang.x.yupoo.com/albums/249053121?uid=1&isSubCate=false&referrercate=680719,https://photo.yupoo.com/minkang/950071c0ac/large.jpg,7
Premier League,Queens Park Rangers 26/27 Home Jersey S-4XL9,https://minkang.x.yupoo.com/albums/249053121?uid=1&isSubCate=false&referrercate=680719,https://photo.yupoo.com/minkang/39ad8336dc/large.jpg,8
Premier League,Queens Park Rangers 26/27 Home Jersey S-4XL9,https://minkang.x.yupoo.com/albums/249053121?uid=1&isSubCate=false&referrercate=680719,https://photo.yupoo.com/minkang/71db93c2ce/large.jpg,9
Premier League,Queens Park Rangers 26/27 Home Jersey S-4XL9,https://minkang.x.yupoo.com/albums/249053121?uid=1&isSubCate=false&referrercate=680719,https://photo.yupoo.com/minkang/b381f3eba9/square.jpg,10
Premier League,Queens Park Rangers 26/27 Home Jersey S-4XL9,https://minkang.x.yupoo.com/albums/249053121?uid=1&isSubCate=false&referrercate=680719,https://photo.yupoo.com/minkang/1f3afecb40/square.jpg,11
Premier League,Queens Park Rangers 26/27 Home Jersey S-4XL9,https://minkang.x.yupoo.com/albums/249053121?uid=1&isSubCate=false&referrercate=680719,https://photo.yupoo.com/minkang/0e5d77dd23/square.jpg,12
Premier League,Queens Park Rangers 26/27 Home Jersey S-4XL9,https://minkang.x.yupoo.com/albums/249053121?uid=1&isSubCate=false&referrercate=680719,https://photo.yupoo.com/minkang/93e7f147ec/square.jpg,13
Premier League,Queens Park Rangers 26/27 Home Jersey S-4XL9,https://minkang.x.yupoo.com/albums/249053121?uid=1&isSubCate=false&referrercate=680719,https://photo.yupoo.com/minkang/035bb04cc7/square.jpg,14
Premier League,Queens Park Rangers 26/27 Home Jersey S-4XL9,https://minkang.x.yupoo.com/albums/249053121?uid=1&isSubCate=false&referrercate=680719,https://photo.yupoo.com/minkang/38b1f9ca2e/square.jpg,15
Premier League,Queens Park Rangers 26/27 Home Jersey S-4XL9,https://minkang.x.yupoo.com/albums/249053121?uid=1&isSubCate=false&referrercate=680719,https://photo.yupoo.com/minkang/950071c0ac/square.jpg,16
Premier League,Queens Park Rangers 26/27 Home Jersey S-4XL9,https://minkang.x.yupoo.com/albums/249053121?uid=1&isSubCate=false&referrercate=680719,https://photo.yupoo.com/minkang/39ad8336dc/square.jpg,17
Premier League,Queens Park Rangers 26/27 Home Jersey S-4XL9,https://minkang.x.yupoo.com/albums/249053121?uid=1&isSubCate=false&referrercate=680719,https://photo.yupoo.com/minkang/71db93c2ce/square.jpg,18
Premier League,Preston 26/27 Home Jersey S-4XL9,https://minkang.x.yupoo.com/albums/249065757?uid=1&isSubCate=false&referrercate=680719,https://photo.yupoo.com/minkang/6d491b889d/large.jpg,1
Premier League,Preston 26/27 Home Jersey S-4XL9,https://minkang.x.yupoo.com/albums/249065757?uid=1&isSubCate=false&referrercate=680719,https://photo.yupoo.com/minkang/31ec4a07ab/large.jpg,2
Premier League,Preston 26/27 Home Jersey S-4XL9,https://minkang.x.yupoo.com/albums/249065757?uid=1&isSubCate=false&referrercate=680719,https://photo.yupoo.com/minkang/e477568bc5/large.jpg,3
Premier League,Preston 26/27 Home Jersey S-4XL9,https://minkang.x.yupoo.com/albums/249065757?uid=1&isSubCate=false&referrercate=680719,https://photo.yupoo.com/minkang/cd148329e2/large.jpg,4
Premier League,Preston 26/27 Home Jersey S-4XL9,https://minkang.x.yupoo.com/albums/249065757?uid=1&isSubCate=false&referrercate=680719,https://photo.yupoo.com/minkang/6f93efb24e/large.jpg,5
Premier League,Preston 26/27 Home Jersey S-4XL9,https://minkang.x.yupoo.com/albums/249065757?uid=1&isSubCate=false&referrercate=680719,https://photo.yupoo.com/minkang/efbe23bb4e/large.jpg,6
Premier League,Preston 26/27 Home Jersey S-4XL9,https://minkang.x.yupoo.com/albums/249065757?uid=1&isSubCate=false&referrercate=680719,https://photo.yupoo.com/minkang/c45c7427ec/large.jpg,7
Premier League,Preston 26/27 Home Jersey S-4XL9,https://minkang.x.yupoo.com/albums/249065757?uid=1&isSubCate=false&referrercate=680719,https://photo.yupoo.com/minkang/6d58a5b7a4/large.jpg,8
Premier League,Preston 26/27 Home Jersey S-4XL9,https://minkang.x.yupoo.com/albums/249065757?uid=1&isSubCate=false&referrercate=680719,https://photo.yupoo.com/minkang/64f6dfd3e0/large.jpg,9
Premier League,Preston 26/27 Home Jersey S-4XL9,https://minkang.x.yupoo.com/albums/249065757?uid=1&isSubCate=false&referrercate=680719,https://photo.yupoo.com/minkang/6d491b889d/square.jpg,10
Premier League,Preston 26/27 Home Jersey S-4XL9,https://minkang.x.yupoo.com/albums/249065757?uid=1&isSubCate=false&referrercate=680719,https://photo.yupoo.com/minkang/31ec4a07ab/square.jpg,11
Premier League,Preston 26/27 Home Jersey S-4XL9,https://minkang.x.yupoo.com/albums/249065757?uid=1&isSubCate=false&referrercate=680719,https://photo.yupoo.com/minkang/e477568bc5/square.jpg,12
Premier League,Preston 26/27 Home Jersey S-4XL9,https://minkang.x.yupoo.com/albums/249065757?uid=1&isSubCate=false&referrercate=680719,https://photo.yupoo.com/minkang/cd148329e2/square.jpg,13
Premier League,Preston 26/27 Home Jersey S-4XL9,https://minkang.x.yupoo.com/albums/249065757?uid=1&isSubCate=false&referrercate=680719,https://photo.yupoo.com/minkang/6f93efb24e/square.jpg,14
Premier League,Preston 26/27 Home Jersey S-4XL9,https://minkang.x.yupoo.com/albums/249065757?uid=1&isSubCate=false&referrercate=680719,https://photo.yupoo.com/minkang/efbe23bb4e/square.jpg,15
Premier League,Preston 26/27 Home Jersey S-4XL9,https://minkang.x.yupoo.com/albums/249065757?uid=1&isSubCate=false&referrercate=680719,https://photo.yupoo.com/minkang/c45c7427ec/square.jpg,16
Premier League,Preston 26/27 Home Jersey S-4XL9,https://minkang.x.yupoo.com/albums/249065757?uid=1&isSubCate=false&referrercate=680719,https://photo.yupoo.com/minkang/6d58a5b7a4/square.jpg,17
Premier League,Preston 26/27 Home Jersey S-4XL9,https://minkang.x.yupoo.com/albums/249065757?uid=1&isSubCate=false&referrercate=680719,https://photo.yupoo.com/minkang/64f6dfd3e0/square.jpg,18
Premier League,Queens Park Rangers 26/27 Away Jersey S-4XL9,https://minkang.x.yupoo.com/albums/249065896?uid=1&isSubCate=false&referrercate=680719,https://photo.yupoo.com/minkang/8c70941475/large.jpg,1
Premier League,Queens Park Rangers 26/27 Away Jersey S-4XL9,https://minkang.x.yupoo.com/albums/249065896?uid=1&isSubCate=false&referrercate=680719,https://photo.yupoo.com/minkang/35b7c54ae5/large.jpg,2
Premier League,Queens Park Rangers 26/27 Away Jersey S-4XL9,https://minkang.x.yupoo.com/albums/249065896?uid=1&isSubCate=false&referrercate=680719,https://photo.yupoo.com/minkang/818cf8eeda/large.jpg,3
Premier League,Queens Park Rangers 26/27 Away Jersey S-4XL9,https://minkang.x.yupoo.com/albums/249065896?uid=1&isSubCate=false&referrercate=680719,https://photo.yupoo.com/minkang/6996206cd3/large.jpg,4
Premier League,Queens Park Rangers 26/27 Away Jersey S-4XL9,https://minkang.x.yupoo.com/albums/249065896?uid=1&isSubCate=false&referrercate=680719,https://photo.yupoo.com/minkang/b272bc1cc7/large.jpg,5
Premier League,Queens Park Rangers 26/27 Away Jersey S-4XL9,https://minkang.x.yupoo.com/albums/249065896?uid=1&isSubCate=false&referrercate=680719,https://photo.yupoo.com/minkang/7b9059c154/large.jpg,6
Premier League,Queens Park Rangers 26/27 Away Jersey S-4XL9,https://minkang.x.yupoo.com/albums/249065896?uid=1&isSubCate=false&referrercate=680719,https://photo.yupoo.com/minkang/a030294716/large.jpg,7
Premier League,Queens Park Rangers 26/27 Away Jersey S-4XL9,https://minkang.x.yupoo.com/albums/249065896?uid=1&isSubCate=false&referrercate=680719,https://photo.yupoo.com/minkang/a394193486/large.jpg,8
Premier League,Queens Park Rangers 26/27 Away Jersey S-4XL9,https://minkang.x.yupoo.com/albums/249065896?uid=1&isSubCate=false&referrercate=680719,https://photo.yupoo.com/minkang/39f2decb5a/large.jpg,9
Premier League,Queens Park Rangers 26/27 Away Jersey S-4XL9,https://minkang.x.yupoo.com/albums/249065896?uid=1&isSubCate=false&referrercate=680719,https://photo.yupoo.com/minkang/35b7c54ae5/square.jpg,10
Premier League,Queens Park Rangers 26/27 Away Jersey S-4XL9,https://minkang.x.yupoo.com/albums/249065896?uid=1&isSubCate=false&referrercate=680719,https://photo.yupoo.com/minkang/8c70941475/square.jpg,11
Premier League,Queens Park Rangers 26/27 Away Jersey S-4XL9,https://minkang.x.yupoo.com/albums/249065896?uid=1&isSubCate=false&referrercate=680719,https://photo.yupoo.com/minkang/818cf8eeda/square.jpg,12
Premier League,Queens Park Rangers 26/27 Away Jersey S-4XL9,https://minkang.x.yupoo.com/albums/249065896?uid=1&isSubCate=false&referrercate=680719,https://photo.yupoo.com/minkang/6996206cd3/square.jpg,13
Premier League,Queens Park Rangers 26/27 Away Jersey S-4XL9,https://minkang.x.yupoo.com/albums/249065896?uid=1&isSubCate=false&referrercate=680719,https://photo.yupoo.com/minkang/b272bc1cc7/square.jpg,14
Premier League,Queens Park Rangers 26/27 Away Jersey S-4XL9,https://minkang.x.yupoo.com/albums/249065896?uid=1&isSubCate=false&referrercate=680719,https://photo.yupoo.com/minkang/7b9059c154/square.jpg,15
Premier League,Queens Park Rangers 26/27 Away Jersey S-4XL9,https://minkang.x.yupoo.com/albums/249065896?uid=1&isSubCate=false&referrercate=680719,https://photo.yupoo.com/minkang/a030294716/square.jpg,16
Premier League,Queens Park Rangers 26/27 Away Jersey S-4XL9,https://minkang.x.yupoo.com/albums/249065896?uid=1&isSubCate=false&referrercate=680719,https://photo.yupoo.com/minkang/a394193486/square.jpg,17
Premier League,Queens Park Rangers 26/27 Away Jersey S-4XL9,https://minkang.x.yupoo.com/albums/249065896?uid=1&isSubCate=false&referrercate=680719,https://photo.yupoo.com/minkang/39f2decb5a/square.jpg,18
Premier League,Newcastle United 26/27 Special Edition Jersey S-4XL6,https://minkang.x.yupoo.com/albums/249066123?uid=1&isSubCate=false&referrercate=680719,https://photo.yupoo.com/minkang/97f160593e/large.jpg,1
Premier League,Newcastle United 26/27 Special Edition Jersey S-4XL6,https://minkang.x.yupoo.com/albums/249066123?uid=1&isSubCate=false&referrercate=680719,https://photo.yupoo.com/minkang/6fb203ddb4/large.jpg,2
Premier League,Newcastle United 26/27 Special Edition Jersey S-4XL6,https://minkang.x.yupoo.com/albums/249066123?uid=1&isSubCate=false&referrercate=680719,https://photo.yupoo.com/minkang/c20723e4f2/large.jpg,3
Premier League,Newcastle United 26/27 Special Edition Jersey S-4XL6,https://minkang.x.yupoo.com/albums/249066123?uid=1&isSubCate=false&referrercate=680719,https://photo.yupoo.com/minkang/508af2adae/large.jpg,4
Premier League,Newcastle United 26/27 Special Edition Jersey S-4XL6,https://minkang.x.yupoo.com/albums/249066123?uid=1&isSubCate=false&referrercate=680719,https://photo.yupoo.com/minkang/a8b2c28384/large.jpg,5
Premier League,Newcastle United 26/27 Special Edition Jersey S-4XL6,https://minkang.x.yupoo.com/albums/249066123?uid=1&isSubCate=false&referrercate=680719,https://photo.yupoo.com/minkang/0fae735c2c/large.jpg,6
Premier League,Newcastle United 26/27 Special Edition Jersey S-4XL6,https://minkang.x.yupoo.com/albums/249066123?uid=1&isSubCate=false&referrercate=680719,https://photo.yupoo.com/minkang/6fb203ddb4/square.jpg,7
Premier League,Newcastle United 26/27 Special Edition Jersey S-4XL6,https://minkang.x.yupoo.com/albums/249066123?uid=1&isSubCate=false&referrercate=680719,https://photo.yupoo.com/minkang/97f160593e/square.jpg,8
Premier League,Newcastle United 26/27 Special Edition Jersey S-4XL6,https://minkang.x.yupoo.com/albums/249066123?uid=1&isSubCate=false&referrercate=680719,https://photo.yupoo.com/minkang/c20723e4f2/square.jpg,9
Premier League,Newcastle United 26/27 Special Edition Jersey S-4XL6,https://minkang.x.yupoo.com/albums/249066123?uid=1&isSubCate=false&referrercate=680719,https://photo.yupoo.com/minkang/508af2adae/square.jpg,10
Premier League,Newcastle United 26/27 Special Edition Jersey S-4XL6,https://minkang.x.yupoo.com/albums/249066123?uid=1&isSubCate=false&referrercate=680719,https://photo.yupoo.com/minkang/a8b2c28384/square.jpg,11
Premier League,Newcastle United 26/27 Special Edition Jersey S-4XL6,https://minkang.x.yupoo.com/albums/249066123?uid=1&isSubCate=false&referrercate=680719,https://photo.yupoo.com/minkang/0fae735c2c/square.jpg,12
Premier League,Queens Park Rangers 26/27 Third Away Jersey S-4XL9,https://minkang.x.yupoo.com/albums/249049718?uid=1&isSubCate=false&referrercate=680719,https://photo.yupoo.com/minkang/88ceadcf82/large.jpg,1
Premier League,Queens Park Rangers 26/27 Third Away Jersey S-4XL9,https://minkang.x.yupoo.com/albums/249049718?uid=1&isSubCate=false&referrercate=680719,https://photo.yupoo.com/minkang/36a9d87593/large.jpg,2
Premier League,Queens Park Rangers 26/27 Third Away Jersey S-4XL9,https://minkang.x.yupoo.com/albums/249049718?uid=1&isSubCate=false&referrercate=680719,https://photo.yupoo.com/minkang/0659527bbb/large.jpg,3
Premier League,Queens Park Rangers 26/27 Third Away Jersey S-4XL9,https://minkang.x.yupoo.com/albums/249049718?uid=1&isSubCate=false&referrercate=680719,https://photo.yupoo.com/minkang/ac09a71187/large.jpg,4
Premier League,Queens Park Rangers 26/27 Third Away Jersey S-4XL9,https://minkang.x.yupoo.com/albums/249049718?uid=1&isSubCate=false&referrercate=680719,https://photo.yupoo.com/minkang/5f74e99d5c/large.jpg,5
Premier League,Queens Park Rangers 26/27 Third Away Jersey S-4XL9,https://minkang.x.yupoo.com/albums/249049718?uid=1&isSubCate=false&referrercate=680719,https://photo.yupoo.com/minkang/71353d2575/large.jpg,6
Premier League,Queens Park Rangers 26/27 Third Away Jersey S-4XL9,https://minkang.x.yupoo.com/albums/249049718?uid=1&isSubCate=false&referrercate=680719,https://photo.yupoo.com/minkang/bf6c7eb398/large.jpg,7
Premier League,Queens Park Rangers 26/27 Third Away Jersey S-4XL9,https://minkang.x.yupoo.com/albums/249049718?uid=1&isSubCate=false&referrercate=680719,https://photo.yupoo.com/minkang/8d30ec22e7/large.jpg,8
Premier League,Queens Park Rangers 26/27 Third Away Jersey S-4XL9,https://minkang.x.yupoo.com/albums/249049718?uid=1&isSubCate=false&referrercate=680719,https://photo.yupoo.com/minkang/ab91857e29/large.jpg,9
Premier League,Queens Park Rangers 26/27 Third Away Jersey S-4XL9,https://minkang.x.yupoo.com/albums/249049718?uid=1&isSubCate=false&referrercate=680719,https://photo.yupoo.com/minkang/88ceadcf82/square.jpg,10
Premier League,Queens Park Rangers 26/27 Third Away Jersey S-4XL9,https://minkang.x.yupoo.com/albums/249049718?uid=1&isSubCate=false&referrercate=680719,https://photo.yupoo.com/minkang/36a9d87593/square.jpg,11
Premier League,Queens Park Rangers 26/27 Third Away Jersey S-4XL9,https://minkang.x.yupoo.com/albums/249049718?uid=1&isSubCate=false&referrercate=680719,https://photo.yupoo.com/minkang/0659527bbb/square.jpg,12
Premier League,Queens Park Rangers 26/27 Third Away Jersey S-4XL9,https://minkang.x.yupoo.com/albums/249049718?uid=1&isSubCate=false&referrercate=680719,https://photo.yupoo.com/minkang/ac09a71187/square.jpg,13
Premier League,Queens Park Rangers 26/27 Third Away Jersey S-4XL9,https://minkang.x.yupoo.com/albums/249049718?uid=1&isSubCate=false&referrercate=680719,https://photo.yupoo.com/minkang/5f74e99d5c/square.jpg,14
Premier League,Queens Park Rangers 26/27 Third Away Jersey S-4XL9,https://minkang.x.yupoo.com/albums/249049718?uid=1&isSubCate=false&referrercate=680719,https://photo.yupoo.com/minkang/71353d2575/square.jpg,15
Premier League,Queens Park Rangers 26/27 Third Away Jersey S-4XL9,https://minkang.x.yupoo.com/albums/249049718?uid=1&isSubCate=false&referrercate=680719,https://photo.yupoo.com/minkang/bf6c7eb398/square.jpg,16
Premier League,Queens Park Rangers 26/27 Third Away Jersey S-4XL9,https://minkang.x.yupoo.com/albums/249049718?uid=1&isSubCate=false&referrercate=680719,https://photo.yupoo.com/minkang/8d30ec22e7/square.jpg,17
Premier League,Queens Park Rangers 26/27 Third Away Jersey S-4XL9,https://minkang.x.yupoo.com/albums/249049718?uid=1&isSubCate=false&referrercate=680719,https://photo.yupoo.com/minkang/ab91857e29/square.jpg,18
Premier League,Arsenal 26/27 Player Version Away Jersey S-4XL9,https://minkang.x.yupoo.com/albums/248835301?uid=1&isSubCate=false&referrercate=680719,https://photo.yupoo.com/minkang/e6ff2b7f73/large.jpg,1
Premier League,Arsenal 26/27 Player Version Away Jersey S-4XL9,https://minkang.x.yupoo.com/albums/248835301?uid=1&isSubCate=false&referrercate=680719,https://photo.yupoo.com/minkang/902cbb36a5/large.jpg,2
Premier League,Arsenal 26/27 Player Version Away Jersey S-4XL9,https://minkang.x.yupoo.com/albums/248835301?uid=1&isSubCate=false&referrercate=680719,https://photo.yupoo.com/minkang/8223ef6f7c/large.jpg,3
Premier League,Arsenal 26/27 Player Version Away Jersey S-4XL9,https://minkang.x.yupoo.com/albums/248835301?uid=1&isSubCate=false&referrercate=680719,https://photo.yupoo.com/minkang/82968aaa45/large.jpg,4
Premier League,Arsenal 26/27 Player Version Away Jersey S-4XL9,https://minkang.x.yupoo.com/albums/248835301?uid=1&isSubCate=false&referrercate=680719,https://photo.yupoo.com/minkang/1a694893f8/large.jpg,5
Premier League,Arsenal 26/27 Player Version Away Jersey S-4XL9,https://minkang.x.yupoo.com/albums/248835301?uid=1&isSubCate=false&referrercate=680719,https://photo.yupoo.com/minkang/99b67f715d/large.jpg,6
Premier League,Arsenal 26/27 Player Version Away Jersey S-4XL9,https://minkang.x.yupoo.com/albums/248835301?uid=1&isSubCate=false&referrercate=680719,https://photo.yupoo.com/minkang/1127754a59/large.jpg,7
Premier League,Arsenal 26/27 Player Version Away Jersey S-4XL9,https://minkang.x.yupoo.com/albums/248835301?uid=1&isSubCate=false&referrercate=680719,https://photo.yupoo.com/minkang/19a0786043/large.jpg,8
Premier League,Arsenal 26/27 Player Version Away Jersey S-4XL9,https://minkang.x.yupoo.com/albums/248835301?uid=1&isSubCate=false&referrercate=680719,https://photo.yupoo.com/minkang/f9ebf344c1/large.jpg,9
Premier League,Arsenal 26/27 Player Version Away Jersey S-4XL9,https://minkang.x.yupoo.com/albums/248835301?uid=1&isSubCate=false&referrercate=680719,https://photo.yupoo.com/minkang/e6ff2b7f73/square.jpg,10
Premier League,Arsenal 26/27 Player Version Away Jersey S-4XL9,https://minkang.x.yupoo.com/albums/248835301?uid=1&isSubCate=false&referrercate=680719,https://photo.yupoo.com/minkang/902cbb36a5/square.jpg,11
Premier League,Arsenal 26/27 Player Version Away Jersey S-4XL9,https://minkang.x.yupoo.com/albums/248835301?uid=1&isSubCate=false&referrercate=680719,https://photo.yupoo.com/minkang/8223ef6f7c/square.jpg,12
Premier League,Arsenal 26/27 Player Version Away Jersey S-4XL9,https://minkang.x.yupoo.com/albums/248835301?uid=1&isSubCate=false&referrercate=680719,https://photo.yupoo.com/minkang/82968aaa45/square.jpg,13
Premier League,Arsenal 26/27 Player Version Away Jersey S-4XL9,https://minkang.x.yupoo.com/albums/248835301?uid=1&isSubCate=false&referrercate=680719,https://photo.yupoo.com/minkang/1a694893f8/square.jpg,14
Premier League,Arsenal 26/27 Player Version Away Jersey S-4XL9,https://minkang.x.yupoo.com/albums/248835301?uid=1&isSubCate=false&referrercate=680719,https://photo.yupoo.com/minkang/99b67f715d/square.jpg,15
Premier League,Arsenal 26/27 Player Version Away Jersey S-4XL9,https://minkang.x.yupoo.com/albums/248835301?uid=1&isSubCate=false&referrercate=680719,https://photo.yupoo.com/minkang/1127754a59/square.jpg,16
Premier League,Arsenal 26/27 Player Version Away Jersey S-4XL9,https://minkang.x.yupoo.com/albums/248835301?uid=1&isSubCate=false&referrercate=680719,https://photo.yupoo.com/minkang/19a0786043/square.jpg,17
Premier League,Arsenal 26/27 Player Version Away Jersey S-4XL9,https://minkang.x.yupoo.com/albums/248835301?uid=1&isSubCate=false&referrercate=680719,https://photo.yupoo.com/minkang/f9ebf344c1/square.jpg,18
Premier League,Manchester City 26/27 Player Version Third Jersey S-XXL7,https://minkang.x.yupoo.com/albums/248835434?uid=1&isSubCate=false&referrercate=680719,https://photo.yupoo.com/minkang/9b7b1db638/large.jpg,1
Premier League,Manchester City 26/27 Player Version Third Jersey S-XXL7,https://minkang.x.yupoo.com/albums/248835434?uid=1&isSubCate=false&referrercate=680719,https://photo.yupoo.com/minkang/d866961ee3/large.jpg,2
Premier League,Manchester City 26/27 Player Version Third Jersey S-XXL7,https://minkang.x.yupoo.com/albums/248835434?uid=1&isSubCate=false&referrercate=680719,https://photo.yupoo.com/minkang/a5f8cb0d27/large.jpg,3
Premier League,Manchester City 26/27 Player Version Third Jersey S-XXL7,https://minkang.x.yupoo.com/albums/248835434?uid=1&isSubCate=false&referrercate=680719,https://photo.yupoo.com/minkang/30c9f2a93d/large.jpg,4
Premier League,Manchester City 26/27 Player Version Third Jersey S-XXL7,https://minkang.x.yupoo.com/albums/248835434?uid=1&isSubCate=false&referrercate=680719,https://photo.yupoo.com/minkang/81aa83b0d6/large.jpg,5
Premier League,Manchester City 26/27 Player Version Third Jersey S-XXL7,https://minkang.x.yupoo.com/albums/248835434?uid=1&isSubCate=false&referrercate=680719,https://photo.yupoo.com/minkang/203613d983/large.jpg,6
Premier League,Manchester City 26/27 Player Version Third Jersey S-XXL7,https://minkang.x.yupoo.com/albums/248835434?uid=1&isSubCate=false&referrercate=680719,https://photo.yupoo.com/minkang/41dfbefd8d/large.jpg,7
Premier League,Manchester City 26/27 Player Version Third Jersey S-XXL7,https://minkang.x.yupoo.com/albums/248835434?uid=1&isSubCate=false&referrercate=680719,https://photo.yupoo.com/minkang/9b7b1db638/square.jpg,8
Premier League,Manchester City 26/27 Player Version Third Jersey S-XXL7,https://minkang.x.yupoo.com/albums/248835434?uid=1&isSubCate=false&referrercate=680719,https://photo.yupoo.com/minkang/d866961ee3/square.jpg,9
Premier League,Manchester City 26/27 Player Version Third Jersey S-XXL7,https://minkang.x.yupoo.com/albums/248835434?uid=1&isSubCate=false&referrercate=680719,https://photo.yupoo.com/minkang/a5f8cb0d27/square.jpg,10
Premier League,Manchester City 26/27 Player Version Third Jersey S-XXL7,https://minkang.x.yupoo.com/albums/248835434?uid=1&isSubCate=false&referrercate=680719,https://photo.yupoo.com/minkang/30c9f2a93d/square.jpg,11
Premier League,Manchester City 26/27 Player Version Third Jersey S-XXL7,https://minkang.x.yupoo.com/albums/248835434?uid=1&isSubCate=false&referrercate=680719,https://photo.yupoo.com/minkang/81aa83b0d6/square.jpg,12
Premier League,Manchester City 26/27 Player Version Third Jersey S-XXL7,https://minkang.x.yupoo.com/albums/248835434?uid=1&isSubCate=false&referrercate=680719,https://photo.yupoo.com/minkang/203613d983/square.jpg,13
Premier League,Manchester City 26/27 Player Version Third Jersey S-XXL7,https://minkang.x.yupoo.com/albums/248835434?uid=1&isSubCate=false&referrercate=680719,https://photo.yupoo.com/minkang/41dfbefd8d/square.jpg,14
Premier League,Newcastle United 26/27 Player Version Home Jersey S-XXL8,https://minkang.x.yupoo.com/albums/248835700?uid=1&isSubCate=false&referrercate=680719,https://photo.yupoo.com/minkang/c274484652/large.jpg,1
Premier League,Newcastle United 26/27 Player Version Home Jersey S-XXL8,https://minkang.x.yupoo.com/albums/248835700?uid=1&isSubCate=false&referrercate=680719,https://photo.yupoo.com/minkang/7438de616d/large.jpg,2
Premier League,Newcastle United 26/27 Player Version Home Jersey S-XXL8,https://minkang.x.yupoo.com/albums/248835700?uid=1&isSubCate=false&referrercate=680719,https://photo.yupoo.com/minkang/80070abd57/large.jpg,3
Premier League,Newcastle United 26/27 Player Version Home Jersey S-XXL8,https://minkang.x.yupoo.com/albums/248835700?uid=1&isSubCate=false&referrercate=680719,https://photo.yupoo.com/minkang/4d99cce733/large.jpg,4
Premier League,Newcastle United 26/27 Player Version Home Jersey S-XXL8,https://minkang.x.yupoo.com/albums/248835700?uid=1&isSubCate=false&referrercate=680719,https://photo.yupoo.com/minkang/19008b0a51/large.jpg,5
Premier League,Newcastle United 26/27 Player Version Home Jersey S-XXL8,https://minkang.x.yupoo.com/albums/248835700?uid=1&isSubCate=false&referrercate=680719,https://photo.yupoo.com/minkang/9f75aaad7b/large.jpg,6
Premier League,Newcastle United 26/27 Player Version Home Jersey S-XXL8,https://minkang.x.yupoo.com/albums/248835700?uid=1&isSubCate=false&referrercate=680719,https://photo.yupoo.com/minkang/077b2d676d/large.jpg,7
Premier League,Newcastle United 26/27 Player Version Home Jersey S-XXL8,https://minkang.x.yupoo.com/albums/248835700?uid=1&isSubCate=false&referrercate=680719,https://photo.yupoo.com/minkang/676ba38cd3/large.jpg,8
Premier League,Newcastle United 26/27 Player Version Home Jersey S-XXL8,https://minkang.x.yupoo.com/albums/248835700?uid=1&isSubCate=false&referrercate=680719,https://photo.yupoo.com/minkang/c274484652/square.jpg,9
Premier League,Newcastle United 26/27 Player Version Home Jersey S-XXL8,https://minkang.x.yupoo.com/albums/248835700?uid=1&isSubCate=false&referrercate=680719,https://photo.yupoo.com/minkang/7438de616d/square.jpg,10
Premier League,Newcastle United 26/27 Player Version Home Jersey S-XXL8,https://minkang.x.yupoo.com/albums/248835700?uid=1&isSubCate=false&referrercate=680719,https://photo.yupoo.com/minkang/80070abd57/square.jpg,11
Premier League,Newcastle United 26/27 Player Version Home Jersey S-XXL8,https://minkang.x.yupoo.com/albums/248835700?uid=1&isSubCate=false&referrercate=680719,https://photo.yupoo.com/minkang/4d99cce733/square.jpg,12
Premier League,Newcastle United 26/27 Player Version Home Jersey S-XXL8,https://minkang.x.yupoo.com/albums/248835700?uid=1&isSubCate=false&referrercate=680719,https://photo.yupoo.com/minkang/19008b0a51/square.jpg,13
Premier League,Newcastle United 26/27 Player Version Home Jersey S-XXL8,https://minkang.x.yupoo.com/albums/248835700?uid=1&isSubCate=false&referrercate=680719,https://photo.yupoo.com/minkang/9f75aaad7b/square.jpg,14
Premier League,Newcastle United 26/27 Player Version Home Jersey S-XXL8,https://minkang.x.yupoo.com/albums/248835700?uid=1&isSubCate=false&referrercate=680719,https://photo.yupoo.com/minkang/077b2d676d/square.jpg,15
Premier League,Newcastle United 26/27 Player Version Home Jersey S-XXL8,https://minkang.x.yupoo.com/albums/248835700?uid=1&isSubCate=false&referrercate=680719,https://photo.yupoo.com/minkang/676ba38cd3/square.jpg,16
Premier League,M-U 26/27 Player Version Third Jersey S-4XL9,https://minkang.x.yupoo.com/albums/248835623?uid=1&isSubCate=false&referrercate=680719,https://photo.yupoo.com/minkang/3759f8f6ef/large.jpg,1
Premier League,M-U 26/27 Player Version Third Jersey S-4XL9,https://minkang.x.yupoo.com/albums/248835623?uid=1&isSubCate=false&referrercate=680719,https://photo.yupoo.com/minkang/d29b7e417d/large.jpg,2
Premier League,M-U 26/27 Player Version Third Jersey S-4XL9,https://minkang.x.yupoo.com/albums/248835623?uid=1&isSubCate=false&referrercate=680719,https://photo.yupoo.com/minkang/5347011d67/large.jpg,3
Premier League,M-U 26/27 Player Version Third Jersey S-4XL9,https://minkang.x.yupoo.com/albums/248835623?uid=1&isSubCate=false&referrercate=680719,https://photo.yupoo.com/minkang/b7fbb0bd32/large.jpg,4
Premier League,M-U 26/27 Player Version Third Jersey S-4XL9,https://minkang.x.yupoo.com/albums/248835623?uid=1&isSubCate=false&referrercate=680719,https://photo.yupoo.com/minkang/e759e2c6fb/large.jpg,5
Premier League,M-U 26/27 Player Version Third Jersey S-4XL9,https://minkang.x.yupoo.com/albums/248835623?uid=1&isSubCate=false&referrercate=680719,https://photo.yupoo.com/minkang/931c94a3b4/large.jpg,6
Premier League,M-U 26/27 Player Version Third Jersey S-4XL9,https://minkang.x.yupoo.com/albums/248835623?uid=1&isSubCate=false&referrercate=680719,https://photo.yupoo.com/minkang/5fbe47214c/large.jpg,7
Premier League,M-U 26/27 Player Version Third Jersey S-4XL9,https://minkang.x.yupoo.com/albums/248835623?uid=1&isSubCate=false&referrercate=680719,https://photo.yupoo.com/minkang/fe98c882cb/large.jpg,8
Premier League,M-U 26/27 Player Version Third Jersey S-4XL9,https://minkang.x.yupoo.com/albums/248835623?uid=1&isSubCate=false&referrercate=680719,https://photo.yupoo.com/minkang/9ab8a25c01/large.jpg,9
Premier League,M-U 26/27 Player Version Third Jersey S-4XL9,https://minkang.x.yupoo.com/albums/248835623?uid=1&isSubCate=false&referrercate=680719,https://photo.yupoo.com/minkang/d29b7e417d/square.jpg,10
Premier League,M-U 26/27 Player Version Third Jersey S-4XL9,https://minkang.x.yupoo.com/albums/248835623?uid=1&isSubCate=false&referrercate=680719,https://photo.yupoo.com/minkang/3759f8f6ef/square.jpg,11
Premier League,M-U 26/27 Player Version Third Jersey S-4XL9,https://minkang.x.yupoo.com/albums/248835623?uid=1&isSubCate=false&referrercate=680719,https://photo.yupoo.com/minkang/5347011d67/square.jpg,12
Premier League,M-U 26/27 Player Version Third Jersey S-4XL9,https://minkang.x.yupoo.com/albums/248835623?uid=1&isSubCate=false&referrercate=680719,https://photo.yupoo.com/minkang/b7fbb0bd32/square.jpg,13
Premier League,M-U 26/27 Player Version Third Jersey S-4XL9,https://minkang.x.yupoo.com/albums/248835623?uid=1&isSubCate=false&referrercate=680719,https://photo.yupoo.com/minkang/e759e2c6fb/square.jpg,14
Premier League,M-U 26/27 Player Version Third Jersey S-4XL9,https://minkang.x.yupoo.com/albums/248835623?uid=1&isSubCate=false&referrercate=680719,https://photo.yupoo.com/minkang/931c94a3b4/square.jpg,15
Premier League,M-U 26/27 Player Version Third Jersey S-4XL9,https://minkang.x.yupoo.com/albums/248835623?uid=1&isSubCate=false&referrercate=680719,https://photo.yupoo.com/minkang/5fbe47214c/square.jpg,16
Premier League,M-U 26/27 Player Version Third Jersey S-4XL9,https://minkang.x.yupoo.com/albums/248835623?uid=1&isSubCate=false&referrercate=680719,https://photo.yupoo.com/minkang/fe98c882cb/square.jpg,17
Premier League,M-U 26/27 Player Version Third Jersey S-4XL9,https://minkang.x.yupoo.com/albums/248835623?uid=1&isSubCate=false&referrercate=680719,https://photo.yupoo.com/minkang/9ab8a25c01/square.jpg,18
Premier League,M-U 26/27 Player Version Away Jersey S-4XL6,https://minkang.x.yupoo.com/albums/248835523?uid=1&isSubCate=false&referrercate=680719,https://photo.yupoo.com/minkang/2161aad33a/large.jpg,1
Premier League,M-U 26/27 Player Version Away Jersey S-4XL6,https://minkang.x.yupoo.com/albums/248835523?uid=1&isSubCate=false&referrercate=680719,https://photo.yupoo.com/minkang/8abad3f60e/large.jpg,2
Premier League,M-U 26/27 Player Version Away Jersey S-4XL6,https://minkang.x.yupoo.com/albums/248835523?uid=1&isSubCate=false&referrercate=680719,https://photo.yupoo.com/minkang/afd189c33e/large.jpg,3
Premier League,M-U 26/27 Player Version Away Jersey S-4XL6,https://minkang.x.yupoo.com/albums/248835523?uid=1&isSubCate=false&referrercate=680719,https://photo.yupoo.com/minkang/c1ef217925/large.jpg,4
Premier League,M-U 26/27 Player Version Away Jersey S-4XL6,https://minkang.x.yupoo.com/albums/248835523?uid=1&isSubCate=false&referrercate=680719,https://photo.yupoo.com/minkang/b5fdc8cbea/large.jpg,5
Premier League,M-U 26/27 Player Version Away Jersey S-4XL6,https://minkang.x.yupoo.com/albums/248835523?uid=1&isSubCate=false&referrercate=680719,https://photo.yupoo.com/minkang/627e5c70e0/large.jpg,6
Premier League,M-U 26/27 Player Version Away Jersey S-4XL6,https://minkang.x.yupoo.com/albums/248835523?uid=1&isSubCate=false&referrercate=680719,https://photo.yupoo.com/minkang/2161aad33a/square.jpg,7
Premier League,M-U 26/27 Player Version Away Jersey S-4XL6,https://minkang.x.yupoo.com/albums/248835523?uid=1&isSubCate=false&referrercate=680719,https://photo.yupoo.com/minkang/8abad3f60e/square.jpg,8
Premier League,M-U 26/27 Player Version Away Jersey S-4XL6,https://minkang.x.yupoo.com/albums/248835523?uid=1&isSubCate=false&referrercate=680719,https://photo.yupoo.com/minkang/afd189c33e/square.jpg,9
Premier League,M-U 26/27 Player Version Away Jersey S-4XL6,https://minkang.x.yupoo.com/albums/248835523?uid=1&isSubCate=false&referrercate=680719,https://photo.yupoo.com/minkang/c1ef217925/square.jpg,10
Premier League,M-U 26/27 Player Version Away Jersey S-4XL6,https://minkang.x.yupoo.com/albums/248835523?uid=1&isSubCate=false&referrercate=680719,https://photo.yupoo.com/minkang/b5fdc8cbea/square.jpg,11
Premier League,M-U 26/27 Player Version Away Jersey S-4XL6,https://minkang.x.yupoo.com/albums/248835523?uid=1&isSubCate=false&referrercate=680719,https://photo.yupoo.com/minkang/627e5c70e0/square.jpg,12
Premier League,Arsenal 90/92 Away Retro Jersey S-4XL8,https://minkang.x.yupoo.com/albums/248662865?uid=1&isSubCate=false&referrercate=680719,https://photo.yupoo.com/minkang/ef56c3a8b8/large.jpg,1
Premier League,Arsenal 90/92 Away Retro Jersey S-4XL8,https://minkang.x.yupoo.com/albums/248662865?uid=1&isSubCate=false&referrercate=680719,https://photo.yupoo.com/minkang/0709fdbdb3/large.jpg,2
Premier League,Arsenal 90/92 Away Retro Jersey S-4XL8,https://minkang.x.yupoo.com/albums/248662865?uid=1&isSubCate=false&referrercate=680719,https://photo.yupoo.com/minkang/204c53b09c/large.jpg,3
Premier League,Arsenal 90/92 Away Retro Jersey S-4XL8,https://minkang.x.yupoo.com/albums/248662865?uid=1&isSubCate=false&referrercate=680719,https://photo.yupoo.com/minkang/66c7e315f6/large.jpg,4
Premier League,Arsenal 90/92 Away Retro Jersey S-4XL8,https://minkang.x.yupoo.com/albums/248662865?uid=1&isSubCate=false&referrercate=680719,https://photo.yupoo.com/minkang/cf93499009/large.jpg,5
Premier League,Arsenal 90/92 Away Retro Jersey S-4XL8,https://minkang.x.yupoo.com/albums/248662865?uid=1&isSubCate=false&referrercate=680719,https://photo.yupoo.com/minkang/27e8cd224d/large.jpg,6
Premier League,Arsenal 90/92 Away Retro Jersey S-4XL8,https://minkang.x.yupoo.com/albums/248662865?uid=1&isSubCate=false&referrercate=680719,https://photo.yupoo.com/minkang/26d5065f30/large.jpg,7
Premier League,Arsenal 90/92 Away Retro Jersey S-4XL8,https://minkang.x.yupoo.com/albums/248662865?uid=1&isSubCate=false&referrercate=680719,https://photo.yupoo.com/minkang/9c61e36a81/large.jpg,8
Premier League,Arsenal 90/92 Away Retro Jersey S-4XL8,https://minkang.x.yupoo.com/albums/248662865?uid=1&isSubCate=false&referrercate=680719,https://photo.yupoo.com/minkang/ef56c3a8b8/square.jpg,9
Premier League,Arsenal 90/92 Away Retro Jersey S-4XL8,https://minkang.x.yupoo.com/albums/248662865?uid=1&isSubCate=false&referrercate=680719,https://photo.yupoo.com/minkang/0709fdbdb3/square.jpg,10
Premier League,Arsenal 90/92 Away Retro Jersey S-4XL8,https://minkang.x.yupoo.com/albums/248662865?uid=1&isSubCate=false&referrercate=680719,https://photo.yupoo.com/minkang/204c53b09c/square.jpg,11
Premier League,Arsenal 90/92 Away Retro Jersey S-4XL8,https://minkang.x.yupoo.com/albums/248662865?uid=1&isSubCate=false&referrercate=680719,https://photo.yupoo.com/minkang/66c7e315f6/square.jpg,12
Premier League,Arsenal 90/92 Away Retro Jersey S-4XL8,https://minkang.x.yupoo.com/albums/248662865?uid=1&isSubCate=false&referrercate=680719,https://photo.yupoo.com/minkang/cf93499009/square.jpg,13
Premier League,Arsenal 90/92 Away Retro Jersey S-4XL8,https://minkang.x.yupoo.com/albums/248662865?uid=1&isSubCate=false&referrercate=680719,https://photo.yupoo.com/minkang/27e8cd224d/square.jpg,14
Premier League,Arsenal 90/92 Away Retro Jersey S-4XL8,https://minkang.x.yupoo.com/albums/248662865?uid=1&isSubCate=false&referrercate=680719,https://photo.yupoo.com/minkang/26d5065f30/square.jpg,15
Premier League,Arsenal 90/92 Away Retro Jersey S-4XL8,https://minkang.x.yupoo.com/albums/248662865?uid=1&isSubCate=false&referrercate=680719,https://photo.yupoo.com/minkang/9c61e36a81/square.jpg,16
Premier League,Chelsea 26/27 Home Womens Jersey S-XXL8,https://minkang.x.yupoo.com/albums/248187735?uid=1&isSubCate=false&referrercate=680719,https://photo.yupoo.com/minkang/9fb3c1fedc/large.jpg,1
Premier League,Chelsea 26/27 Home Womens Jersey S-XXL8,https://minkang.x.yupoo.com/albums/248187735?uid=1&isSubCate=false&referrercate=680719,https://photo.yupoo.com/minkang/e7c7f40905/large.jpg,2
Premier League,Chelsea 26/27 Home Womens Jersey S-XXL8,https://minkang.x.yupoo.com/albums/248187735?uid=1&isSubCate=false&referrercate=680719,https://photo.yupoo.com/minkang/1a8f884737/large.jpg,3
Premier League,Chelsea 26/27 Home Womens Jersey S-XXL8,https://minkang.x.yupoo.com/albums/248187735?uid=1&isSubCate=false&referrercate=680719,https://photo.yupoo.com/minkang/463eec9dfd/large.jpg,4
Premier League,Chelsea 26/27 Home Womens Jersey S-XXL8,https://minkang.x.yupoo.com/albums/248187735?uid=1&isSubCate=false&referrercate=680719,https://photo.yupoo.com/minkang/9f4d94c94c/large.jpg,5
Premier League,Chelsea 26/27 Home Womens Jersey S-XXL8,https://minkang.x.yupoo.com/albums/248187735?uid=1&isSubCate=false&referrercate=680719,https://photo.yupoo.com/minkang/aec61675bc/large.jpg,6
Premier League,Chelsea 26/27 Home Womens Jersey S-XXL8,https://minkang.x.yupoo.com/albums/248187735?uid=1&isSubCate=false&referrercate=680719,https://photo.yupoo.com/minkang/bbd489ca7f/large.jpg,7
Premier League,Chelsea 26/27 Home Womens Jersey S-XXL8,https://minkang.x.yupoo.com/albums/248187735?uid=1&isSubCate=false&referrercate=680719,https://photo.yupoo.com/minkang/c46852d535/large.jpg,8
Premier League,Chelsea 26/27 Home Womens Jersey S-XXL8,https://minkang.x.yupoo.com/albums/248187735?uid=1&isSubCate=false&referrercate=680719,https://photo.yupoo.com/minkang/e7c7f40905/square.jpg,9
Premier League,Chelsea 26/27 Home Womens Jersey S-XXL8,https://minkang.x.yupoo.com/albums/248187735?uid=1&isSubCate=false&referrercate=680719,https://photo.yupoo.com/minkang/9fb3c1fedc/square.jpg,10
Premier League,Chelsea 26/27 Home Womens Jersey S-XXL8,https://minkang.x.yupoo.com/albums/248187735?uid=1&isSubCate=false&referrercate=680719,https://photo.yupoo.com/minkang/1a8f884737/square.jpg,11
Premier League,Chelsea 26/27 Home Womens Jersey S-XXL8,https://minkang.x.yupoo.com/albums/248187735?uid=1&isSubCate=false&referrercate=680719,https://photo.yupoo.com/minkang/463eec9dfd/square.jpg,12
Premier League,Chelsea 26/27 Home Womens Jersey S-XXL8,https://minkang.x.yupoo.com/albums/248187735?uid=1&isSubCate=false&referrercate=680719,https://photo.yupoo.com/minkang/9f4d94c94c/square.jpg,13
Premier League,Chelsea 26/27 Home Womens Jersey S-XXL8,https://minkang.x.yupoo.com/albums/248187735?uid=1&isSubCate=false&referrercate=680719,https://photo.yupoo.com/minkang/aec61675bc/square.jpg,14
Premier League,Chelsea 26/27 Home Womens Jersey S-XXL8,https://minkang.x.yupoo.com/albums/248187735?uid=1&isSubCate=false&referrercate=680719,https://photo.yupoo.com/minkang/bbd489ca7f/square.jpg,15
Premier League,Chelsea 26/27 Home Womens Jersey S-XXL8,https://minkang.x.yupoo.com/albums/248187735?uid=1&isSubCate=false&referrercate=680719,https://photo.yupoo.com/minkang/c46852d535/square.jpg,16
Premier League,Arsenal 26/27 Home Women's Jersey S-XXL8,https://minkang.x.yupoo.com/albums/248187954?uid=1&isSubCate=false&referrercate=680719,https://photo.yupoo.com/minkang/1e7c4205ae/large.jpg,1
Premier League,Arsenal 26/27 Home Women's Jersey S-XXL8,https://minkang.x.yupoo.com/albums/248187954?uid=1&isSubCate=false&referrercate=680719,https://photo.yupoo.com/minkang/c7be93e271/large.jpg,2
Premier League,Arsenal 26/27 Home Women's Jersey S-XXL8,https://minkang.x.yupoo.com/albums/248187954?uid=1&isSubCate=false&referrercate=680719,https://photo.yupoo.com/minkang/fc2d27014f/large.jpg,3
Premier League,Arsenal 26/27 Home Women's Jersey S-XXL8,https://minkang.x.yupoo.com/albums/248187954?uid=1&isSubCate=false&referrercate=680719,https://photo.yupoo.com/minkang/5eb5ed3167/large.jpg,4
Premier League,Arsenal 26/27 Home Women's Jersey S-XXL8,https://minkang.x.yupoo.com/albums/248187954?uid=1&isSubCate=false&referrercate=680719,https://photo.yupoo.com/minkang/dd0f1a52af/large.jpg,5
Premier League,Arsenal 26/27 Home Women's Jersey S-XXL8,https://minkang.x.yupoo.com/albums/248187954?uid=1&isSubCate=false&referrercate=680719,https://photo.yupoo.com/minkang/61a067d4ef/large.jpg,6
Premier League,Arsenal 26/27 Home Women's Jersey S-XXL8,https://minkang.x.yupoo.com/albums/248187954?uid=1&isSubCate=false&referrercate=680719,https://photo.yupoo.com/minkang/7ccf4dd980/large.jpg,7
Premier League,Arsenal 26/27 Home Women's Jersey S-XXL8,https://minkang.x.yupoo.com/albums/248187954?uid=1&isSubCate=false&referrercate=680719,https://photo.yupoo.com/minkang/c3be4473ed/large.jpg,8
Premier League,Arsenal 26/27 Home Women's Jersey S-XXL8,https://minkang.x.yupoo.com/albums/248187954?uid=1&isSubCate=false&referrercate=680719,https://photo.yupoo.com/minkang/c7be93e271/square.jpg,9
Premier League,Arsenal 26/27 Home Women's Jersey S-XXL8,https://minkang.x.yupoo.com/albums/248187954?uid=1&isSubCate=false&referrercate=680719,https://photo.yupoo.com/minkang/1e7c4205ae/square.jpg,10
Premier League,Arsenal 26/27 Home Women's Jersey S-XXL8,https://minkang.x.yupoo.com/albums/248187954?uid=1&isSubCate=false&referrercate=680719,https://photo.yupoo.com/minkang/fc2d27014f/square.jpg,11
Premier League,Arsenal 26/27 Home Women's Jersey S-XXL8,https://minkang.x.yupoo.com/albums/248187954?uid=1&isSubCate=false&referrercate=680719,https://photo.yupoo.com/minkang/5eb5ed3167/square.jpg,12
Premier League,Arsenal 26/27 Home Women's Jersey S-XXL8,https://minkang.x.yupoo.com/albums/248187954?uid=1&isSubCate=false&referrercate=680719,https://photo.yupoo.com/minkang/dd0f1a52af/square.jpg,13
Premier League,Arsenal 26/27 Home Women's Jersey S-XXL8,https://minkang.x.yupoo.com/albums/248187954?uid=1&isSubCate=false&referrercate=680719,https://photo.yupoo.com/minkang/61a067d4ef/square.jpg,14
Premier League,Arsenal 26/27 Home Women's Jersey S-XXL8,https://minkang.x.yupoo.com/albums/248187954?uid=1&isSubCate=false&referrercate=680719,https://photo.yupoo.com/minkang/7ccf4dd980/square.jpg,15
Premier League,Arsenal 26/27 Home Women's Jersey S-XXL8,https://minkang.x.yupoo.com/albums/248187954?uid=1&isSubCate=false&referrercate=680719,https://photo.yupoo.com/minkang/c3be4473ed/square.jpg,16
Premier League,Tottenham Hotspur 26/27 Away Womens Jersey S-XXL8,https://minkang.x.yupoo.com/albums/248187890?uid=1&isSubCate=false&referrercate=680719,https://photo.yupoo.com/minkang/1830c6d576/large.jpg,1
Premier League,Tottenham Hotspur 26/27 Away Womens Jersey S-XXL8,https://minkang.x.yupoo.com/albums/248187890?uid=1&isSubCate=false&referrercate=680719,https://photo.yupoo.com/minkang/2f0726d1fb/large.jpg,2
Premier League,Tottenham Hotspur 26/27 Away Womens Jersey S-XXL8,https://minkang.x.yupoo.com/albums/248187890?uid=1&isSubCate=false&referrercate=680719,https://photo.yupoo.com/minkang/b5c7c08310/large.jpg,3
Premier League,Tottenham Hotspur 26/27 Away Womens Jersey S-XXL8,https://minkang.x.yupoo.com/albums/248187890?uid=1&isSubCate=false&referrercate=680719,https://photo.yupoo.com/minkang/0a20d97b50/large.jpg,4
Premier League,Tottenham Hotspur 26/27 Away Womens Jersey S-XXL8,https://minkang.x.yupoo.com/albums/248187890?uid=1&isSubCate=false&referrercate=680719,https://photo.yupoo.com/minkang/8c49a7e317/large.jpg,5
Premier League,Tottenham Hotspur 26/27 Away Womens Jersey S-XXL8,https://minkang.x.yupoo.com/albums/248187890?uid=1&isSubCate=false&referrercate=680719,https://photo.yupoo.com/minkang/925bc3c709/large.jpg,6
Premier League,Tottenham Hotspur 26/27 Away Womens Jersey S-XXL8,https://minkang.x.yupoo.com/albums/248187890?uid=1&isSubCate=false&referrercate=680719,https://photo.yupoo.com/minkang/73193f6603/large.jpg,7
Premier League,Tottenham Hotspur 26/27 Away Womens Jersey S-XXL8,https://minkang.x.yupoo.com/albums/248187890?uid=1&isSubCate=false&referrercate=680719,https://photo.yupoo.com/minkang/763786fd44/large.jpg,8
Premier League,Tottenham Hotspur 26/27 Away Womens Jersey S-XXL8,https://minkang.x.yupoo.com/albums/248187890?uid=1&isSubCate=false&referrercate=680719,https://photo.yupoo.com/minkang/2f0726d1fb/square.jpg,9
Premier League,Tottenham Hotspur 26/27 Away Womens Jersey S-XXL8,https://minkang.x.yupoo.com/albums/248187890?uid=1&isSubCate=false&referrercate=680719,https://photo.yupoo.com/minkang/1830c6d576/square.jpg,10
Premier League,Tottenham Hotspur 26/27 Away Womens Jersey S-XXL8,https://minkang.x.yupoo.com/albums/248187890?uid=1&isSubCate=false&referrercate=680719,https://photo.yupoo.com/minkang/b5c7c08310/square.jpg,11
Premier League,Tottenham Hotspur 26/27 Away Womens Jersey S-XXL8,https://minkang.x.yupoo.com/albums/248187890?uid=1&isSubCate=false&referrercate=680719,https://photo.yupoo.com/minkang/0a20d97b50/square.jpg,12
Premier League,Tottenham Hotspur 26/27 Away Womens Jersey S-XXL8,https://minkang.x.yupoo.com/albums/248187890?uid=1&isSubCate=false&referrercate=680719,https://photo.yupoo.com/minkang/8c49a7e317/square.jpg,13
Premier League,Tottenham Hotspur 26/27 Away Womens Jersey S-XXL8,https://minkang.x.yupoo.com/albums/248187890?uid=1&isSubCate=false&referrercate=680719,https://photo.yupoo.com/minkang/925bc3c709/square.jpg,14
Premier League,Tottenham Hotspur 26/27 Away Womens Jersey S-XXL8,https://minkang.x.yupoo.com/albums/248187890?uid=1&isSubCate=false&referrercate=680719,https://photo.yupoo.com/minkang/73193f6603/square.jpg,15
Premier League,Tottenham Hotspur 26/27 Away Womens Jersey S-XXL8,https://minkang.x.yupoo.com/albums/248187890?uid=1&isSubCate=false&referrercate=680719,https://photo.yupoo.com/minkang/763786fd44/square.jpg,16
Premier League,Tottenham Hotspur 26/27 Home Womens Jersey S-XXL8,https://minkang.x.yupoo.com/albums/248187521?uid=1&isSubCate=false&referrercate=680719,https://photo.yupoo.com/minkang/1a47d855e2/large.jpg,1
Premier League,Tottenham Hotspur 26/27 Home Womens Jersey S-XXL8,https://minkang.x.yupoo.com/albums/248187521?uid=1&isSubCate=false&referrercate=680719,https://photo.yupoo.com/minkang/a53ee16cb1/large.jpg,2
Premier League,Tottenham Hotspur 26/27 Home Womens Jersey S-XXL8,https://minkang.x.yupoo.com/albums/248187521?uid=1&isSubCate=false&referrercate=680719,https://photo.yupoo.com/minkang/6d6dd823af/large.jpg,3
Premier League,Tottenham Hotspur 26/27 Home Womens Jersey S-XXL8,https://minkang.x.yupoo.com/albums/248187521?uid=1&isSubCate=false&referrercate=680719,https://photo.yupoo.com/minkang/4fa9b3e091/large.jpg,4
Premier League,Tottenham Hotspur 26/27 Home Womens Jersey S-XXL8,https://minkang.x.yupoo.com/albums/248187521?uid=1&isSubCate=false&referrercate=680719,https://photo.yupoo.com/minkang/4874e9aeeb/large.jpg,5
Premier League,Tottenham Hotspur 26/27 Home Womens Jersey S-XXL8,https://minkang.x.yupoo.com/albums/248187521?uid=1&isSubCate=false&referrercate=680719,https://photo.yupoo.com/minkang/91b8e45939/large.jpg,6
Premier League,Tottenham Hotspur 26/27 Home Womens Jersey S-XXL8,https://minkang.x.yupoo.com/albums/248187521?uid=1&isSubCate=false&referrercate=680719,https://photo.yupoo.com/minkang/dd32b709ee/large.jpg,7
Premier League,Tottenham Hotspur 26/27 Home Womens Jersey S-XXL8,https://minkang.x.yupoo.com/albums/248187521?uid=1&isSubCate=false&referrercate=680719,https://photo.yupoo.com/minkang/46aae985c4/large.jpg,8
Premier League,Tottenham Hotspur 26/27 Home Womens Jersey S-XXL8,https://minkang.x.yupoo.com/albums/248187521?uid=1&isSubCate=false&referrercate=680719,https://photo.yupoo.com/minkang/1a47d855e2/square.jpg,9
Premier League,Tottenham Hotspur 26/27 Home Womens Jersey S-XXL8,https://minkang.x.yupoo.com/albums/248187521?uid=1&isSubCate=false&referrercate=680719,https://photo.yupoo.com/minkang/a53ee16cb1/square.jpg,10
Premier League,Tottenham Hotspur 26/27 Home Womens Jersey S-XXL8,https://minkang.x.yupoo.com/albums/248187521?uid=1&isSubCate=false&referrercate=680719,https://photo.yupoo.com/minkang/6d6dd823af/square.jpg,11
Premier League,Tottenham Hotspur 26/27 Home Womens Jersey S-XXL8,https://minkang.x.yupoo.com/albums/248187521?uid=1&isSubCate=false&referrercate=680719,https://photo.yupoo.com/minkang/4fa9b3e091/square.jpg,12
Premier League,Tottenham Hotspur 26/27 Home Womens Jersey S-XXL8,https://minkang.x.yupoo.com/albums/248187521?uid=1&isSubCate=false&referrercate=680719,https://photo.yupoo.com/minkang/4874e9aeeb/square.jpg,13
Premier League,Tottenham Hotspur 26/27 Home Womens Jersey S-XXL8,https://minkang.x.yupoo.com/albums/248187521?uid=1&isSubCate=false&referrercate=680719,https://photo.yupoo.com/minkang/91b8e45939/square.jpg,14
Premier League,Tottenham Hotspur 26/27 Home Womens Jersey S-XXL8,https://minkang.x.yupoo.com/albums/248187521?uid=1&isSubCate=false&referrercate=680719,https://photo.yupoo.com/minkang/dd32b709ee/square.jpg,15
Premier League,Tottenham Hotspur 26/27 Home Womens Jersey S-XXL8,https://minkang.x.yupoo.com/albums/248187521?uid=1&isSubCate=false&referrercate=680719,https://photo.yupoo.com/minkang/46aae985c4/square.jpg,16
Premier League,M-U 26/27 Home Womens Crop Jersey S-XXL9,https://minkang.x.yupoo.com/albums/248188114?uid=1&isSubCate=false&referrercate=680719,https://photo.yupoo.com/minkang/d52c50f213/large.jpg,1
Premier League,M-U 26/27 Home Womens Crop Jersey S-XXL9,https://minkang.x.yupoo.com/albums/248188114?uid=1&isSubCate=false&referrercate=680719,https://photo.yupoo.com/minkang/4a77682eec/large.jpg,2
Premier League,M-U 26/27 Home Womens Crop Jersey S-XXL9,https://minkang.x.yupoo.com/albums/248188114?uid=1&isSubCate=false&referrercate=680719,https://photo.yupoo.com/minkang/42d0692b6e/large.jpg,3
Premier League,M-U 26/27 Home Womens Crop Jersey S-XXL9,https://minkang.x.yupoo.com/albums/248188114?uid=1&isSubCate=false&referrercate=680719,https://photo.yupoo.com/minkang/485dfa6588/large.jpg,4
Premier League,M-U 26/27 Home Womens Crop Jersey S-XXL9,https://minkang.x.yupoo.com/albums/248188114?uid=1&isSubCate=false&referrercate=680719,https://photo.yupoo.com/minkang/7224169bf0/large.jpg,5
Premier League,M-U 26/27 Home Womens Crop Jersey S-XXL9,https://minkang.x.yupoo.com/albums/248188114?uid=1&isSubCate=false&referrercate=680719,https://photo.yupoo.com/minkang/1de6d8e522/large.jpg,6
Premier League,M-U 26/27 Home Womens Crop Jersey S-XXL9,https://minkang.x.yupoo.com/albums/248188114?uid=1&isSubCate=false&referrercate=680719,https://photo.yupoo.com/minkang/4bb5beed1d/large.jpg,7
Premier League,M-U 26/27 Home Womens Crop Jersey S-XXL9,https://minkang.x.yupoo.com/albums/248188114?uid=1&isSubCate=false&referrercate=680719,https://photo.yupoo.com/minkang/50851238a6/large.jpg,8
Premier League,M-U 26/27 Home Womens Crop Jersey S-XXL9,https://minkang.x.yupoo.com/albums/248188114?uid=1&isSubCate=false&referrercate=680719,https://photo.yupoo.com/minkang/e89233c119/large.jpg,9
Premier League,M-U 26/27 Home Womens Crop Jersey S-XXL9,https://minkang.x.yupoo.com/albums/248188114?uid=1&isSubCate=false&referrercate=680719,https://photo.yupoo.com/minkang/d52c50f213/square.jpg,10
Premier League,M-U 26/27 Home Womens Crop Jersey S-XXL9,https://minkang.x.yupoo.com/albums/248188114?uid=1&isSubCate=false&referrercate=680719,https://photo.yupoo.com/minkang/4a77682eec/square.jpg,11
Premier League,M-U 26/27 Home Womens Crop Jersey S-XXL9,https://minkang.x.yupoo.com/albums/248188114?uid=1&isSubCate=false&referrercate=680719,https://photo.yupoo.com/minkang/42d0692b6e/square.jpg,12
Premier League,M-U 26/27 Home Womens Crop Jersey S-XXL9,https://minkang.x.yupoo.com/albums/248188114?uid=1&isSubCate=false&referrercate=680719,https://photo.yupoo.com/minkang/485dfa6588/square.jpg,13
Premier League,M-U 26/27 Home Womens Crop Jersey S-XXL9,https://minkang.x.yupoo.com/albums/248188114?uid=1&isSubCate=false&referrercate=680719,https://photo.yupoo.com/minkang/7224169bf0/square.jpg,14
Premier League,M-U 26/27 Home Womens Crop Jersey S-XXL9,https://minkang.x.yupoo.com/albums/248188114?uid=1&isSubCate=false&referrercate=680719,https://photo.yupoo.com/minkang/1de6d8e522/square.jpg,15
Premier League,M-U 26/27 Home Womens Crop Jersey S-XXL9,https://minkang.x.yupoo.com/albums/248188114?uid=1&isSubCate=false&referrercate=680719,https://photo.yupoo.com/minkang/4bb5beed1d/square.jpg,16
Premier League,M-U 26/27 Home Womens Crop Jersey S-XXL9,https://minkang.x.yupoo.com/albums/248188114?uid=1&isSubCate=false&referrercate=680719,https://photo.yupoo.com/minkang/50851238a6/square.jpg,17
Premier League,M-U 26/27 Home Womens Crop Jersey S-XXL9,https://minkang.x.yupoo.com/albums/248188114?uid=1&isSubCate=false&referrercate=680719,https://photo.yupoo.com/minkang/e89233c119/square.jpg,18
Premier League,Arsenal 26/27 Home Match Women's Crop Jersey S-XXL8,https://minkang.x.yupoo.com/albums/248188332?uid=1&isSubCate=false&referrercate=680719,https://photo.yupoo.com/minkang/3907e3f93e/large.jpg,1
Premier League,Arsenal 26/27 Home Match Women's Crop Jersey S-XXL8,https://minkang.x.yupoo.com/albums/248188332?uid=1&isSubCate=false&referrercate=680719,https://photo.yupoo.com/minkang/cef85460b7/large.jpg,2
Premier League,Arsenal 26/27 Home Match Women's Crop Jersey S-XXL8,https://minkang.x.yupoo.com/albums/248188332?uid=1&isSubCate=false&referrercate=680719,https://photo.yupoo.com/minkang/eb80cd6f39/large.jpg,3
Premier League,Arsenal 26/27 Home Match Women's Crop Jersey S-XXL8,https://minkang.x.yupoo.com/albums/248188332?uid=1&isSubCate=false&referrercate=680719,https://photo.yupoo.com/minkang/81223efbb7/large.jpg,4
Premier League,Arsenal 26/27 Home Match Women's Crop Jersey S-XXL8,https://minkang.x.yupoo.com/albums/248188332?uid=1&isSubCate=false&referrercate=680719,https://photo.yupoo.com/minkang/a36a42a98c/large.jpg,5
Premier League,Arsenal 26/27 Home Match Women's Crop Jersey S-XXL8,https://minkang.x.yupoo.com/albums/248188332?uid=1&isSubCate=false&referrercate=680719,https://photo.yupoo.com/minkang/34ee7dbd13/large.jpg,6
Premier League,Arsenal 26/27 Home Match Women's Crop Jersey S-XXL8,https://minkang.x.yupoo.com/albums/248188332?uid=1&isSubCate=false&referrercate=680719,https://photo.yupoo.com/minkang/7744b0e356/large.jpg,7
Premier League,Arsenal 26/27 Home Match Women's Crop Jersey S-XXL8,https://minkang.x.yupoo.com/albums/248188332?uid=1&isSubCate=false&referrercate=680719,https://photo.yupoo.com/minkang/a0fb4ef2f3/large.jpg,8
Premier League,Arsenal 26/27 Home Match Women's Crop Jersey S-XXL8,https://minkang.x.yupoo.com/albums/248188332?uid=1&isSubCate=false&referrercate=680719,https://photo.yupoo.com/minkang/3907e3f93e/square.jpg,9
Premier League,Arsenal 26/27 Home Match Women's Crop Jersey S-XXL8,https://minkang.x.yupoo.com/albums/248188332?uid=1&isSubCate=false&referrercate=680719,https://photo.yupoo.com/minkang/cef85460b7/square.jpg,10
Premier League,Arsenal 26/27 Home Match Women's Crop Jersey S-XXL8,https://minkang.x.yupoo.com/albums/248188332?uid=1&isSubCate=false&referrercate=680719,https://photo.yupoo.com/minkang/eb80cd6f39/square.jpg,11
Premier League,Arsenal 26/27 Home Match Women's Crop Jersey S-XXL8,https://minkang.x.yupoo.com/albums/248188332?uid=1&isSubCate=false&referrercate=680719,https://photo.yupoo.com/minkang/81223efbb7/square.jpg,12
Premier League,Arsenal 26/27 Home Match Women's Crop Jersey S-XXL8,https://minkang.x.yupoo.com/albums/248188332?uid=1&isSubCate=false&referrercate=680719,https://photo.yupoo.com/minkang/a36a42a98c/square.jpg,13
Premier League,Arsenal 26/27 Home Match Women's Crop Jersey S-XXL8,https://minkang.x.yupoo.com/albums/248188332?uid=1&isSubCate=false&referrercate=680719,https://photo.yupoo.com/minkang/34ee7dbd13/square.jpg,14
Premier League,Arsenal 26/27 Home Match Women's Crop Jersey S-XXL8,https://minkang.x.yupoo.com/albums/248188332?uid=1&isSubCate=false&referrercate=680719,https://photo.yupoo.com/minkang/7744b0e356/square.jpg,15
Premier League,Arsenal 26/27 Home Match Women's Crop Jersey S-XXL8,https://minkang.x.yupoo.com/albums/248188332?uid=1&isSubCate=false&referrercate=680719,https://photo.yupoo.com/minkang/a0fb4ef2f3/square.jpg,16
Premier League,Arsenal 26/27 Third Away Women's Crop Jersey S-XXL8,https://minkang.x.yupoo.com/albums/248188293?uid=1&isSubCate=false&referrercate=680719,https://photo.yupoo.com/minkang/01db5acf03/large.jpg,1
Premier League,Arsenal 26/27 Third Away Women's Crop Jersey S-XXL8,https://minkang.x.yupoo.com/albums/248188293?uid=1&isSubCate=false&referrercate=680719,https://photo.yupoo.com/minkang/2be84e48ff/large.jpg,2
Premier League,Arsenal 26/27 Third Away Women's Crop Jersey S-XXL8,https://minkang.x.yupoo.com/albums/248188293?uid=1&isSubCate=false&referrercate=680719,https://photo.yupoo.com/minkang/b113b71dcd/large.jpg,3
Premier League,Arsenal 26/27 Third Away Women's Crop Jersey S-XXL8,https://minkang.x.yupoo.com/albums/248188293?uid=1&isSubCate=false&referrercate=680719,https://photo.yupoo.com/minkang/485101fc8f/large.jpg,4
Premier League,Arsenal 26/27 Third Away Women's Crop Jersey S-XXL8,https://minkang.x.yupoo.com/albums/248188293?uid=1&isSubCate=false&referrercate=680719,https://photo.yupoo.com/minkang/d4f28005b0/large.jpg,5
Premier League,Arsenal 26/27 Third Away Women's Crop Jersey S-XXL8,https://minkang.x.yupoo.com/albums/248188293?uid=1&isSubCate=false&referrercate=680719,https://photo.yupoo.com/minkang/6c5ddcc5e1/large.jpg,6
Premier League,Arsenal 26/27 Third Away Women's Crop Jersey S-XXL8,https://minkang.x.yupoo.com/albums/248188293?uid=1&isSubCate=false&referrercate=680719,https://photo.yupoo.com/minkang/a6a6523ac5/large.jpg,7
Premier League,Arsenal 26/27 Third Away Women's Crop Jersey S-XXL8,https://minkang.x.yupoo.com/albums/248188293?uid=1&isSubCate=false&referrercate=680719,https://photo.yupoo.com/minkang/5c62981e81/large.jpg,8
Premier League,Arsenal 26/27 Third Away Women's Crop Jersey S-XXL8,https://minkang.x.yupoo.com/albums/248188293?uid=1&isSubCate=false&referrercate=680719,https://photo.yupoo.com/minkang/01db5acf03/square.jpg,9
Premier League,Arsenal 26/27 Third Away Women's Crop Jersey S-XXL8,https://minkang.x.yupoo.com/albums/248188293?uid=1&isSubCate=false&referrercate=680719,https://photo.yupoo.com/minkang/2be84e48ff/square.jpg,10
Premier League,Arsenal 26/27 Third Away Women's Crop Jersey S-XXL8,https://minkang.x.yupoo.com/albums/248188293?uid=1&isSubCate=false&referrercate=680719,https://photo.yupoo.com/minkang/b113b71dcd/square.jpg,11
Premier League,Arsenal 26/27 Third Away Women's Crop Jersey S-XXL8,https://minkang.x.yupoo.com/albums/248188293?uid=1&isSubCate=false&referrercate=680719,https://photo.yupoo.com/minkang/485101fc8f/square.jpg,12
Premier League,Arsenal 26/27 Third Away Women's Crop Jersey S-XXL8,https://minkang.x.yupoo.com/albums/248188293?uid=1&isSubCate=false&referrercate=680719,https://photo.yupoo.com/minkang/d4f28005b0/square.jpg,13
Premier League,Arsenal 26/27 Third Away Women's Crop Jersey S-XXL8,https://minkang.x.yupoo.com/albums/248188293?uid=1&isSubCate=false&referrercate=680719,https://photo.yupoo.com/minkang/6c5ddcc5e1/square.jpg,14
Premier League,Arsenal 26/27 Third Away Women's Crop Jersey S-XXL8,https://minkang.x.yupoo.com/albums/248188293?uid=1&isSubCate=false&referrercate=680719,https://photo.yupoo.com/minkang/a6a6523ac5/square.jpg,15
Premier League,Arsenal 26/27 Third Away Women's Crop Jersey S-XXL8,https://minkang.x.yupoo.com/albums/248188293?uid=1&isSubCate=false&referrercate=680719,https://photo.yupoo.com/minkang/5c62981e81/square.jpg,16
Premier League,M-U 26/27 Home Womens Jersey S-XXL9,https://minkang.x.yupoo.com/albums/248187833?uid=1&isSubCate=false&referrercate=680719,https://photo.yupoo.com/minkang/6773bd9ec1/large.jpg,1
Premier League,M-U 26/27 Home Womens Jersey S-XXL9,https://minkang.x.yupoo.com/albums/248187833?uid=1&isSubCate=false&referrercate=680719,https://photo.yupoo.com/minkang/a5d311e4ca/large.jpg,2
Premier League,M-U 26/27 Home Womens Jersey S-XXL9,https://minkang.x.yupoo.com/albums/248187833?uid=1&isSubCate=false&referrercate=680719,https://photo.yupoo.com/minkang/6a39dacfff/large.jpg,3
Premier League,M-U 26/27 Home Womens Jersey S-XXL9,https://minkang.x.yupoo.com/albums/248187833?uid=1&isSubCate=false&referrercate=680719,https://photo.yupoo.com/minkang/fc0c3d9d90/large.jpg,4
Premier League,M-U 26/27 Home Womens Jersey S-XXL9,https://minkang.x.yupoo.com/albums/248187833?uid=1&isSubCate=false&referrercate=680719,https://photo.yupoo.com/minkang/9407524bac/large.jpg,5
Premier League,M-U 26/27 Home Womens Jersey S-XXL9,https://minkang.x.yupoo.com/albums/248187833?uid=1&isSubCate=false&referrercate=680719,https://photo.yupoo.com/minkang/8be4bee58c/large.jpg,6
Premier League,M-U 26/27 Home Womens Jersey S-XXL9,https://minkang.x.yupoo.com/albums/248187833?uid=1&isSubCate=false&referrercate=680719,https://photo.yupoo.com/minkang/854a8a6b51/large.jpg,7
Premier League,M-U 26/27 Home Womens Jersey S-XXL9,https://minkang.x.yupoo.com/albums/248187833?uid=1&isSubCate=false&referrercate=680719,https://photo.yupoo.com/minkang/cf8ae3cb75/large.jpg,8
Premier League,M-U 26/27 Home Womens Jersey S-XXL9,https://minkang.x.yupoo.com/albums/248187833?uid=1&isSubCate=false&referrercate=680719,https://photo.yupoo.com/minkang/ad0f31c71f/large.jpg,9
Premier League,M-U 26/27 Home Womens Jersey S-XXL9,https://minkang.x.yupoo.com/albums/248187833?uid=1&isSubCate=false&referrercate=680719,https://photo.yupoo.com/minkang/a5d311e4ca/square.jpg,10
Premier League,M-U 26/27 Home Womens Jersey S-XXL9,https://minkang.x.yupoo.com/albums/248187833?uid=1&isSubCate=false&referrercate=680719,https://photo.yupoo.com/minkang/6773bd9ec1/square.jpg,11
Premier League,M-U 26/27 Home Womens Jersey S-XXL9,https://minkang.x.yupoo.com/albums/248187833?uid=1&isSubCate=false&referrercate=680719,https://photo.yupoo.com/minkang/6a39dacfff/square.jpg,12
Premier League,M-U 26/27 Home Womens Jersey S-XXL9,https://minkang.x.yupoo.com/albums/248187833?uid=1&isSubCate=false&referrercate=680719,https://photo.yupoo.com/minkang/fc0c3d9d90/square.jpg,13
Premier League,M-U 26/27 Home Womens Jersey S-XXL9,https://minkang.x.yupoo.com/albums/248187833?uid=1&isSubCate=false&referrercate=680719,https://photo.yupoo.com/minkang/9407524bac/square.jpg,14
Premier League,M-U 26/27 Home Womens Jersey S-XXL9,https://minkang.x.yupoo.com/albums/248187833?uid=1&isSubCate=false&referrercate=680719,https://photo.yupoo.com/minkang/8be4bee58c/square.jpg,15
Premier League,M-U 26/27 Home Womens Jersey S-XXL9,https://minkang.x.yupoo.com/albums/248187833?uid=1&isSubCate=false&referrercate=680719,https://photo.yupoo.com/minkang/854a8a6b51/square.jpg,16
Premier League,M-U 26/27 Home Womens Jersey S-XXL9,https://minkang.x.yupoo.com/albums/248187833?uid=1&isSubCate=false&referrercate=680719,https://photo.yupoo.com/minkang/cf8ae3cb75/square.jpg,17
Premier League,M-U 26/27 Home Womens Jersey S-XXL9,https://minkang.x.yupoo.com/albums/248187833?uid=1&isSubCate=false&referrercate=680719,https://photo.yupoo.com/minkang/ad0f31c71f/square.jpg,18
Premier League,Arsenal 26/27 Third Womens Jersey S-XXL8,https://minkang.x.yupoo.com/albums/248187464?uid=1&isSubCate=false&referrercate=680719,https://photo.yupoo.com/minkang/987a5a4181/large.jpg,1
Premier League,Arsenal 26/27 Third Womens Jersey S-XXL8,https://minkang.x.yupoo.com/albums/248187464?uid=1&isSubCate=false&referrercate=680719,https://photo.yupoo.com/minkang/ecb49c832b/large.jpg,2
Premier League,Arsenal 26/27 Third Womens Jersey S-XXL8,https://minkang.x.yupoo.com/albums/248187464?uid=1&isSubCate=false&referrercate=680719,https://photo.yupoo.com/minkang/0ee2dcd3c6/large.jpg,3
Premier League,Arsenal 26/27 Third Womens Jersey S-XXL8,https://minkang.x.yupoo.com/albums/248187464?uid=1&isSubCate=false&referrercate=680719,https://photo.yupoo.com/minkang/2b403db81b/large.jpg,4
Premier League,Arsenal 26/27 Third Womens Jersey S-XXL8,https://minkang.x.yupoo.com/albums/248187464?uid=1&isSubCate=false&referrercate=680719,https://photo.yupoo.com/minkang/85732aa89e/large.jpg,5
Premier League,Arsenal 26/27 Third Womens Jersey S-XXL8,https://minkang.x.yupoo.com/albums/248187464?uid=1&isSubCate=false&referrercate=680719,https://photo.yupoo.com/minkang/881562ac28/large.jpg,6
Premier League,Arsenal 26/27 Third Womens Jersey S-XXL8,https://minkang.x.yupoo.com/albums/248187464?uid=1&isSubCate=false&referrercate=680719,https://photo.yupoo.com/minkang/6e65227bd0/large.jpg,7
Premier League,Arsenal 26/27 Third Womens Jersey S-XXL8,https://minkang.x.yupoo.com/albums/248187464?uid=1&isSubCate=false&referrercate=680719,https://photo.yupoo.com/minkang/df6a165688/large.jpg,8
Premier League,Arsenal 26/27 Third Womens Jersey S-XXL8,https://minkang.x.yupoo.com/albums/248187464?uid=1&isSubCate=false&referrercate=680719,https://photo.yupoo.com/minkang/ecb49c832b/square.jpg,9
Premier League,Arsenal 26/27 Third Womens Jersey S-XXL8,https://minkang.x.yupoo.com/albums/248187464?uid=1&isSubCate=false&referrercate=680719,https://photo.yupoo.com/minkang/987a5a4181/square.jpg,10
Premier League,Arsenal 26/27 Third Womens Jersey S-XXL8,https://minkang.x.yupoo.com/albums/248187464?uid=1&isSubCate=false&referrercate=680719,https://photo.yupoo.com/minkang/0ee2dcd3c6/square.jpg,11
Premier League,Arsenal 26/27 Third Womens Jersey S-XXL8,https://minkang.x.yupoo.com/albums/248187464?uid=1&isSubCate=false&referrercate=680719,https://photo.yupoo.com/minkang/2b403db81b/square.jpg,12
Premier League,Arsenal 26/27 Third Womens Jersey S-XXL8,https://minkang.x.yupoo.com/albums/248187464?uid=1&isSubCate=false&referrercate=680719,https://photo.yupoo.com/minkang/85732aa89e/square.jpg,13
Premier League,Arsenal 26/27 Third Womens Jersey S-XXL8,https://minkang.x.yupoo.com/albums/248187464?uid=1&isSubCate=false&referrercate=680719,https://photo.yupoo.com/minkang/881562ac28/square.jpg,14
Premier League,Arsenal 26/27 Third Womens Jersey S-XXL8,https://minkang.x.yupoo.com/albums/248187464?uid=1&isSubCate=false&referrercate=680719,https://photo.yupoo.com/minkang/6e65227bd0/square.jpg,15
Premier League,Arsenal 26/27 Third Womens Jersey S-XXL8,https://minkang.x.yupoo.com/albums/248187464?uid=1&isSubCate=false&referrercate=680719,https://photo.yupoo.com/minkang/df6a165688/square.jpg,16
Premier League,Manchester City x Kidsuper 2026 Reversible Anthem All Weather Jacket Windbreaker S-3XL13,https://minkang.x.yupoo.com/albums/247788130?uid=1&isSubCate=false&referrercate=680719,https://photo.yupoo.com/minkang/fb7aa4e7e1/large.png,1
Premier League,Manchester City x Kidsuper 2026 Reversible Anthem All Weather Jacket Windbreaker S-3XL13,https://minkang.x.yupoo.com/albums/247788130?uid=1&isSubCate=false&referrercate=680719,https://photo.yupoo.com/minkang/f46818d4f3/large.jpg,2
Premier League,Manchester City x Kidsuper 2026 Reversible Anthem All Weather Jacket Windbreaker S-3XL13,https://minkang.x.yupoo.com/albums/247788130?uid=1&isSubCate=false&referrercate=680719,https://photo.yupoo.com/minkang/863fed3f43/large.jpg,3
Premier League,Manchester City x Kidsuper 2026 Reversible Anthem All Weather Jacket Windbreaker S-3XL13,https://minkang.x.yupoo.com/albums/247788130?uid=1&isSubCate=false&referrercate=680719,https://photo.yupoo.com/minkang/2ee6fedf96/large.jpg,4
Premier League,Manchester City x Kidsuper 2026 Reversible Anthem All Weather Jacket Windbreaker S-3XL13,https://minkang.x.yupoo.com/albums/247788130?uid=1&isSubCate=false&referrercate=680719,https://photo.yupoo.com/minkang/97d9cb25a0/large.jpg,5
Premier League,Manchester City x Kidsuper 2026 Reversible Anthem All Weather Jacket Windbreaker S-3XL13,https://minkang.x.yupoo.com/albums/247788130?uid=1&isSubCate=false&referrercate=680719,https://photo.yupoo.com/minkang/dd86161d1e/large.jpg,6
Premier League,Manchester City x Kidsuper 2026 Reversible Anthem All Weather Jacket Windbreaker S-3XL13,https://minkang.x.yupoo.com/albums/247788130?uid=1&isSubCate=false&referrercate=680719,https://photo.yupoo.com/minkang/36db4d32a5/large.jpg,7
Premier League,Manchester City x Kidsuper 2026 Reversible Anthem All Weather Jacket Windbreaker S-3XL13,https://minkang.x.yupoo.com/albums/247788130?uid=1&isSubCate=false&referrercate=680719,https://photo.yupoo.com/minkang/6acdb67000/large.jpg,8
Premier League,Manchester City x Kidsuper 2026 Reversible Anthem All Weather Jacket Windbreaker S-3XL13,https://minkang.x.yupoo.com/albums/247788130?uid=1&isSubCate=false&referrercate=680719,https://photo.yupoo.com/minkang/5d5b2c70ea/large.jpg,9
Premier League,Manchester City x Kidsuper 2026 Reversible Anthem All Weather Jacket Windbreaker S-3XL13,https://minkang.x.yupoo.com/albums/247788130?uid=1&isSubCate=false&referrercate=680719,https://photo.yupoo.com/minkang/948ea3c5b3/large.jpg,10
Premier League,Manchester City x Kidsuper 2026 Reversible Anthem All Weather Jacket Windbreaker S-3XL13,https://minkang.x.yupoo.com/albums/247788130?uid=1&isSubCate=false&referrercate=680719,https://photo.yupoo.com/minkang/b3bd7c8a40/large.jpg,11
Premier League,Manchester City x Kidsuper 2026 Reversible Anthem All Weather Jacket Windbreaker S-3XL13,https://minkang.x.yupoo.com/albums/247788130?uid=1&isSubCate=false&referrercate=680719,https://photo.yupoo.com/minkang/c6f1921f6f/large.jpg,12
Premier League,Manchester City x Kidsuper 2026 Reversible Anthem All Weather Jacket Windbreaker S-3XL13,https://minkang.x.yupoo.com/albums/247788130?uid=1&isSubCate=false&referrercate=680719,https://photo.yupoo.com/minkang/53d9de4bc9/large.jpg,13
Premier League,Manchester City x Kidsuper 2026 Reversible Anthem All Weather Jacket Windbreaker S-3XL13,https://minkang.x.yupoo.com/albums/247788130?uid=1&isSubCate=false&referrercate=680719,https://photo.yupoo.com/minkang/f46818d4f3/square.jpg,14
Premier League,Manchester City x Kidsuper 2026 Reversible Anthem All Weather Jacket Windbreaker S-3XL13,https://minkang.x.yupoo.com/albums/247788130?uid=1&isSubCate=false&referrercate=680719,https://photo.yupoo.com/minkang/863fed3f43/square.jpg,15
Premier League,Manchester City x Kidsuper 2026 Reversible Anthem All Weather Jacket Windbreaker S-3XL13,https://minkang.x.yupoo.com/albums/247788130?uid=1&isSubCate=false&referrercate=680719,https://photo.yupoo.com/minkang/2ee6fedf96/square.jpg,16
Premier League,Manchester City x Kidsuper 2026 Reversible Anthem All Weather Jacket Windbreaker S-3XL13,https://minkang.x.yupoo.com/albums/247788130?uid=1&isSubCate=false&referrercate=680719,https://photo.yupoo.com/minkang/fb7aa4e7e1/square.png,17
Premier League,Manchester City x Kidsuper 2026 Reversible Anthem All Weather Jacket Windbreaker S-3XL13,https://minkang.x.yupoo.com/albums/247788130?uid=1&isSubCate=false&referrercate=680719,https://photo.yupoo.com/minkang/97d9cb25a0/square.jpg,18
Premier League,Manchester City x Kidsuper 2026 Reversible Anthem All Weather Jacket Windbreaker S-3XL13,https://minkang.x.yupoo.com/albums/247788130?uid=1&isSubCate=false&referrercate=680719,https://photo.yupoo.com/minkang/dd86161d1e/square.jpg,19
Premier League,Manchester City x Kidsuper 2026 Reversible Anthem All Weather Jacket Windbreaker S-3XL13,https://minkang.x.yupoo.com/albums/247788130?uid=1&isSubCate=false&referrercate=680719,https://photo.yupoo.com/minkang/36db4d32a5/square.jpg,20
Premier League,Manchester City x Kidsuper 2026 Reversible Anthem All Weather Jacket Windbreaker S-3XL13,https://minkang.x.yupoo.com/albums/247788130?uid=1&isSubCate=false&referrercate=680719,https://photo.yupoo.com/minkang/6acdb67000/square.jpg,21
Premier League,Manchester City x Kidsuper 2026 Reversible Anthem All Weather Jacket Windbreaker S-3XL13,https://minkang.x.yupoo.com/albums/247788130?uid=1&isSubCate=false&referrercate=680719,https://photo.yupoo.com/minkang/5d5b2c70ea/square.jpg,22
Premier League,Manchester City x Kidsuper 2026 Reversible Anthem All Weather Jacket Windbreaker S-3XL13,https://minkang.x.yupoo.com/albums/247788130?uid=1&isSubCate=false&referrercate=680719,https://photo.yupoo.com/minkang/948ea3c5b3/square.jpg,23
Premier League,Manchester City x Kidsuper 2026 Reversible Anthem All Weather Jacket Windbreaker S-3XL13,https://minkang.x.yupoo.com/albums/247788130?uid=1&isSubCate=false&referrercate=680719,https://photo.yupoo.com/minkang/b3bd7c8a40/square.jpg,24
Premier League,Manchester City x Kidsuper 2026 Reversible Anthem All Weather Jacket Windbreaker S-3XL13,https://minkang.x.yupoo.com/albums/247788130?uid=1&isSubCate=false&referrercate=680719,https://photo.yupoo.com/minkang/c6f1921f6f/square.jpg,25
Premier League,Manchester City x Kidsuper 2026 Reversible Anthem All Weather Jacket Windbreaker S-3XL13,https://minkang.x.yupoo.com/albums/247788130?uid=1&isSubCate=false&referrercate=680719,https://photo.yupoo.com/minkang/53d9de4bc9/square.jpg,26
Premier League,Manchester City 26/27 KING Anthem Jacket Windbreaker S-XXL8,https://minkang.x.yupoo.com/albums/247787441?uid=1&isSubCate=false&referrercate=680719,https://photo.yupoo.com/minkang/25cf0185eb/large.jpg,1
Premier League,Manchester City 26/27 KING Anthem Jacket Windbreaker S-XXL8,https://minkang.x.yupoo.com/albums/247787441?uid=1&isSubCate=false&referrercate=680719,https://photo.yupoo.com/minkang/91ee64544c/large.jpg,2
Premier League,Manchester City 26/27 KING Anthem Jacket Windbreaker S-XXL8,https://minkang.x.yupoo.com/albums/247787441?uid=1&isSubCate=false&referrercate=680719,https://photo.yupoo.com/minkang/bb8bb47be6/large.jpg,3
Premier League,Manchester City 26/27 KING Anthem Jacket Windbreaker S-XXL8,https://minkang.x.yupoo.com/albums/247787441?uid=1&isSubCate=false&referrercate=680719,https://photo.yupoo.com/minkang/5034ee8010/large.jpg,4
Premier League,Manchester City 26/27 KING Anthem Jacket Windbreaker S-XXL8,https://minkang.x.yupoo.com/albums/247787441?uid=1&isSubCate=false&referrercate=680719,https://photo.yupoo.com/minkang/60ecb84141/large.jpg,5
Premier League,Manchester City 26/27 KING Anthem Jacket Windbreaker S-XXL8,https://minkang.x.yupoo.com/albums/247787441?uid=1&isSubCate=false&referrercate=680719,https://photo.yupoo.com/minkang/c6849c5653/large.jpg,6
Premier League,Manchester City 26/27 KING Anthem Jacket Windbreaker S-XXL8,https://minkang.x.yupoo.com/albums/247787441?uid=1&isSubCate=false&referrercate=680719,https://photo.yupoo.com/minkang/d27df94c15/large.jpg,7
Premier League,Manchester City 26/27 KING Anthem Jacket Windbreaker S-XXL8,https://minkang.x.yupoo.com/albums/247787441?uid=1&isSubCate=false&referrercate=680719,https://photo.yupoo.com/minkang/e99befd664/large.jpg,8
Premier League,Manchester City 26/27 KING Anthem Jacket Windbreaker S-XXL8,https://minkang.x.yupoo.com/albums/247787441?uid=1&isSubCate=false&referrercate=680719,https://photo.yupoo.com/minkang/91ee64544c/square.jpg,9
Premier League,Manchester City 26/27 KING Anthem Jacket Windbreaker S-XXL8,https://minkang.x.yupoo.com/albums/247787441?uid=1&isSubCate=false&referrercate=680719,https://photo.yupoo.com/minkang/25cf0185eb/square.jpg,10
Premier League,Manchester City 26/27 KING Anthem Jacket Windbreaker S-XXL8,https://minkang.x.yupoo.com/albums/247787441?uid=1&isSubCate=false&referrercate=680719,https://photo.yupoo.com/minkang/bb8bb47be6/square.jpg,11
Premier League,Manchester City 26/27 KING Anthem Jacket Windbreaker S-XXL8,https://minkang.x.yupoo.com/albums/247787441?uid=1&isSubCate=false&referrercate=680719,https://photo.yupoo.com/minkang/5034ee8010/square.jpg,12
Premier League,Manchester City 26/27 KING Anthem Jacket Windbreaker S-XXL8,https://minkang.x.yupoo.com/albums/247787441?uid=1&isSubCate=false&referrercate=680719,https://photo.yupoo.com/minkang/60ecb84141/square.jpg,13
Premier League,Manchester City 26/27 KING Anthem Jacket Windbreaker S-XXL8,https://minkang.x.yupoo.com/albums/247787441?uid=1&isSubCate=false&referrercate=680719,https://photo.yupoo.com/minkang/c6849c5653/square.jpg,14
Premier League,Manchester City 26/27 KING Anthem Jacket Windbreaker S-XXL8,https://minkang.x.yupoo.com/albums/247787441?uid=1&isSubCate=false&referrercate=680719,https://photo.yupoo.com/minkang/d27df94c15/square.jpg,15
Premier League,Manchester City 26/27 KING Anthem Jacket Windbreaker S-XXL8,https://minkang.x.yupoo.com/albums/247787441?uid=1&isSubCate=false&referrercate=680719,https://photo.yupoo.com/minkang/e99befd664/square.jpg,16
Premier League,Arsenal 2026 Tiro Competition Presentation All Weather Jacket Windbreaker S-XXL8,https://minkang.x.yupoo.com/albums/247787254?uid=1&isSubCate=false&referrercate=680719,https://photo.yupoo.com/minkang/06e3e6a738/large.jpg,1
Premier League,Arsenal 2026 Tiro Competition Presentation All Weather Jacket Windbreaker S-XXL8,https://minkang.x.yupoo.com/albums/247787254?uid=1&isSubCate=false&referrercate=680719,https://photo.yupoo.com/minkang/d26ecf702c/large.jpg,2
Premier League,Arsenal 2026 Tiro Competition Presentation All Weather Jacket Windbreaker S-XXL8,https://minkang.x.yupoo.com/albums/247787254?uid=1&isSubCate=false&referrercate=680719,https://photo.yupoo.com/minkang/cf01f9c8ba/large.jpg,3
Premier League,Arsenal 2026 Tiro Competition Presentation All Weather Jacket Windbreaker S-XXL8,https://minkang.x.yupoo.com/albums/247787254?uid=1&isSubCate=false&referrercate=680719,https://photo.yupoo.com/minkang/a23868b13f/large.jpg,4
Premier League,Arsenal 2026 Tiro Competition Presentation All Weather Jacket Windbreaker S-XXL8,https://minkang.x.yupoo.com/albums/247787254?uid=1&isSubCate=false&referrercate=680719,https://photo.yupoo.com/minkang/6b88afc53d/large.jpg,5
Premier League,Arsenal 2026 Tiro Competition Presentation All Weather Jacket Windbreaker S-XXL8,https://minkang.x.yupoo.com/albums/247787254?uid=1&isSubCate=false&referrercate=680719,https://photo.yupoo.com/minkang/0c8d31562a/large.jpg,6
Premier League,Arsenal 2026 Tiro Competition Presentation All Weather Jacket Windbreaker S-XXL8,https://minkang.x.yupoo.com/albums/247787254?uid=1&isSubCate=false&referrercate=680719,https://photo.yupoo.com/minkang/809c98f1df/large.jpg,7
Premier League,Arsenal 2026 Tiro Competition Presentation All Weather Jacket Windbreaker S-XXL8,https://minkang.x.yupoo.com/albums/247787254?uid=1&isSubCate=false&referrercate=680719,https://photo.yupoo.com/minkang/fe49f53296/large.jpg,8
Premier League,Arsenal 2026 Tiro Competition Presentation All Weather Jacket Windbreaker S-XXL8,https://minkang.x.yupoo.com/albums/247787254?uid=1&isSubCate=false&referrercate=680719,https://photo.yupoo.com/minkang/d26ecf702c/square.jpg,9
Premier League,Arsenal 2026 Tiro Competition Presentation All Weather Jacket Windbreaker S-XXL8,https://minkang.x.yupoo.com/albums/247787254?uid=1&isSubCate=false&referrercate=680719,https://photo.yupoo.com/minkang/06e3e6a738/square.jpg,10
Premier League,Arsenal 2026 Tiro Competition Presentation All Weather Jacket Windbreaker S-XXL8,https://minkang.x.yupoo.com/albums/247787254?uid=1&isSubCate=false&referrercate=680719,https://photo.yupoo.com/minkang/cf01f9c8ba/square.jpg,11
Premier League,Arsenal 2026 Tiro Competition Presentation All Weather Jacket Windbreaker S-XXL8,https://minkang.x.yupoo.com/albums/247787254?uid=1&isSubCate=false&referrercate=680719,https://photo.yupoo.com/minkang/a23868b13f/square.jpg,12
Premier League,Arsenal 2026 Tiro Competition Presentation All Weather Jacket Windbreaker S-XXL8,https://minkang.x.yupoo.com/albums/247787254?uid=1&isSubCate=false&referrercate=680719,https://photo.yupoo.com/minkang/6b88afc53d/square.jpg,13
Premier League,Arsenal 2026 Tiro Competition Presentation All Weather Jacket Windbreaker S-XXL8,https://minkang.x.yupoo.com/albums/247787254?uid=1&isSubCate=false&referrercate=680719,https://photo.yupoo.com/minkang/0c8d31562a/square.jpg,14
Premier League,Arsenal 2026 Tiro Competition Presentation All Weather Jacket Windbreaker S-XXL8,https://minkang.x.yupoo.com/albums/247787254?uid=1&isSubCate=false&referrercate=680719,https://photo.yupoo.com/minkang/809c98f1df/square.jpg,15
Premier League,Arsenal 2026 Tiro Competition Presentation All Weather Jacket Windbreaker S-XXL8,https://minkang.x.yupoo.com/albums/247787254?uid=1&isSubCate=false&referrercate=680719,https://photo.yupoo.com/minkang/fe49f53296/square.jpg,16
Premier League,Aston Villa 26/27 Home Player Version Long Sleeve Jersey S-3XL2,https://minkang.x.yupoo.com/albums/247356708?uid=1&isSubCate=false&referrercate=680719,https://photo.yupoo.com/minkang/a5feef305c/large.png,1
Premier League,Aston Villa 26/27 Home Player Version Long Sleeve Jersey S-3XL2,https://minkang.x.yupoo.com/albums/247356708?uid=1&isSubCate=false&referrercate=680719,https://photo.yupoo.com/minkang/c49b23eaa5/large.png,2
Premier League,Aston Villa 26/27 Home Player Version Long Sleeve Jersey S-3XL2,https://minkang.x.yupoo.com/albums/247356708?uid=1&isSubCate=false&referrercate=680719,https://photo.yupoo.com/minkang/c49b23eaa5/square.png,3
Premier League,Aston Villa 26/27 Home Player Version Long Sleeve Jersey S-3XL2,https://minkang.x.yupoo.com/albums/247356708?uid=1&isSubCate=false&referrercate=680719,https://photo.yupoo.com/minkang/a5feef305c/square.png,4
Premier League,Fulham 02/03 Home Retro Jersey S-XXL7,https://minkang.x.yupoo.com/albums/247187227?uid=1&isSubCate=false&referrercate=680719,https://photo.yupoo.com/minkang/e47a10e39e/large.jpg,1
Premier League,Fulham 02/03 Home Retro Jersey S-XXL7,https://minkang.x.yupoo.com/albums/247187227?uid=1&isSubCate=false&referrercate=680719,https://photo.yupoo.com/minkang/23dff66295/large.jpg,2
Premier League,Fulham 02/03 Home Retro Jersey S-XXL7,https://minkang.x.yupoo.com/albums/247187227?uid=1&isSubCate=false&referrercate=680719,https://photo.yupoo.com/minkang/1afc9362fb/large.jpg,3
Premier League,Fulham 02/03 Home Retro Jersey S-XXL7,https://minkang.x.yupoo.com/albums/247187227?uid=1&isSubCate=false&referrercate=680719,https://photo.yupoo.com/minkang/0bbf7886ce/large.jpg,4
Premier League,Fulham 02/03 Home Retro Jersey S-XXL7,https://minkang.x.yupoo.com/albums/247187227?uid=1&isSubCate=false&referrercate=680719,https://photo.yupoo.com/minkang/5c1921518c/large.jpg,5
Premier League,Fulham 02/03 Home Retro Jersey S-XXL7,https://minkang.x.yupoo.com/albums/247187227?uid=1&isSubCate=false&referrercate=680719,https://photo.yupoo.com/minkang/0781d0fc21/large.jpg,6
Premier League,Fulham 02/03 Home Retro Jersey S-XXL7,https://minkang.x.yupoo.com/albums/247187227?uid=1&isSubCate=false&referrercate=680719,https://photo.yupoo.com/minkang/0433a74280/large.jpg,7
Premier League,Fulham 02/03 Home Retro Jersey S-XXL7,https://minkang.x.yupoo.com/albums/247187227?uid=1&isSubCate=false&referrercate=680719,https://photo.yupoo.com/minkang/23dff66295/square.jpg,8
Premier League,Fulham 02/03 Home Retro Jersey S-XXL7,https://minkang.x.yupoo.com/albums/247187227?uid=1&isSubCate=false&referrercate=680719,https://photo.yupoo.com/minkang/e47a10e39e/square.jpg,9
Premier League,Fulham 02/03 Home Retro Jersey S-XXL7,https://minkang.x.yupoo.com/albums/247187227?uid=1&isSubCate=false&referrercate=680719,https://photo.yupoo.com/minkang/1afc9362fb/square.jpg,10
Premier League,Fulham 02/03 Home Retro Jersey S-XXL7,https://minkang.x.yupoo.com/albums/247187227?uid=1&isSubCate=false&referrercate=680719,https://photo.yupoo.com/minkang/0bbf7886ce/square.jpg,11
Premier League,Fulham 02/03 Home Retro Jersey S-XXL7,https://minkang.x.yupoo.com/albums/247187227?uid=1&isSubCate=false&referrercate=680719,https://photo.yupoo.com/minkang/5c1921518c/square.jpg,12
Premier League,Fulham 02/03 Home Retro Jersey S-XXL7,https://minkang.x.yupoo.com/albums/247187227?uid=1&isSubCate=false&referrercate=680719,https://photo.yupoo.com/minkang/0781d0fc21/square.jpg,13
Premier League,Fulham 02/03 Home Retro Jersey S-XXL7,https://minkang.x.yupoo.com/albums/247187227?uid=1&isSubCate=false&referrercate=680719,https://photo.yupoo.com/minkang/0433a74280/square.jpg,14
Premier League,Fulham 01/02 Home Retro Jersey S-XXL8,https://minkang.x.yupoo.com/albums/246279764?uid=1&isSubCate=false&referrercate=680719,https://photo.yupoo.com/minkang/d37fb03b13/large.jpg,1
Premier League,Fulham 01/02 Home Retro Jersey S-XXL8,https://minkang.x.yupoo.com/albums/246279764?uid=1&isSubCate=false&referrercate=680719,https://photo.yupoo.com/minkang/096344aac8/large.jpg,2
Premier League,Fulham 01/02 Home Retro Jersey S-XXL8,https://minkang.x.yupoo.com/albums/246279764?uid=1&isSubCate=false&referrercate=680719,https://photo.yupoo.com/minkang/4cb3607eb9/large.jpg,3
Premier League,Fulham 01/02 Home Retro Jersey S-XXL8,https://minkang.x.yupoo.com/albums/246279764?uid=1&isSubCate=false&referrercate=680719,https://photo.yupoo.com/minkang/2eee7f44cd/large.jpg,4
Premier League,Fulham 01/02 Home Retro Jersey S-XXL8,https://minkang.x.yupoo.com/albums/246279764?uid=1&isSubCate=false&referrercate=680719,https://photo.yupoo.com/minkang/7d226c15e4/large.jpg,5
Premier League,Fulham 01/02 Home Retro Jersey S-XXL8,https://minkang.x.yupoo.com/albums/246279764?uid=1&isSubCate=false&referrercate=680719,https://photo.yupoo.com/minkang/814cf38b36/large.jpg,6
Premier League,Fulham 01/02 Home Retro Jersey S-XXL8,https://minkang.x.yupoo.com/albums/246279764?uid=1&isSubCate=false&referrercate=680719,https://photo.yupoo.com/minkang/df2eb9438d/large.jpg,7
Premier League,Fulham 01/02 Home Retro Jersey S-XXL8,https://minkang.x.yupoo.com/albums/246279764?uid=1&isSubCate=false&referrercate=680719,https://photo.yupoo.com/minkang/a977a5394b/large.jpg,8
Premier League,Fulham 01/02 Home Retro Jersey S-XXL8,https://minkang.x.yupoo.com/albums/246279764?uid=1&isSubCate=false&referrercate=680719,https://photo.yupoo.com/minkang/096344aac8/square.jpg,9
Premier League,Fulham 01/02 Home Retro Jersey S-XXL8,https://minkang.x.yupoo.com/albums/246279764?uid=1&isSubCate=false&referrercate=680719,https://photo.yupoo.com/minkang/4cb3607eb9/square.jpg,10
Premier League,Fulham 01/02 Home Retro Jersey S-XXL8,https://minkang.x.yupoo.com/albums/246279764?uid=1&isSubCate=false&referrercate=680719,https://photo.yupoo.com/minkang/2eee7f44cd/square.jpg,11
Premier League,Fulham 01/02 Home Retro Jersey S-XXL8,https://minkang.x.yupoo.com/albums/246279764?uid=1&isSubCate=false&referrercate=680719,https://photo.yupoo.com/minkang/7d226c15e4/square.jpg,12
Premier League,Fulham 01/02 Home Retro Jersey S-XXL8,https://minkang.x.yupoo.com/albums/246279764?uid=1&isSubCate=false&referrercate=680719,https://photo.yupoo.com/minkang/814cf38b36/square.jpg,13
Premier League,Fulham 01/02 Home Retro Jersey S-XXL8,https://minkang.x.yupoo.com/albums/246279764?uid=1&isSubCate=false&referrercate=680719,https://photo.yupoo.com/minkang/df2eb9438d/square.jpg,14
Premier League,Fulham 01/02 Home Retro Jersey S-XXL8,https://minkang.x.yupoo.com/albums/246279764?uid=1&isSubCate=false&referrercate=680719,https://photo.yupoo.com/minkang/a977a5394b/square.jpg,15
Premier League,Fulham 01/02 Home Retro Jersey S-XXL8,https://minkang.x.yupoo.com/albums/246279764?uid=1&isSubCate=false&referrercate=680719,https://photo.yupoo.com/minkang/d37fb03b13/square.jpg,16
Premier League,Fulham 98/99 Home Retro Jersey S-XXL7,https://minkang.x.yupoo.com/albums/246279910?uid=1&isSubCate=false&referrercate=680719,https://photo.yupoo.com/minkang/734fc53ca6/large.jpg,1
Premier League,Fulham 98/99 Home Retro Jersey S-XXL7,https://minkang.x.yupoo.com/albums/246279910?uid=1&isSubCate=false&referrercate=680719,https://photo.yupoo.com/minkang/da959671d7/large.jpg,2
Premier League,Fulham 98/99 Home Retro Jersey S-XXL7,https://minkang.x.yupoo.com/albums/246279910?uid=1&isSubCate=false&referrercate=680719,https://photo.yupoo.com/minkang/3a875785e1/large.jpg,3
Premier League,Fulham 98/99 Home Retro Jersey S-XXL7,https://minkang.x.yupoo.com/albums/246279910?uid=1&isSubCate=false&referrercate=680719,https://photo.yupoo.com/minkang/b209ed65c4/large.jpg,4
Premier League,Fulham 98/99 Home Retro Jersey S-XXL7,https://minkang.x.yupoo.com/albums/246279910?uid=1&isSubCate=false&referrercate=680719,https://photo.yupoo.com/minkang/a3f9ca9815/large.jpg,5
Premier League,Fulham 98/99 Home Retro Jersey S-XXL7,https://minkang.x.yupoo.com/albums/246279910?uid=1&isSubCate=false&referrercate=680719,https://photo.yupoo.com/minkang/e16fe8cce9/large.jpg,6
Premier League,Fulham 98/99 Home Retro Jersey S-XXL7,https://minkang.x.yupoo.com/albums/246279910?uid=1&isSubCate=false&referrercate=680719,https://photo.yupoo.com/minkang/9b69e5e49d/large.jpg,7
Premier League,Fulham 98/99 Home Retro Jersey S-XXL7,https://minkang.x.yupoo.com/albums/246279910?uid=1&isSubCate=false&referrercate=680719,https://photo.yupoo.com/minkang/da959671d7/square.jpg,8
Premier League,Fulham 98/99 Home Retro Jersey S-XXL7,https://minkang.x.yupoo.com/albums/246279910?uid=1&isSubCate=false&referrercate=680719,https://photo.yupoo.com/minkang/3a875785e1/square.jpg,9
Premier League,Fulham 98/99 Home Retro Jersey S-XXL7,https://minkang.x.yupoo.com/albums/246279910?uid=1&isSubCate=false&referrercate=680719,https://photo.yupoo.com/minkang/b209ed65c4/square.jpg,10
Premier League,Fulham 98/99 Home Retro Jersey S-XXL7,https://minkang.x.yupoo.com/albums/246279910?uid=1&isSubCate=false&referrercate=680719,https://photo.yupoo.com/minkang/a3f9ca9815/square.jpg,11
Premier League,Fulham 98/99 Home Retro Jersey S-XXL7,https://minkang.x.yupoo.com/albums/246279910?uid=1&isSubCate=false&referrercate=680719,https://photo.yupoo.com/minkang/e16fe8cce9/square.jpg,12
Premier League,Fulham 98/99 Home Retro Jersey S-XXL7,https://minkang.x.yupoo.com/albums/246279910?uid=1&isSubCate=false&referrercate=680719,https://photo.yupoo.com/minkang/9b69e5e49d/square.jpg,13
Premier League,Fulham 98/99 Home Retro Jersey S-XXL7,https://minkang.x.yupoo.com/albums/246279910?uid=1&isSubCate=false&referrercate=680719,https://photo.yupoo.com/minkang/734fc53ca6/square.jpg,14
Premier League,Aston Villa 95/97 Away Retro Jersey S-XXL7,https://minkang.x.yupoo.com/albums/245839238?uid=1&isSubCate=false&referrercate=680719,https://photo.yupoo.com/minkang/900b46b172/large.jpg,1
Premier League,Aston Villa 95/97 Away Retro Jersey S-XXL7,https://minkang.x.yupoo.com/albums/245839238?uid=1&isSubCate=false&referrercate=680719,https://photo.yupoo.com/minkang/8075eaecdf/large.jpg,2
Premier League,Aston Villa 95/97 Away Retro Jersey S-XXL7,https://minkang.x.yupoo.com/albums/245839238?uid=1&isSubCate=false&referrercate=680719,https://photo.yupoo.com/minkang/962f00d7ab/large.jpg,3
Premier League,Aston Villa 95/97 Away Retro Jersey S-XXL7,https://minkang.x.yupoo.com/albums/245839238?uid=1&isSubCate=false&referrercate=680719,https://photo.yupoo.com/minkang/d2f209ed01/large.jpg,4
Premier League,Aston Villa 95/97 Away Retro Jersey S-XXL7,https://minkang.x.yupoo.com/albums/245839238?uid=1&isSubCate=false&referrercate=680719,https://photo.yupoo.com/minkang/76762bcb05/large.jpg,5
Premier League,Aston Villa 95/97 Away Retro Jersey S-XXL7,https://minkang.x.yupoo.com/albums/245839238?uid=1&isSubCate=false&referrercate=680719,https://photo.yupoo.com/minkang/aa948ae2f0/large.jpg,6
Premier League,Aston Villa 95/97 Away Retro Jersey S-XXL7,https://minkang.x.yupoo.com/albums/245839238?uid=1&isSubCate=false&referrercate=680719,https://photo.yupoo.com/minkang/ad79506e3b/large.jpg,7
Premier League,Aston Villa 95/97 Away Retro Jersey S-XXL7,https://minkang.x.yupoo.com/albums/245839238?uid=1&isSubCate=false&referrercate=680719,https://photo.yupoo.com/minkang/8075eaecdf/square.jpg,8
Premier League,Aston Villa 95/97 Away Retro Jersey S-XXL7,https://minkang.x.yupoo.com/albums/245839238?uid=1&isSubCate=false&referrercate=680719,https://photo.yupoo.com/minkang/900b46b172/square.jpg,9
Premier League,Aston Villa 95/97 Away Retro Jersey S-XXL7,https://minkang.x.yupoo.com/albums/245839238?uid=1&isSubCate=false&referrercate=680719,https://photo.yupoo.com/minkang/962f00d7ab/square.jpg,10
Premier League,Aston Villa 95/97 Away Retro Jersey S-XXL7,https://minkang.x.yupoo.com/albums/245839238?uid=1&isSubCate=false&referrercate=680719,https://photo.yupoo.com/minkang/d2f209ed01/square.jpg,11
Premier League,Aston Villa 95/97 Away Retro Jersey S-XXL7,https://minkang.x.yupoo.com/albums/245839238?uid=1&isSubCate=false&referrercate=680719,https://photo.yupoo.com/minkang/76762bcb05/square.jpg,12
Premier League,Aston Villa 95/97 Away Retro Jersey S-XXL7,https://minkang.x.yupoo.com/albums/245839238?uid=1&isSubCate=false&referrercate=680719,https://photo.yupoo.com/minkang/aa948ae2f0/square.jpg,13
Premier League,Aston Villa 95/97 Away Retro Jersey S-XXL7,https://minkang.x.yupoo.com/albums/245839238?uid=1&isSubCate=false&referrercate=680719,https://photo.yupoo.com/minkang/ad79506e3b/square.jpg,14
Premier League,Chelsea 13/14 Third Retro Jersey S-XXL8,https://minkang.x.yupoo.com/albums/245838616?uid=1&isSubCate=false&referrercate=680719,https://photo.yupoo.com/minkang/48e2d9ab87/large.jpg,1
Premier League,Chelsea 13/14 Third Retro Jersey S-XXL8,https://minkang.x.yupoo.com/albums/245838616?uid=1&isSubCate=false&referrercate=680719,https://photo.yupoo.com/minkang/a0496c3869/large.jpg,2
Premier League,Chelsea 13/14 Third Retro Jersey S-XXL8,https://minkang.x.yupoo.com/albums/245838616?uid=1&isSubCate=false&referrercate=680719,https://photo.yupoo.com/minkang/b961422588/large.jpg,3
Premier League,Chelsea 13/14 Third Retro Jersey S-XXL8,https://minkang.x.yupoo.com/albums/245838616?uid=1&isSubCate=false&referrercate=680719,https://photo.yupoo.com/minkang/217876b287/large.jpg,4
Premier League,Chelsea 13/14 Third Retro Jersey S-XXL8,https://minkang.x.yupoo.com/albums/245838616?uid=1&isSubCate=false&referrercate=680719,https://photo.yupoo.com/minkang/c8c8da4f4f/large.jpg,5
Premier League,Chelsea 13/14 Third Retro Jersey S-XXL8,https://minkang.x.yupoo.com/albums/245838616?uid=1&isSubCate=false&referrercate=680719,https://photo.yupoo.com/minkang/597f6a77bd/large.jpg,6
Premier League,Chelsea 13/14 Third Retro Jersey S-XXL8,https://minkang.x.yupoo.com/albums/245838616?uid=1&isSubCate=false&referrercate=680719,https://photo.yupoo.com/minkang/b06056a3a9/large.jpg,7
Premier League,Chelsea 13/14 Third Retro Jersey S-XXL8,https://minkang.x.yupoo.com/albums/245838616?uid=1&isSubCate=false&referrercate=680719,https://photo.yupoo.com/minkang/14814bf5dd/large.jpg,8
Premier League,Chelsea 13/14 Third Retro Jersey S-XXL8,https://minkang.x.yupoo.com/albums/245838616?uid=1&isSubCate=false&referrercate=680719,https://photo.yupoo.com/minkang/a0496c3869/square.jpg,9
Premier League,Chelsea 13/14 Third Retro Jersey S-XXL8,https://minkang.x.yupoo.com/albums/245838616?uid=1&isSubCate=false&referrercate=680719,https://photo.yupoo.com/minkang/48e2d9ab87/square.jpg,10
Premier League,Chelsea 13/14 Third Retro Jersey S-XXL8,https://minkang.x.yupoo.com/albums/245838616?uid=1&isSubCate=false&referrercate=680719,https://photo.yupoo.com/minkang/b961422588/square.jpg,11
Premier League,Chelsea 13/14 Third Retro Jersey S-XXL8,https://minkang.x.yupoo.com/albums/245838616?uid=1&isSubCate=false&referrercate=680719,https://photo.yupoo.com/minkang/217876b287/square.jpg,12
Premier League,Chelsea 13/14 Third Retro Jersey S-XXL8,https://minkang.x.yupoo.com/albums/245838616?uid=1&isSubCate=false&referrercate=680719,https://photo.yupoo.com/minkang/c8c8da4f4f/square.jpg,13
Premier League,Chelsea 13/14 Third Retro Jersey S-XXL8,https://minkang.x.yupoo.com/albums/245838616?uid=1&isSubCate=false&referrercate=680719,https://photo.yupoo.com/minkang/597f6a77bd/square.jpg,14
Premier League,Chelsea 13/14 Third Retro Jersey S-XXL8,https://minkang.x.yupoo.com/albums/245838616?uid=1&isSubCate=false&referrercate=680719,https://photo.yupoo.com/minkang/b06056a3a9/square.jpg,15
Premier League,Chelsea 13/14 Third Retro Jersey S-XXL8,https://minkang.x.yupoo.com/albums/245838616?uid=1&isSubCate=false&referrercate=680719,https://photo.yupoo.com/minkang/14814bf5dd/square.jpg,16
Premier League,Sheffield Wednesday 93/95 Away Retro Jersey S-XXL8,https://minkang.x.yupoo.com/albums/245626214?uid=1&isSubCate=false&referrercate=680719,https://photo.yupoo.com/minkang/8dda66cd72/large.jpg,1
Premier League,Sheffield Wednesday 93/95 Away Retro Jersey S-XXL8,https://minkang.x.yupoo.com/albums/245626214?uid=1&isSubCate=false&referrercate=680719,https://photo.yupoo.com/minkang/36cc45b229/large.jpg,2
Premier League,Sheffield Wednesday 93/95 Away Retro Jersey S-XXL8,https://minkang.x.yupoo.com/albums/245626214?uid=1&isSubCate=false&referrercate=680719,https://photo.yupoo.com/minkang/ccd7eadcc6/large.jpg,3
Premier League,Sheffield Wednesday 93/95 Away Retro Jersey S-XXL8,https://minkang.x.yupoo.com/albums/245626214?uid=1&isSubCate=false&referrercate=680719,https://photo.yupoo.com/minkang/034d5faa21/large.jpg,4
Premier League,Sheffield Wednesday 93/95 Away Retro Jersey S-XXL8,https://minkang.x.yupoo.com/albums/245626214?uid=1&isSubCate=false&referrercate=680719,https://photo.yupoo.com/minkang/036a3356f7/large.jpg,5
Premier League,Sheffield Wednesday 93/95 Away Retro Jersey S-XXL8,https://minkang.x.yupoo.com/albums/245626214?uid=1&isSubCate=false&referrercate=680719,https://photo.yupoo.com/minkang/937e028b04/large.jpg,6
Premier League,Sheffield Wednesday 93/95 Away Retro Jersey S-XXL8,https://minkang.x.yupoo.com/albums/245626214?uid=1&isSubCate=false&referrercate=680719,https://photo.yupoo.com/minkang/ad12970da3/large.jpg,7
Premier League,Sheffield Wednesday 93/95 Away Retro Jersey S-XXL8,https://minkang.x.yupoo.com/albums/245626214?uid=1&isSubCate=false&referrercate=680719,https://photo.yupoo.com/minkang/42c130206d/large.jpg,8
Premier League,Sheffield Wednesday 93/95 Away Retro Jersey S-XXL8,https://minkang.x.yupoo.com/albums/245626214?uid=1&isSubCate=false&referrercate=680719,https://photo.yupoo.com/minkang/36cc45b229/square.jpg,9
Premier League,Sheffield Wednesday 93/95 Away Retro Jersey S-XXL8,https://minkang.x.yupoo.com/albums/245626214?uid=1&isSubCate=false&referrercate=680719,https://photo.yupoo.com/minkang/8dda66cd72/square.jpg,10
Premier League,Sheffield Wednesday 93/95 Away Retro Jersey S-XXL8,https://minkang.x.yupoo.com/albums/245626214?uid=1&isSubCate=false&referrercate=680719,https://photo.yupoo.com/minkang/ccd7eadcc6/square.jpg,11
Premier League,Sheffield Wednesday 93/95 Away Retro Jersey S-XXL8,https://minkang.x.yupoo.com/albums/245626214?uid=1&isSubCate=false&referrercate=680719,https://photo.yupoo.com/minkang/034d5faa21/square.jpg,12
Premier League,Sheffield Wednesday 93/95 Away Retro Jersey S-XXL8,https://minkang.x.yupoo.com/albums/245626214?uid=1&isSubCate=false&referrercate=680719,https://photo.yupoo.com/minkang/036a3356f7/square.jpg,13
Premier League,Sheffield Wednesday 93/95 Away Retro Jersey S-XXL8,https://minkang.x.yupoo.com/albums/245626214?uid=1&isSubCate=false&referrercate=680719,https://photo.yupoo.com/minkang/937e028b04/square.jpg,14
Premier League,Sheffield Wednesday 93/95 Away Retro Jersey S-XXL8,https://minkang.x.yupoo.com/albums/245626214?uid=1&isSubCate=false&referrercate=680719,https://photo.yupoo.com/minkang/ad12970da3/square.jpg,15
Premier League,Sheffield Wednesday 93/95 Away Retro Jersey S-XXL8,https://minkang.x.yupoo.com/albums/245626214?uid=1&isSubCate=false&referrercate=680719,https://photo.yupoo.com/minkang/42c130206d/square.jpg,16
Premier League,Sheffield Wednesday 1998 Away Retro Jersey S-4XL8,https://minkang.x.yupoo.com/albums/245626184?uid=1&isSubCate=false&referrercate=680719,https://photo.yupoo.com/minkang/08fbae9e10/large.jpg,1
Premier League,Sheffield Wednesday 1998 Away Retro Jersey S-4XL8,https://minkang.x.yupoo.com/albums/245626184?uid=1&isSubCate=false&referrercate=680719,https://photo.yupoo.com/minkang/f1bf1e5052/large.jpg,2
Premier League,Sheffield Wednesday 1998 Away Retro Jersey S-4XL8,https://minkang.x.yupoo.com/albums/245626184?uid=1&isSubCate=false&referrercate=680719,https://photo.yupoo.com/minkang/52647287bf/large.jpg,3
Premier League,Sheffield Wednesday 1998 Away Retro Jersey S-4XL8,https://minkang.x.yupoo.com/albums/245626184?uid=1&isSubCate=false&referrercate=680719,https://photo.yupoo.com/minkang/95ab1a4992/large.jpg,4
Premier League,Sheffield Wednesday 1998 Away Retro Jersey S-4XL8,https://minkang.x.yupoo.com/albums/245626184?uid=1&isSubCate=false&referrercate=680719,https://photo.yupoo.com/minkang/9f5e17a422/large.jpg,5
Premier League,Sheffield Wednesday 1998 Away Retro Jersey S-4XL8,https://minkang.x.yupoo.com/albums/245626184?uid=1&isSubCate=false&referrercate=680719,https://photo.yupoo.com/minkang/70e8ed5ac2/large.jpg,6
Premier League,Sheffield Wednesday 1998 Away Retro Jersey S-4XL8,https://minkang.x.yupoo.com/albums/245626184?uid=1&isSubCate=false&referrercate=680719,https://photo.yupoo.com/minkang/21d3523ee9/large.jpg,7
Premier League,Sheffield Wednesday 1998 Away Retro Jersey S-4XL8,https://minkang.x.yupoo.com/albums/245626184?uid=1&isSubCate=false&referrercate=680719,https://photo.yupoo.com/minkang/0f1ae825d1/large.jpg,8
Premier League,Sheffield Wednesday 1998 Away Retro Jersey S-4XL8,https://minkang.x.yupoo.com/albums/245626184?uid=1&isSubCate=false&referrercate=680719,https://photo.yupoo.com/minkang/f1bf1e5052/square.jpg,9
Premier League,Sheffield Wednesday 1998 Away Retro Jersey S-4XL8,https://minkang.x.yupoo.com/albums/245626184?uid=1&isSubCate=false&referrercate=680719,https://photo.yupoo.com/minkang/08fbae9e10/square.jpg,10
Premier League,Sheffield Wednesday 1998 Away Retro Jersey S-4XL8,https://minkang.x.yupoo.com/albums/245626184?uid=1&isSubCate=false&referrercate=680719,https://photo.yupoo.com/minkang/52647287bf/square.jpg,11
Premier League,Sheffield Wednesday 1998 Away Retro Jersey S-4XL8,https://minkang.x.yupoo.com/albums/245626184?uid=1&isSubCate=false&referrercate=680719,https://photo.yupoo.com/minkang/95ab1a4992/square.jpg,12
Premier League,Sheffield Wednesday 1998 Away Retro Jersey S-4XL8,https://minkang.x.yupoo.com/albums/245626184?uid=1&isSubCate=false&referrercate=680719,https://photo.yupoo.com/minkang/9f5e17a422/square.jpg,13
Premier League,Sheffield Wednesday 1998 Away Retro Jersey S-4XL8,https://minkang.x.yupoo.com/albums/245626184?uid=1&isSubCate=false&referrercate=680719,https://photo.yupoo.com/minkang/70e8ed5ac2/square.jpg,14
Premier League,Sheffield Wednesday 1998 Away Retro Jersey S-4XL8,https://minkang.x.yupoo.com/albums/245626184?uid=1&isSubCate=false&referrercate=680719,https://photo.yupoo.com/minkang/21d3523ee9/square.jpg,15
Premier League,Sheffield Wednesday 1998 Away Retro Jersey S-4XL8,https://minkang.x.yupoo.com/albums/245626184?uid=1&isSubCate=false&referrercate=680719,https://photo.yupoo.com/minkang/0f1ae825d1/square.jpg,16
Premier League,Sheffield Wednesday 2001 Home Game Retro Jersey S-4XL8,https://minkang.x.yupoo.com/albums/245626136?uid=1&isSubCate=false&referrercate=680719,https://photo.yupoo.com/minkang/f45158c352/large.jpg,1
Premier League,Sheffield Wednesday 2001 Home Game Retro Jersey S-4XL8,https://minkang.x.yupoo.com/albums/245626136?uid=1&isSubCate=false&referrercate=680719,https://photo.yupoo.com/minkang/b1148df278/large.jpg,2
Premier League,Sheffield Wednesday 2001 Home Game Retro Jersey S-4XL8,https://minkang.x.yupoo.com/albums/245626136?uid=1&isSubCate=false&referrercate=680719,https://photo.yupoo.com/minkang/d8c3d17a81/large.jpg,3
Premier League,Sheffield Wednesday 2001 Home Game Retro Jersey S-4XL8,https://minkang.x.yupoo.com/albums/245626136?uid=1&isSubCate=false&referrercate=680719,https://photo.yupoo.com/minkang/f2c8ab6081/large.jpg,4
Premier League,Sheffield Wednesday 2001 Home Game Retro Jersey S-4XL8,https://minkang.x.yupoo.com/albums/245626136?uid=1&isSubCate=false&referrercate=680719,https://photo.yupoo.com/minkang/75d4b3356e/large.jpg,5
Premier League,Sheffield Wednesday 2001 Home Game Retro Jersey S-4XL8,https://minkang.x.yupoo.com/albums/245626136?uid=1&isSubCate=false&referrercate=680719,https://photo.yupoo.com/minkang/bb3980ad04/large.jpg,6
Premier League,Sheffield Wednesday 2001 Home Game Retro Jersey S-4XL8,https://minkang.x.yupoo.com/albums/245626136?uid=1&isSubCate=false&referrercate=680719,https://photo.yupoo.com/minkang/3639297afe/large.jpg,7
Premier League,Sheffield Wednesday 2001 Home Game Retro Jersey S-4XL8,https://minkang.x.yupoo.com/albums/245626136?uid=1&isSubCate=false&referrercate=680719,https://photo.yupoo.com/minkang/f913aff5b1/large.jpg,8
Premier League,Sheffield Wednesday 2001 Home Game Retro Jersey S-4XL8,https://minkang.x.yupoo.com/albums/245626136?uid=1&isSubCate=false&referrercate=680719,https://photo.yupoo.com/minkang/b1148df278/square.jpg,9
Premier League,Sheffield Wednesday 2001 Home Game Retro Jersey S-4XL8,https://minkang.x.yupoo.com/albums/245626136?uid=1&isSubCate=false&referrercate=680719,https://photo.yupoo.com/minkang/f45158c352/square.jpg,10
Premier League,Sheffield Wednesday 2001 Home Game Retro Jersey S-4XL8,https://minkang.x.yupoo.com/albums/245626136?uid=1&isSubCate=false&referrercate=680719,https://photo.yupoo.com/minkang/d8c3d17a81/square.jpg,11
Premier League,Sheffield Wednesday 2001 Home Game Retro Jersey S-4XL8,https://minkang.x.yupoo.com/albums/245626136?uid=1&isSubCate=false&referrercate=680719,https://photo.yupoo.com/minkang/f2c8ab6081/square.jpg,12
Premier League,Sheffield Wednesday 2001 Home Game Retro Jersey S-4XL8,https://minkang.x.yupoo.com/albums/245626136?uid=1&isSubCate=false&referrercate=680719,https://photo.yupoo.com/minkang/75d4b3356e/square.jpg,13
Premier League,Sheffield Wednesday 2001 Home Game Retro Jersey S-4XL8,https://minkang.x.yupoo.com/albums/245626136?uid=1&isSubCate=false&referrercate=680719,https://photo.yupoo.com/minkang/bb3980ad04/square.jpg,14
Premier League,Sheffield Wednesday 2001 Home Game Retro Jersey S-4XL8,https://minkang.x.yupoo.com/albums/245626136?uid=1&isSubCate=false&referrercate=680719,https://photo.yupoo.com/minkang/3639297afe/square.jpg,15
Premier League,Sheffield Wednesday 2001 Home Game Retro Jersey S-4XL8,https://minkang.x.yupoo.com/albums/245626136?uid=1&isSubCate=false&referrercate=680719,https://photo.yupoo.com/minkang/f913aff5b1/square.jpg,16
Premier League,Sheffield Wednesday 1999 Away Retro Jersey S-4XL10,https://minkang.x.yupoo.com/albums/245626107?uid=1&isSubCate=false&referrercate=680719,https://photo.yupoo.com/minkang/d696467a5b/large.jpg,1
Premier League,Sheffield Wednesday 1999 Away Retro Jersey S-4XL10,https://minkang.x.yupoo.com/albums/245626107?uid=1&isSubCate=false&referrercate=680719,https://photo.yupoo.com/minkang/463498d02d/large.jpg,2
Premier League,Sheffield Wednesday 1999 Away Retro Jersey S-4XL10,https://minkang.x.yupoo.com/albums/245626107?uid=1&isSubCate=false&referrercate=680719,https://photo.yupoo.com/minkang/828900ef20/large.jpg,3
Premier League,Sheffield Wednesday 1999 Away Retro Jersey S-4XL10,https://minkang.x.yupoo.com/albums/245626107?uid=1&isSubCate=false&referrercate=680719,https://photo.yupoo.com/minkang/ff4c3028ce/large.jpg,4
Premier League,Sheffield Wednesday 1999 Away Retro Jersey S-4XL10,https://minkang.x.yupoo.com/albums/245626107?uid=1&isSubCate=false&referrercate=680719,https://photo.yupoo.com/minkang/c428bffe23/large.jpg,5
Premier League,Sheffield Wednesday 1999 Away Retro Jersey S-4XL10,https://minkang.x.yupoo.com/albums/245626107?uid=1&isSubCate=false&referrercate=680719,https://photo.yupoo.com/minkang/efcb8b92ce/large.jpg,6
Premier League,Sheffield Wednesday 1999 Away Retro Jersey S-4XL10,https://minkang.x.yupoo.com/albums/245626107?uid=1&isSubCate=false&referrercate=680719,https://photo.yupoo.com/minkang/3b903eaf3b/large.jpg,7
Premier League,Sheffield Wednesday 1999 Away Retro Jersey S-4XL10,https://minkang.x.yupoo.com/albums/245626107?uid=1&isSubCate=false&referrercate=680719,https://photo.yupoo.com/minkang/6f0274c1b5/large.jpg,8
Premier League,Sheffield Wednesday 1999 Away Retro Jersey S-4XL10,https://minkang.x.yupoo.com/albums/245626107?uid=1&isSubCate=false&referrercate=680719,https://photo.yupoo.com/minkang/c665191a54/large.jpg,9
Premier League,Sheffield Wednesday 1999 Away Retro Jersey S-4XL10,https://minkang.x.yupoo.com/albums/245626107?uid=1&isSubCate=false&referrercate=680719,https://photo.yupoo.com/minkang/f74a096077/large.jpg,10
Premier League,Sheffield Wednesday 1999 Away Retro Jersey S-4XL10,https://minkang.x.yupoo.com/albums/245626107?uid=1&isSubCate=false&referrercate=680719,https://photo.yupoo.com/minkang/463498d02d/square.jpg,11
Premier League,Sheffield Wednesday 1999 Away Retro Jersey S-4XL10,https://minkang.x.yupoo.com/albums/245626107?uid=1&isSubCate=false&referrercate=680719,https://photo.yupoo.com/minkang/d696467a5b/square.jpg,12
Premier League,Sheffield Wednesday 1999 Away Retro Jersey S-4XL10,https://minkang.x.yupoo.com/albums/245626107?uid=1&isSubCate=false&referrercate=680719,https://photo.yupoo.com/minkang/828900ef20/square.jpg,13
Premier League,Sheffield Wednesday 1999 Away Retro Jersey S-4XL10,https://minkang.x.yupoo.com/albums/245626107?uid=1&isSubCate=false&referrercate=680719,https://photo.yupoo.com/minkang/ff4c3028ce/square.jpg,14
Premier League,Sheffield Wednesday 1999 Away Retro Jersey S-4XL10,https://minkang.x.yupoo.com/albums/245626107?uid=1&isSubCate=false&referrercate=680719,https://photo.yupoo.com/minkang/c428bffe23/square.jpg,15
Premier League,Sheffield Wednesday 1999 Away Retro Jersey S-4XL10,https://minkang.x.yupoo.com/albums/245626107?uid=1&isSubCate=false&referrercate=680719,https://photo.yupoo.com/minkang/efcb8b92ce/square.jpg,16
Premier League,Sheffield Wednesday 1999 Away Retro Jersey S-4XL10,https://minkang.x.yupoo.com/albums/245626107?uid=1&isSubCate=false&referrercate=680719,https://photo.yupoo.com/minkang/3b903eaf3b/square.jpg,17
Premier League,Sheffield Wednesday 1999 Away Retro Jersey S-4XL10,https://minkang.x.yupoo.com/albums/245626107?uid=1&isSubCate=false&referrercate=680719,https://photo.yupoo.com/minkang/6f0274c1b5/square.jpg,18
Premier League,Sheffield Wednesday 1999 Away Retro Jersey S-4XL10,https://minkang.x.yupoo.com/albums/245626107?uid=1&isSubCate=false&referrercate=680719,https://photo.yupoo.com/minkang/c665191a54/square.jpg,19
Premier League,Sheffield Wednesday 1999 Away Retro Jersey S-4XL10,https://minkang.x.yupoo.com/albums/245626107?uid=1&isSubCate=false&referrercate=680719,https://photo.yupoo.com/minkang/f74a096077/square.jpg,20
Premier League,Sheffield Wednesday 1998 Home Retro Jersey S-XXL9,https://minkang.x.yupoo.com/albums/245624437?uid=1&isSubCate=false&referrercate=680719,https://photo.yupoo.com/minkang/ed0c08c378/large.jpg,1
Premier League,Sheffield Wednesday 1998 Home Retro Jersey S-XXL9,https://minkang.x.yupoo.com/albums/245624437?uid=1&isSubCate=false&referrercate=680719,https://photo.yupoo.com/minkang/d578b0f739/large.jpg,2
Premier League,Sheffield Wednesday 1998 Home Retro Jersey S-XXL9,https://minkang.x.yupoo.com/albums/245624437?uid=1&isSubCate=false&referrercate=680719,https://photo.yupoo.com/minkang/3396c3f2ea/large.jpg,3
Premier League,Sheffield Wednesday 1998 Home Retro Jersey S-XXL9,https://minkang.x.yupoo.com/albums/245624437?uid=1&isSubCate=false&referrercate=680719,https://photo.yupoo.com/minkang/b04623e34c/large.jpg,4
Premier League,Sheffield Wednesday 1998 Home Retro Jersey S-XXL9,https://minkang.x.yupoo.com/albums/245624437?uid=1&isSubCate=false&referrercate=680719,https://photo.yupoo.com/minkang/1888130702/large.jpg,5
Premier League,Sheffield Wednesday 1998 Home Retro Jersey S-XXL9,https://minkang.x.yupoo.com/albums/245624437?uid=1&isSubCate=false&referrercate=680719,https://photo.yupoo.com/minkang/02176327b3/large.jpg,6
Premier League,Sheffield Wednesday 1998 Home Retro Jersey S-XXL9,https://minkang.x.yupoo.com/albums/245624437?uid=1&isSubCate=false&referrercate=680719,https://photo.yupoo.com/minkang/f96930d398/large.jpg,7
Premier League,Sheffield Wednesday 1998 Home Retro Jersey S-XXL9,https://minkang.x.yupoo.com/albums/245624437?uid=1&isSubCate=false&referrercate=680719,https://photo.yupoo.com/minkang/d934cd7a93/large.jpg,8
Premier League,Sheffield Wednesday 1998 Home Retro Jersey S-XXL9,https://minkang.x.yupoo.com/albums/245624437?uid=1&isSubCate=false&referrercate=680719,https://photo.yupoo.com/minkang/7baedfe889/large.jpg,9
Premier League,Sheffield Wednesday 1998 Home Retro Jersey S-XXL9,https://minkang.x.yupoo.com/albums/245624437?uid=1&isSubCate=false&referrercate=680719,https://photo.yupoo.com/minkang/d578b0f739/square.jpg,10
Premier League,Sheffield Wednesday 1998 Home Retro Jersey S-XXL9,https://minkang.x.yupoo.com/albums/245624437?uid=1&isSubCate=false&referrercate=680719,https://photo.yupoo.com/minkang/ed0c08c378/square.jpg,11
Premier League,Sheffield Wednesday 1998 Home Retro Jersey S-XXL9,https://minkang.x.yupoo.com/albums/245624437?uid=1&isSubCate=false&referrercate=680719,https://photo.yupoo.com/minkang/3396c3f2ea/square.jpg,12
Premier League,Sheffield Wednesday 1998 Home Retro Jersey S-XXL9,https://minkang.x.yupoo.com/albums/245624437?uid=1&isSubCate=false&referrercate=680719,https://photo.yupoo.com/minkang/b04623e34c/square.jpg,13
Premier League,Sheffield Wednesday 1998 Home Retro Jersey S-XXL9,https://minkang.x.yupoo.com/albums/245624437?uid=1&isSubCate=false&referrercate=680719,https://photo.yupoo.com/minkang/1888130702/square.jpg,14
Premier League,Sheffield Wednesday 1998 Home Retro Jersey S-XXL9,https://minkang.x.yupoo.com/albums/245624437?uid=1&isSubCate=false&referrercate=680719,https://photo.yupoo.com/minkang/02176327b3/square.jpg,15
Premier League,Sheffield Wednesday 1998 Home Retro Jersey S-XXL9,https://minkang.x.yupoo.com/albums/245624437?uid=1&isSubCate=false&referrercate=680719,https://photo.yupoo.com/minkang/f96930d398/square.jpg,16
Premier League,Sheffield Wednesday 1998 Home Retro Jersey S-XXL9,https://minkang.x.yupoo.com/albums/245624437?uid=1&isSubCate=false&referrercate=680719,https://photo.yupoo.com/minkang/d934cd7a93/square.jpg,17
Premier League,Sheffield Wednesday 1998 Home Retro Jersey S-XXL9,https://minkang.x.yupoo.com/albums/245624437?uid=1&isSubCate=false&referrercate=680719,https://photo.yupoo.com/minkang/7baedfe889/square.jpg,18
Premier League,Birmingham 02/03 Away Retro Jersey S-4XL7,https://minkang.x.yupoo.com/albums/245626237?uid=1&isSubCate=false&referrercate=680719,https://photo.yupoo.com/minkang/515f8a6ad7/large.jpg,1
Premier League,Birmingham 02/03 Away Retro Jersey S-4XL7,https://minkang.x.yupoo.com/albums/245626237?uid=1&isSubCate=false&referrercate=680719,https://photo.yupoo.com/minkang/45e68b1e70/large.jpg,2
Premier League,Birmingham 02/03 Away Retro Jersey S-4XL7,https://minkang.x.yupoo.com/albums/245626237?uid=1&isSubCate=false&referrercate=680719,https://photo.yupoo.com/minkang/1c5a7ef419/large.jpg,3
Premier League,Birmingham 02/03 Away Retro Jersey S-4XL7,https://minkang.x.yupoo.com/albums/245626237?uid=1&isSubCate=false&referrercate=680719,https://photo.yupoo.com/minkang/67adb8c604/large.jpg,4
Premier League,Birmingham 02/03 Away Retro Jersey S-4XL7,https://minkang.x.yupoo.com/albums/245626237?uid=1&isSubCate=false&referrercate=680719,https://photo.yupoo.com/minkang/3c29281f91/large.jpg,5
Premier League,Birmingham 02/03 Away Retro Jersey S-4XL7,https://minkang.x.yupoo.com/albums/245626237?uid=1&isSubCate=false&referrercate=680719,https://photo.yupoo.com/minkang/0b1170a6c9/large.jpg,6
Premier League,Birmingham 02/03 Away Retro Jersey S-4XL7,https://minkang.x.yupoo.com/albums/245626237?uid=1&isSubCate=false&referrercate=680719,https://photo.yupoo.com/minkang/26469968d7/large.jpg,7
Premier League,Birmingham 02/03 Away Retro Jersey S-4XL7,https://minkang.x.yupoo.com/albums/245626237?uid=1&isSubCate=false&referrercate=680719,https://photo.yupoo.com/minkang/45e68b1e70/square.jpg,8
Premier League,Birmingham 02/03 Away Retro Jersey S-4XL7,https://minkang.x.yupoo.com/albums/245626237?uid=1&isSubCate=false&referrercate=680719,https://photo.yupoo.com/minkang/515f8a6ad7/square.jpg,9
Premier League,Birmingham 02/03 Away Retro Jersey S-4XL7,https://minkang.x.yupoo.com/albums/245626237?uid=1&isSubCate=false&referrercate=680719,https://photo.yupoo.com/minkang/1c5a7ef419/square.jpg,10
Premier League,Birmingham 02/03 Away Retro Jersey S-4XL7,https://minkang.x.yupoo.com/albums/245626237?uid=1&isSubCate=false&referrercate=680719,https://photo.yupoo.com/minkang/67adb8c604/square.jpg,11
Premier League,Birmingham 02/03 Away Retro Jersey S-4XL7,https://minkang.x.yupoo.com/albums/245626237?uid=1&isSubCate=false&referrercate=680719,https://photo.yupoo.com/minkang/3c29281f91/square.jpg,12
Premier League,Birmingham 02/03 Away Retro Jersey S-4XL7,https://minkang.x.yupoo.com/albums/245626237?uid=1&isSubCate=false&referrercate=680719,https://photo.yupoo.com/minkang/0b1170a6c9/square.jpg,13
Premier League,Birmingham 02/03 Away Retro Jersey S-4XL7,https://minkang.x.yupoo.com/albums/245626237?uid=1&isSubCate=false&referrercate=680719,https://photo.yupoo.com/minkang/26469968d7/square.jpg,14
Premier League,Sunderland Patrick 86/87 Away Retro Jersey S-XXL6,https://minkang.x.yupoo.com/albums/245626198?uid=1&isSubCate=false&referrercate=680719,https://photo.yupoo.com/minkang/54253d13c6/large.jpg,1
Premier League,Sunderland Patrick 86/87 Away Retro Jersey S-XXL6,https://minkang.x.yupoo.com/albums/245626198?uid=1&isSubCate=false&referrercate=680719,https://photo.yupoo.com/minkang/d6f85ce8b7/large.jpg,2
Premier League,Sunderland Patrick 86/87 Away Retro Jersey S-XXL6,https://minkang.x.yupoo.com/albums/245626198?uid=1&isSubCate=false&referrercate=680719,https://photo.yupoo.com/minkang/29ff0b3c2f/large.jpg,3
Premier League,Sunderland Patrick 86/87 Away Retro Jersey S-XXL6,https://minkang.x.yupoo.com/albums/245626198?uid=1&isSubCate=false&referrercate=680719,https://photo.yupoo.com/minkang/c9d97145b8/large.jpg,4
Premier League,Sunderland Patrick 86/87 Away Retro Jersey S-XXL6,https://minkang.x.yupoo.com/albums/245626198?uid=1&isSubCate=false&referrercate=680719,https://photo.yupoo.com/minkang/e87f754e00/large.jpg,5
Premier League,Sunderland Patrick 86/87 Away Retro Jersey S-XXL6,https://minkang.x.yupoo.com/albums/245626198?uid=1&isSubCate=false&referrercate=680719,https://photo.yupoo.com/minkang/80f792dae7/large.jpg,6
Premier League,Sunderland Patrick 86/87 Away Retro Jersey S-XXL6,https://minkang.x.yupoo.com/albums/245626198?uid=1&isSubCate=false&referrercate=680719,https://photo.yupoo.com/minkang/d6f85ce8b7/square.jpg,7
Premier League,Sunderland Patrick 86/87 Away Retro Jersey S-XXL6,https://minkang.x.yupoo.com/albums/245626198?uid=1&isSubCate=false&referrercate=680719,https://photo.yupoo.com/minkang/54253d13c6/square.jpg,8
Premier League,Sunderland Patrick 86/87 Away Retro Jersey S-XXL6,https://minkang.x.yupoo.com/albums/245626198?uid=1&isSubCate=false&referrercate=680719,https://photo.yupoo.com/minkang/29ff0b3c2f/square.jpg,9
Premier League,Sunderland Patrick 86/87 Away Retro Jersey S-XXL6,https://minkang.x.yupoo.com/albums/245626198?uid=1&isSubCate=false&referrercate=680719,https://photo.yupoo.com/minkang/c9d97145b8/square.jpg,10
Premier League,Sunderland Patrick 86/87 Away Retro Jersey S-XXL6,https://minkang.x.yupoo.com/albums/245626198?uid=1&isSubCate=false&referrercate=680719,https://photo.yupoo.com/minkang/e87f754e00/square.jpg,11
Premier League,Sunderland Patrick 86/87 Away Retro Jersey S-XXL6,https://minkang.x.yupoo.com/albums/245626198?uid=1&isSubCate=false&referrercate=680719,https://photo.yupoo.com/minkang/80f792dae7/square.jpg,12
Premier League,Aston Villa 1998 Home Stadium Retro Jersey S-XXL7,https://minkang.x.yupoo.com/albums/245626176?uid=1&isSubCate=false&referrercate=680719,https://photo.yupoo.com/minkang/eea74d35b1/large.jpg,1
Premier League,Aston Villa 1998 Home Stadium Retro Jersey S-XXL7,https://minkang.x.yupoo.com/albums/245626176?uid=1&isSubCate=false&referrercate=680719,https://photo.yupoo.com/minkang/3276d0ab00/large.jpg,2
Premier League,Aston Villa 1998 Home Stadium Retro Jersey S-XXL7,https://minkang.x.yupoo.com/albums/245626176?uid=1&isSubCate=false&referrercate=680719,https://photo.yupoo.com/minkang/8ba13497ec/large.jpg,3
Premier League,Aston Villa 1998 Home Stadium Retro Jersey S-XXL7,https://minkang.x.yupoo.com/albums/245626176?uid=1&isSubCate=false&referrercate=680719,https://photo.yupoo.com/minkang/8d877c2bb7/large.jpg,4
Premier League,Aston Villa 1998 Home Stadium Retro Jersey S-XXL7,https://minkang.x.yupoo.com/albums/245626176?uid=1&isSubCate=false&referrercate=680719,https://photo.yupoo.com/minkang/7034217320/large.jpg,5
Premier League,Aston Villa 1998 Home Stadium Retro Jersey S-XXL7,https://minkang.x.yupoo.com/albums/245626176?uid=1&isSubCate=false&referrercate=680719,https://photo.yupoo.com/minkang/7cad25999d/large.jpg,6
Premier League,Aston Villa 1998 Home Stadium Retro Jersey S-XXL7,https://minkang.x.yupoo.com/albums/245626176?uid=1&isSubCate=false&referrercate=680719,https://photo.yupoo.com/minkang/5271341874/large.jpg,7
Premier League,Aston Villa 1998 Home Stadium Retro Jersey S-XXL7,https://minkang.x.yupoo.com/albums/245626176?uid=1&isSubCate=false&referrercate=680719,https://photo.yupoo.com/minkang/3276d0ab00/square.jpg,8
Premier League,Aston Villa 1998 Home Stadium Retro Jersey S-XXL7,https://minkang.x.yupoo.com/albums/245626176?uid=1&isSubCate=false&referrercate=680719,https://photo.yupoo.com/minkang/eea74d35b1/square.jpg,9
Premier League,Aston Villa 1998 Home Stadium Retro Jersey S-XXL7,https://minkang.x.yupoo.com/albums/245626176?uid=1&isSubCate=false&referrercate=680719,https://photo.yupoo.com/minkang/8ba13497ec/square.jpg,10
Premier League,Aston Villa 1998 Home Stadium Retro Jersey S-XXL7,https://minkang.x.yupoo.com/albums/245626176?uid=1&isSubCate=false&referrercate=680719,https://photo.yupoo.com/minkang/8d877c2bb7/square.jpg,11
Premier League,Aston Villa 1998 Home Stadium Retro Jersey S-XXL7,https://minkang.x.yupoo.com/albums/245626176?uid=1&isSubCate=false&referrercate=680719,https://photo.yupoo.com/minkang/7034217320/square.jpg,12
Premier League,Aston Villa 1998 Home Stadium Retro Jersey S-XXL7,https://minkang.x.yupoo.com/albums/245626176?uid=1&isSubCate=false&referrercate=680719,https://photo.yupoo.com/minkang/7cad25999d/square.jpg,13
Premier League,Aston Villa 1998 Home Stadium Retro Jersey S-XXL7,https://minkang.x.yupoo.com/albums/245626176?uid=1&isSubCate=false&referrercate=680719,https://photo.yupoo.com/minkang/5271341874/square.jpg,14
Premier League,Birmingham 92/93 Blue Retro Jersey S-4XL6,https://minkang.x.yupoo.com/albums/245626161?uid=1&isSubCate=false&referrercate=680719,https://photo.yupoo.com/minkang/bc8bd170ec/large.jpg,1
Premier League,Birmingham 92/93 Blue Retro Jersey S-4XL6,https://minkang.x.yupoo.com/albums/245626161?uid=1&isSubCate=false&referrercate=680719,https://photo.yupoo.com/minkang/ce76dd29c2/large.jpg,2
Premier League,Birmingham 92/93 Blue Retro Jersey S-4XL6,https://minkang.x.yupoo.com/albums/245626161?uid=1&isSubCate=false&referrercate=680719,https://photo.yupoo.com/minkang/b629a10620/large.jpg,3
Premier League,Birmingham 92/93 Blue Retro Jersey S-4XL6,https://minkang.x.yupoo.com/albums/245626161?uid=1&isSubCate=false&referrercate=680719,https://photo.yupoo.com/minkang/f2ace8ff20/large.jpg,4
Premier League,Birmingham 92/93 Blue Retro Jersey S-4XL6,https://minkang.x.yupoo.com/albums/245626161?uid=1&isSubCate=false&referrercate=680719,https://photo.yupoo.com/minkang/ec044511af/large.jpg,5
Premier League,Birmingham 92/93 Blue Retro Jersey S-4XL6,https://minkang.x.yupoo.com/albums/245626161?uid=1&isSubCate=false&referrercate=680719,https://photo.yupoo.com/minkang/9cebb1cd71/large.jpg,6
Premier League,Birmingham 92/93 Blue Retro Jersey S-4XL6,https://minkang.x.yupoo.com/albums/245626161?uid=1&isSubCate=false&referrercate=680719,https://photo.yupoo.com/minkang/ce76dd29c2/square.jpg,7
Premier League,Birmingham 92/93 Blue Retro Jersey S-4XL6,https://minkang.x.yupoo.com/albums/245626161?uid=1&isSubCate=false&referrercate=680719,https://photo.yupoo.com/minkang/bc8bd170ec/square.jpg,8
Premier League,Birmingham 92/93 Blue Retro Jersey S-4XL6,https://minkang.x.yupoo.com/albums/245626161?uid=1&isSubCate=false&referrercate=680719,https://photo.yupoo.com/minkang/b629a10620/square.jpg,9
Premier League,Birmingham 92/93 Blue Retro Jersey S-4XL6,https://minkang.x.yupoo.com/albums/245626161?uid=1&isSubCate=false&referrercate=680719,https://photo.yupoo.com/minkang/f2ace8ff20/square.jpg,10
Premier League,Birmingham 92/93 Blue Retro Jersey S-4XL6,https://minkang.x.yupoo.com/albums/245626161?uid=1&isSubCate=false&referrercate=680719,https://photo.yupoo.com/minkang/ec044511af/square.jpg,11
Premier League,Birmingham 92/93 Blue Retro Jersey S-4XL6,https://minkang.x.yupoo.com/albums/245626161?uid=1&isSubCate=false&referrercate=680719,https://photo.yupoo.com/minkang/9cebb1cd71/square.jpg,12
Premier League,Coventry 98/99 Away Retro Jersey S-4XL7,https://minkang.x.yupoo.com/albums/245626084?uid=1&isSubCate=false&referrercate=680719,https://photo.yupoo.com/minkang/e3f2473d86/large.jpg,1
Premier League,Coventry 98/99 Away Retro Jersey S-4XL7,https://minkang.x.yupoo.com/albums/245626084?uid=1&isSubCate=false&referrercate=680719,https://photo.yupoo.com/minkang/c243518543/large.jpg,2
Premier League,Coventry 98/99 Away Retro Jersey S-4XL7,https://minkang.x.yupoo.com/albums/245626084?uid=1&isSubCate=false&referrercate=680719,https://photo.yupoo.com/minkang/002de2d1a1/large.jpg,3
Premier League,Coventry 98/99 Away Retro Jersey S-4XL7,https://minkang.x.yupoo.com/albums/245626084?uid=1&isSubCate=false&referrercate=680719,https://photo.yupoo.com/minkang/2af663ec95/large.jpg,4
Premier League,Coventry 98/99 Away Retro Jersey S-4XL7,https://minkang.x.yupoo.com/albums/245626084?uid=1&isSubCate=false&referrercate=680719,https://photo.yupoo.com/minkang/b5eba371ce/large.jpg,5
Premier League,Coventry 98/99 Away Retro Jersey S-4XL7,https://minkang.x.yupoo.com/albums/245626084?uid=1&isSubCate=false&referrercate=680719,https://photo.yupoo.com/minkang/b20a20b804/large.jpg,6
Premier League,Coventry 98/99 Away Retro Jersey S-4XL7,https://minkang.x.yupoo.com/albums/245626084?uid=1&isSubCate=false&referrercate=680719,https://photo.yupoo.com/minkang/f78aa5be26/large.jpg,7
Premier League,Coventry 98/99 Away Retro Jersey S-4XL7,https://minkang.x.yupoo.com/albums/245626084?uid=1&isSubCate=false&referrercate=680719,https://photo.yupoo.com/minkang/c243518543/square.jpg,8
Premier League,Coventry 98/99 Away Retro Jersey S-4XL7,https://minkang.x.yupoo.com/albums/245626084?uid=1&isSubCate=false&referrercate=680719,https://photo.yupoo.com/minkang/e3f2473d86/square.jpg,9
Premier League,Coventry 98/99 Away Retro Jersey S-4XL7,https://minkang.x.yupoo.com/albums/245626084?uid=1&isSubCate=false&referrercate=680719,https://photo.yupoo.com/minkang/002de2d1a1/square.jpg,10
Premier League,Coventry 98/99 Away Retro Jersey S-4XL7,https://minkang.x.yupoo.com/albums/245626084?uid=1&isSubCate=false&referrercate=680719,https://photo.yupoo.com/minkang/2af663ec95/square.jpg,11
Premier League,Coventry 98/99 Away Retro Jersey S-4XL7,https://minkang.x.yupoo.com/albums/245626084?uid=1&isSubCate=false&referrercate=680719,https://photo.yupoo.com/minkang/b5eba371ce/square.jpg,12
Premier League,Coventry 98/99 Away Retro Jersey S-4XL7,https://minkang.x.yupoo.com/albums/245626084?uid=1&isSubCate=false&referrercate=680719,https://photo.yupoo.com/minkang/b20a20b804/square.jpg,13
Premier League,Coventry 98/99 Away Retro Jersey S-4XL7,https://minkang.x.yupoo.com/albums/245626084?uid=1&isSubCate=false&referrercate=680719,https://photo.yupoo.com/minkang/f78aa5be26/square.jpg,14
Premier League,Derby County 95/96 Home Retro Jersey S-4XL7,https://minkang.x.yupoo.com/albums/245626065?uid=1&isSubCate=false&referrercate=680719,https://photo.yupoo.com/minkang/11c7486e09/large.jpg,1
Premier League,Derby County 95/96 Home Retro Jersey S-4XL7,https://minkang.x.yupoo.com/albums/245626065?uid=1&isSubCate=false&referrercate=680719,https://photo.yupoo.com/minkang/b6ebf8cf51/large.jpg,2
Premier League,Derby County 95/96 Home Retro Jersey S-4XL7,https://minkang.x.yupoo.com/albums/245626065?uid=1&isSubCate=false&referrercate=680719,https://photo.yupoo.com/minkang/3a64beda07/large.jpg,3
Premier League,Derby County 95/96 Home Retro Jersey S-4XL7,https://minkang.x.yupoo.com/albums/245626065?uid=1&isSubCate=false&referrercate=680719,https://photo.yupoo.com/minkang/aa20374456/large.jpg,4
Premier League,Derby County 95/96 Home Retro Jersey S-4XL7,https://minkang.x.yupoo.com/albums/245626065?uid=1&isSubCate=false&referrercate=680719,https://photo.yupoo.com/minkang/f7b298be0d/large.jpg,5
Premier League,Derby County 95/96 Home Retro Jersey S-4XL7,https://minkang.x.yupoo.com/albums/245626065?uid=1&isSubCate=false&referrercate=680719,https://photo.yupoo.com/minkang/87b039b642/large.jpg,6
Premier League,Derby County 95/96 Home Retro Jersey S-4XL7,https://minkang.x.yupoo.com/albums/245626065?uid=1&isSubCate=false&referrercate=680719,https://photo.yupoo.com/minkang/ce80d6a09d/large.jpg,7
Premier League,Derby County 95/96 Home Retro Jersey S-4XL7,https://minkang.x.yupoo.com/albums/245626065?uid=1&isSubCate=false&referrercate=680719,https://photo.yupoo.com/minkang/b6ebf8cf51/square.jpg,8
Premier League,Derby County 95/96 Home Retro Jersey S-4XL7,https://minkang.x.yupoo.com/albums/245626065?uid=1&isSubCate=false&referrercate=680719,https://photo.yupoo.com/minkang/11c7486e09/square.jpg,9
Premier League,Derby County 95/96 Home Retro Jersey S-4XL7,https://minkang.x.yupoo.com/albums/245626065?uid=1&isSubCate=false&referrercate=680719,https://photo.yupoo.com/minkang/3a64beda07/square.jpg,10
Premier League,Derby County 95/96 Home Retro Jersey S-4XL7,https://minkang.x.yupoo.com/albums/245626065?uid=1&isSubCate=false&referrercate=680719,https://photo.yupoo.com/minkang/aa20374456/square.jpg,11
Premier League,Derby County 95/96 Home Retro Jersey S-4XL7,https://minkang.x.yupoo.com/albums/245626065?uid=1&isSubCate=false&referrercate=680719,https://photo.yupoo.com/minkang/f7b298be0d/square.jpg,12
Premier League,Derby County 95/96 Home Retro Jersey S-4XL7,https://minkang.x.yupoo.com/albums/245626065?uid=1&isSubCate=false&referrercate=680719,https://photo.yupoo.com/minkang/87b039b642/square.jpg,13
Premier League,Derby County 95/96 Home Retro Jersey S-4XL7,https://minkang.x.yupoo.com/albums/245626065?uid=1&isSubCate=false&referrercate=680719,https://photo.yupoo.com/minkang/ce80d6a09d/square.jpg,14
Premier League,Sunderland Patrick 86/87 Home Retro Jersey S-XXL6,https://minkang.x.yupoo.com/albums/245625908?uid=1&isSubCate=false&referrercate=680719,https://photo.yupoo.com/minkang/6685ce81ae/large.jpg,1
Premier League,Sunderland Patrick 86/87 Home Retro Jersey S-XXL6,https://minkang.x.yupoo.com/albums/245625908?uid=1&isSubCate=false&referrercate=680719,https://photo.yupoo.com/minkang/3c8af5a855/large.jpg,2
Premier League,Sunderland Patrick 86/87 Home Retro Jersey S-XXL6,https://minkang.x.yupoo.com/albums/245625908?uid=1&isSubCate=false&referrercate=680719,https://photo.yupoo.com/minkang/156506b10c/large.jpg,3
Premier League,Sunderland Patrick 86/87 Home Retro Jersey S-XXL6,https://minkang.x.yupoo.com/albums/245625908?uid=1&isSubCate=false&referrercate=680719,https://photo.yupoo.com/minkang/d4d2d15d1f/large.jpg,4
Premier League,Sunderland Patrick 86/87 Home Retro Jersey S-XXL6,https://minkang.x.yupoo.com/albums/245625908?uid=1&isSubCate=false&referrercate=680719,https://photo.yupoo.com/minkang/b98cf3ea33/large.jpg,5
Premier League,Sunderland Patrick 86/87 Home Retro Jersey S-XXL6,https://minkang.x.yupoo.com/albums/245625908?uid=1&isSubCate=false&referrercate=680719,https://photo.yupoo.com/minkang/aeedc57ae4/large.jpg,6
Premier League,Sunderland Patrick 86/87 Home Retro Jersey S-XXL6,https://minkang.x.yupoo.com/albums/245625908?uid=1&isSubCate=false&referrercate=680719,https://photo.yupoo.com/minkang/3c8af5a855/square.jpg,7
Premier League,Sunderland Patrick 86/87 Home Retro Jersey S-XXL6,https://minkang.x.yupoo.com/albums/245625908?uid=1&isSubCate=false&referrercate=680719,https://photo.yupoo.com/minkang/6685ce81ae/square.jpg,8
Premier League,Sunderland Patrick 86/87 Home Retro Jersey S-XXL6,https://minkang.x.yupoo.com/albums/245625908?uid=1&isSubCate=false&referrercate=680719,https://photo.yupoo.com/minkang/156506b10c/square.jpg,9
Premier League,Sunderland Patrick 86/87 Home Retro Jersey S-XXL6,https://minkang.x.yupoo.com/albums/245625908?uid=1&isSubCate=false&referrercate=680719,https://photo.yupoo.com/minkang/d4d2d15d1f/square.jpg,10
Premier League,Sunderland Patrick 86/87 Home Retro Jersey S-XXL6,https://minkang.x.yupoo.com/albums/245625908?uid=1&isSubCate=false&referrercate=680719,https://photo.yupoo.com/minkang/b98cf3ea33/square.jpg,11
Premier League,Sunderland Patrick 86/87 Home Retro Jersey S-XXL6,https://minkang.x.yupoo.com/albums/245625908?uid=1&isSubCate=false&referrercate=680719,https://photo.yupoo.com/minkang/aeedc57ae4/square.jpg,12
Premier League,Coventry 98/99 Home Retro Jersey S-4XL8,https://minkang.x.yupoo.com/albums/245624463?uid=1&isSubCate=false&referrercate=680719,https://photo.yupoo.com/minkang/21d3b8ffac/large.jpg,1
Premier League,Coventry 98/99 Home Retro Jersey S-4XL8,https://minkang.x.yupoo.com/albums/245624463?uid=1&isSubCate=false&referrercate=680719,https://photo.yupoo.com/minkang/e2199c69df/large.jpg,2
Premier League,Coventry 98/99 Home Retro Jersey S-4XL8,https://minkang.x.yupoo.com/albums/245624463?uid=1&isSubCate=false&referrercate=680719,https://photo.yupoo.com/minkang/a58aae9a9d/large.jpg,3
Premier League,Coventry 98/99 Home Retro Jersey S-4XL8,https://minkang.x.yupoo.com/albums/245624463?uid=1&isSubCate=false&referrercate=680719,https://photo.yupoo.com/minkang/415bda44f3/large.jpg,4
Premier League,Coventry 98/99 Home Retro Jersey S-4XL8,https://minkang.x.yupoo.com/albums/245624463?uid=1&isSubCate=false&referrercate=680719,https://photo.yupoo.com/minkang/1882074bff/large.jpg,5
Premier League,Coventry 98/99 Home Retro Jersey S-4XL8,https://minkang.x.yupoo.com/albums/245624463?uid=1&isSubCate=false&referrercate=680719,https://photo.yupoo.com/minkang/76b6a14510/large.jpg,6
Premier League,Coventry 98/99 Home Retro Jersey S-4XL8,https://minkang.x.yupoo.com/albums/245624463?uid=1&isSubCate=false&referrercate=680719,https://photo.yupoo.com/minkang/a7f9064c26/large.jpg,7
Premier League,Coventry 98/99 Home Retro Jersey S-4XL8,https://minkang.x.yupoo.com/albums/245624463?uid=1&isSubCate=false&referrercate=680719,https://photo.yupoo.com/minkang/3177bf5410/large.jpg,8
Premier League,Coventry 98/99 Home Retro Jersey S-4XL8,https://minkang.x.yupoo.com/albums/245624463?uid=1&isSubCate=false&referrercate=680719,https://photo.yupoo.com/minkang/e2199c69df/square.jpg,9
Premier League,Coventry 98/99 Home Retro Jersey S-4XL8,https://minkang.x.yupoo.com/albums/245624463?uid=1&isSubCate=false&referrercate=680719,https://photo.yupoo.com/minkang/21d3b8ffac/square.jpg,10
Premier League,Coventry 98/99 Home Retro Jersey S-4XL8,https://minkang.x.yupoo.com/albums/245624463?uid=1&isSubCate=false&referrercate=680719,https://photo.yupoo.com/minkang/a58aae9a9d/square.jpg,11
Premier League,Coventry 98/99 Home Retro Jersey S-4XL8,https://minkang.x.yupoo.com/albums/245624463?uid=1&isSubCate=false&referrercate=680719,https://photo.yupoo.com/minkang/415bda44f3/square.jpg,12
Premier League,Coventry 98/99 Home Retro Jersey S-4XL8,https://minkang.x.yupoo.com/albums/245624463?uid=1&isSubCate=false&referrercate=680719,https://photo.yupoo.com/minkang/1882074bff/square.jpg,13
Premier League,Coventry 98/99 Home Retro Jersey S-4XL8,https://minkang.x.yupoo.com/albums/245624463?uid=1&isSubCate=false&referrercate=680719,https://photo.yupoo.com/minkang/76b6a14510/square.jpg,14
Premier League,Coventry 98/99 Home Retro Jersey S-4XL8,https://minkang.x.yupoo.com/albums/245624463?uid=1&isSubCate=false&referrercate=680719,https://photo.yupoo.com/minkang/a7f9064c26/square.jpg,15
Premier League,Coventry 98/99 Home Retro Jersey S-4XL8,https://minkang.x.yupoo.com/albums/245624463?uid=1&isSubCate=false&referrercate=680719,https://photo.yupoo.com/minkang/3177bf5410/square.jpg,16
Premier League,Sunderland 1991 Home Retro Jersey S-XXL7,https://minkang.x.yupoo.com/albums/245506038?uid=1&isSubCate=false&referrercate=680719,https://photo.yupoo.com/minkang/3178d09e8b/large.jpg,1
Premier League,Sunderland 1991 Home Retro Jersey S-XXL7,https://minkang.x.yupoo.com/albums/245506038?uid=1&isSubCate=false&referrercate=680719,https://photo.yupoo.com/minkang/4a84b6da6c/large.jpg,2
Premier League,Sunderland 1991 Home Retro Jersey S-XXL7,https://minkang.x.yupoo.com/albums/245506038?uid=1&isSubCate=false&referrercate=680719,https://photo.yupoo.com/minkang/2501c0a4db/large.jpg,3
Premier League,Sunderland 1991 Home Retro Jersey S-XXL7,https://minkang.x.yupoo.com/albums/245506038?uid=1&isSubCate=false&referrercate=680719,https://photo.yupoo.com/minkang/641d8d3c6a/large.jpg,4
Premier League,Sunderland 1991 Home Retro Jersey S-XXL7,https://minkang.x.yupoo.com/albums/245506038?uid=1&isSubCate=false&referrercate=680719,https://photo.yupoo.com/minkang/5d2715b28b/large.jpg,5
Premier League,Sunderland 1991 Home Retro Jersey S-XXL7,https://minkang.x.yupoo.com/albums/245506038?uid=1&isSubCate=false&referrercate=680719,https://photo.yupoo.com/minkang/e0db385715/large.jpg,6
Premier League,Sunderland 1991 Home Retro Jersey S-XXL7,https://minkang.x.yupoo.com/albums/245506038?uid=1&isSubCate=false&referrercate=680719,https://photo.yupoo.com/minkang/851bdd3369/large.jpg,7
Premier League,Sunderland 1991 Home Retro Jersey S-XXL7,https://minkang.x.yupoo.com/albums/245506038?uid=1&isSubCate=false&referrercate=680719,https://photo.yupoo.com/minkang/4a84b6da6c/square.jpg,8
Premier League,Sunderland 1991 Home Retro Jersey S-XXL7,https://minkang.x.yupoo.com/albums/245506038?uid=1&isSubCate=false&referrercate=680719,https://photo.yupoo.com/minkang/3178d09e8b/square.jpg,9
Premier League,Sunderland 1991 Home Retro Jersey S-XXL7,https://minkang.x.yupoo.com/albums/245506038?uid=1&isSubCate=false&referrercate=680719,https://photo.yupoo.com/minkang/2501c0a4db/square.jpg,10
Premier League,Sunderland 1991 Home Retro Jersey S-XXL7,https://minkang.x.yupoo.com/albums/245506038?uid=1&isSubCate=false&referrercate=680719,https://photo.yupoo.com/minkang/641d8d3c6a/square.jpg,11
Premier League,Sunderland 1991 Home Retro Jersey S-XXL7,https://minkang.x.yupoo.com/albums/245506038?uid=1&isSubCate=false&referrercate=680719,https://photo.yupoo.com/minkang/5d2715b28b/square.jpg,12
Premier League,Sunderland 1991 Home Retro Jersey S-XXL7,https://minkang.x.yupoo.com/albums/245506038?uid=1&isSubCate=false&referrercate=680719,https://photo.yupoo.com/minkang/e0db385715/square.jpg,13
Premier League,Sunderland 1991 Home Retro Jersey S-XXL7,https://minkang.x.yupoo.com/albums/245506038?uid=1&isSubCate=false&referrercate=680719,https://photo.yupoo.com/minkang/851bdd3369/square.jpg,14
Premier League,Birmingham 84/85 Away Retro Jersey S-XXL7,https://minkang.x.yupoo.com/albums/245506059?uid=1&isSubCate=false&referrercate=680719,https://photo.yupoo.com/minkang/3d3671112d/large.jpg,1
Premier League,Birmingham 84/85 Away Retro Jersey S-XXL7,https://minkang.x.yupoo.com/albums/245506059?uid=1&isSubCate=false&referrercate=680719,https://photo.yupoo.com/minkang/cdbac816c8/large.jpg,2
Premier League,Birmingham 84/85 Away Retro Jersey S-XXL7,https://minkang.x.yupoo.com/albums/245506059?uid=1&isSubCate=false&referrercate=680719,https://photo.yupoo.com/minkang/c5a558b0d0/large.jpg,3
Premier League,Birmingham 84/85 Away Retro Jersey S-XXL7,https://minkang.x.yupoo.com/albums/245506059?uid=1&isSubCate=false&referrercate=680719,https://photo.yupoo.com/minkang/121b8dcd29/large.jpg,4
Premier League,Birmingham 84/85 Away Retro Jersey S-XXL7,https://minkang.x.yupoo.com/albums/245506059?uid=1&isSubCate=false&referrercate=680719,https://photo.yupoo.com/minkang/4e6c117ec3/large.jpg,5
Premier League,Birmingham 84/85 Away Retro Jersey S-XXL7,https://minkang.x.yupoo.com/albums/245506059?uid=1&isSubCate=false&referrercate=680719,https://photo.yupoo.com/minkang/786b98ac78/large.jpg,6
Premier League,Birmingham 84/85 Away Retro Jersey S-XXL7,https://minkang.x.yupoo.com/albums/245506059?uid=1&isSubCate=false&referrercate=680719,https://photo.yupoo.com/minkang/3a8dff830a/large.jpg,7
Premier League,Birmingham 84/85 Away Retro Jersey S-XXL7,https://minkang.x.yupoo.com/albums/245506059?uid=1&isSubCate=false&referrercate=680719,https://photo.yupoo.com/minkang/cdbac816c8/square.jpg,8
Premier League,Birmingham 84/85 Away Retro Jersey S-XXL7,https://minkang.x.yupoo.com/albums/245506059?uid=1&isSubCate=false&referrercate=680719,https://photo.yupoo.com/minkang/3d3671112d/square.jpg,9
Premier League,Birmingham 84/85 Away Retro Jersey S-XXL7,https://minkang.x.yupoo.com/albums/245506059?uid=1&isSubCate=false&referrercate=680719,https://photo.yupoo.com/minkang/c5a558b0d0/square.jpg,10
Premier League,Birmingham 84/85 Away Retro Jersey S-XXL7,https://minkang.x.yupoo.com/albums/245506059?uid=1&isSubCate=false&referrercate=680719,https://photo.yupoo.com/minkang/121b8dcd29/square.jpg,11
Premier League,Birmingham 84/85 Away Retro Jersey S-XXL7,https://minkang.x.yupoo.com/albums/245506059?uid=1&isSubCate=false&referrercate=680719,https://photo.yupoo.com/minkang/4e6c117ec3/square.jpg,12
Premier League,Birmingham 84/85 Away Retro Jersey S-XXL7,https://minkang.x.yupoo.com/albums/245506059?uid=1&isSubCate=false&referrercate=680719,https://photo.yupoo.com/minkang/786b98ac78/square.jpg,13
Premier League,Birmingham 84/85 Away Retro Jersey S-XXL7,https://minkang.x.yupoo.com/albums/245506059?uid=1&isSubCate=false&referrercate=680719,https://photo.yupoo.com/minkang/3a8dff830a/square.jpg,14
Premier League,Birmingham 02/03 Home Retro Jersey S-4XL7,https://minkang.x.yupoo.com/albums/245506063?uid=1&isSubCate=false&referrercate=680719,https://photo.yupoo.com/minkang/5840a8c48b/large.jpg,1
Premier League,Birmingham 02/03 Home Retro Jersey S-4XL7,https://minkang.x.yupoo.com/albums/245506063?uid=1&isSubCate=false&referrercate=680719,https://photo.yupoo.com/minkang/ed6d780ce2/large.jpg,2
Premier League,Birmingham 02/03 Home Retro Jersey S-4XL7,https://minkang.x.yupoo.com/albums/245506063?uid=1&isSubCate=false&referrercate=680719,https://photo.yupoo.com/minkang/16e2003571/large.jpg,3
Premier League,Birmingham 02/03 Home Retro Jersey S-4XL7,https://minkang.x.yupoo.com/albums/245506063?uid=1&isSubCate=false&referrercate=680719,https://photo.yupoo.com/minkang/5999465606/large.jpg,4
Premier League,Birmingham 02/03 Home Retro Jersey S-4XL7,https://minkang.x.yupoo.com/albums/245506063?uid=1&isSubCate=false&referrercate=680719,https://photo.yupoo.com/minkang/b40010c53a/large.jpg,5
Premier League,Birmingham 02/03 Home Retro Jersey S-4XL7,https://minkang.x.yupoo.com/albums/245506063?uid=1&isSubCate=false&referrercate=680719,https://photo.yupoo.com/minkang/df006d20b8/large.jpg,6
Premier League,Birmingham 02/03 Home Retro Jersey S-4XL7,https://minkang.x.yupoo.com/albums/245506063?uid=1&isSubCate=false&referrercate=680719,https://photo.yupoo.com/minkang/ebab6331b7/large.jpg,7
Premier League,Birmingham 02/03 Home Retro Jersey S-4XL7,https://minkang.x.yupoo.com/albums/245506063?uid=1&isSubCate=false&referrercate=680719,https://photo.yupoo.com/minkang/ed6d780ce2/square.jpg,8
Premier League,Birmingham 02/03 Home Retro Jersey S-4XL7,https://minkang.x.yupoo.com/albums/245506063?uid=1&isSubCate=false&referrercate=680719,https://photo.yupoo.com/minkang/5840a8c48b/square.jpg,9
Premier League,Birmingham 02/03 Home Retro Jersey S-4XL7,https://minkang.x.yupoo.com/albums/245506063?uid=1&isSubCate=false&referrercate=680719,https://photo.yupoo.com/minkang/16e2003571/square.jpg,10
Premier League,Birmingham 02/03 Home Retro Jersey S-4XL7,https://minkang.x.yupoo.com/albums/245506063?uid=1&isSubCate=false&referrercate=680719,https://photo.yupoo.com/minkang/5999465606/square.jpg,11
Premier League,Birmingham 02/03 Home Retro Jersey S-4XL7,https://minkang.x.yupoo.com/albums/245506063?uid=1&isSubCate=false&referrercate=680719,https://photo.yupoo.com/minkang/b40010c53a/square.jpg,12
Premier League,Birmingham 02/03 Home Retro Jersey S-4XL7,https://minkang.x.yupoo.com/albums/245506063?uid=1&isSubCate=false&referrercate=680719,https://photo.yupoo.com/minkang/df006d20b8/square.jpg,13
Premier League,Birmingham 02/03 Home Retro Jersey S-4XL7,https://minkang.x.yupoo.com/albums/245506063?uid=1&isSubCate=false&referrercate=680719,https://photo.yupoo.com/minkang/ebab6331b7/square.jpg,14
Premier League,Sheffield Wednesday 1991 Home Retro Jersey S-4XL6,https://minkang.x.yupoo.com/albums/245506113?uid=1&isSubCate=false&referrercate=680719,https://photo.yupoo.com/minkang/8cd8997d3e/large.jpg,1
Premier League,Sheffield Wednesday 1991 Home Retro Jersey S-4XL6,https://minkang.x.yupoo.com/albums/245506113?uid=1&isSubCate=false&referrercate=680719,https://photo.yupoo.com/minkang/0b02275e3d/large.jpg,2
Premier League,Sheffield Wednesday 1991 Home Retro Jersey S-4XL6,https://minkang.x.yupoo.com/albums/245506113?uid=1&isSubCate=false&referrercate=680719,https://photo.yupoo.com/minkang/80755be21d/large.jpg,3
Premier League,Sheffield Wednesday 1991 Home Retro Jersey S-4XL6,https://minkang.x.yupoo.com/albums/245506113?uid=1&isSubCate=false&referrercate=680719,https://photo.yupoo.com/minkang/6a682d292f/large.jpg,4
Premier League,Sheffield Wednesday 1991 Home Retro Jersey S-4XL6,https://minkang.x.yupoo.com/albums/245506113?uid=1&isSubCate=false&referrercate=680719,https://photo.yupoo.com/minkang/eac9a12c4a/large.jpg,5
Premier League,Sheffield Wednesday 1991 Home Retro Jersey S-4XL6,https://minkang.x.yupoo.com/albums/245506113?uid=1&isSubCate=false&referrercate=680719,https://photo.yupoo.com/minkang/323811f474/large.jpg,6
Premier League,Sheffield Wednesday 1991 Home Retro Jersey S-4XL6,https://minkang.x.yupoo.com/albums/245506113?uid=1&isSubCate=false&referrercate=680719,https://photo.yupoo.com/minkang/0b02275e3d/square.jpg,7
Premier League,Sheffield Wednesday 1991 Home Retro Jersey S-4XL6,https://minkang.x.yupoo.com/albums/245506113?uid=1&isSubCate=false&referrercate=680719,https://photo.yupoo.com/minkang/8cd8997d3e/square.jpg,8
Premier League,Sheffield Wednesday 1991 Home Retro Jersey S-4XL6,https://minkang.x.yupoo.com/albums/245506113?uid=1&isSubCate=false&referrercate=680719,https://photo.yupoo.com/minkang/80755be21d/square.jpg,9
Premier League,Sheffield Wednesday 1991 Home Retro Jersey S-4XL6,https://minkang.x.yupoo.com/albums/245506113?uid=1&isSubCate=false&referrercate=680719,https://photo.yupoo.com/minkang/6a682d292f/square.jpg,10
Premier League,Sheffield Wednesday 1991 Home Retro Jersey S-4XL6,https://minkang.x.yupoo.com/albums/245506113?uid=1&isSubCate=false&referrercate=680719,https://photo.yupoo.com/minkang/eac9a12c4a/square.jpg,11
Premier League,Sheffield Wednesday 1991 Home Retro Jersey S-4XL6,https://minkang.x.yupoo.com/albums/245506113?uid=1&isSubCate=false&referrercate=680719,https://photo.yupoo.com/minkang/323811f474/square.jpg,12
Premier League,Sheffield Wednesday 2001 Away Retro Jersey S-4XL8,https://minkang.x.yupoo.com/albums/245506130?uid=1&isSubCate=false&referrercate=680719,https://photo.yupoo.com/minkang/93bc57453c/large.jpg,1
Premier League,Sheffield Wednesday 2001 Away Retro Jersey S-4XL8,https://minkang.x.yupoo.com/albums/245506130?uid=1&isSubCate=false&referrercate=680719,https://photo.yupoo.com/minkang/fd58b26811/large.jpg,2
Premier League,Sheffield Wednesday 2001 Away Retro Jersey S-4XL8,https://minkang.x.yupoo.com/albums/245506130?uid=1&isSubCate=false&referrercate=680719,https://photo.yupoo.com/minkang/3295295c06/large.jpg,3
Premier League,Sheffield Wednesday 2001 Away Retro Jersey S-4XL8,https://minkang.x.yupoo.com/albums/245506130?uid=1&isSubCate=false&referrercate=680719,https://photo.yupoo.com/minkang/df133c2d21/large.jpg,4
Premier League,Sheffield Wednesday 2001 Away Retro Jersey S-4XL8,https://minkang.x.yupoo.com/albums/245506130?uid=1&isSubCate=false&referrercate=680719,https://photo.yupoo.com/minkang/6f3bd5b151/large.jpg,5
Premier League,Sheffield Wednesday 2001 Away Retro Jersey S-4XL8,https://minkang.x.yupoo.com/albums/245506130?uid=1&isSubCate=false&referrercate=680719,https://photo.yupoo.com/minkang/f24e59479b/large.jpg,6
Premier League,Sheffield Wednesday 2001 Away Retro Jersey S-4XL8,https://minkang.x.yupoo.com/albums/245506130?uid=1&isSubCate=false&referrercate=680719,https://photo.yupoo.com/minkang/030b5cc3f7/large.jpg,7
Premier League,Sheffield Wednesday 2001 Away Retro Jersey S-4XL8,https://minkang.x.yupoo.com/albums/245506130?uid=1&isSubCate=false&referrercate=680719,https://photo.yupoo.com/minkang/4b72c01945/large.jpg,8
Premier League,Sheffield Wednesday 2001 Away Retro Jersey S-4XL8,https://minkang.x.yupoo.com/albums/245506130?uid=1&isSubCate=false&referrercate=680719,https://photo.yupoo.com/minkang/93bc57453c/square.jpg,9
Premier League,Sheffield Wednesday 2001 Away Retro Jersey S-4XL8,https://minkang.x.yupoo.com/albums/245506130?uid=1&isSubCate=false&referrercate=680719,https://photo.yupoo.com/minkang/fd58b26811/square.jpg,10
Premier League,Sheffield Wednesday 2001 Away Retro Jersey S-4XL8,https://minkang.x.yupoo.com/albums/245506130?uid=1&isSubCate=false&referrercate=680719,https://photo.yupoo.com/minkang/3295295c06/square.jpg,11
Premier League,Sheffield Wednesday 2001 Away Retro Jersey S-4XL8,https://minkang.x.yupoo.com/albums/245506130?uid=1&isSubCate=false&referrercate=680719,https://photo.yupoo.com/minkang/df133c2d21/square.jpg,12
Premier League,Sheffield Wednesday 2001 Away Retro Jersey S-4XL8,https://minkang.x.yupoo.com/albums/245506130?uid=1&isSubCate=false&referrercate=680719,https://photo.yupoo.com/minkang/6f3bd5b151/square.jpg,13
Premier League,Sheffield Wednesday 2001 Away Retro Jersey S-4XL8,https://minkang.x.yupoo.com/albums/245506130?uid=1&isSubCate=false&referrercate=680719,https://photo.yupoo.com/minkang/f24e59479b/square.jpg,14
Premier League,Sheffield Wednesday 2001 Away Retro Jersey S-4XL8,https://minkang.x.yupoo.com/albums/245506130?uid=1&isSubCate=false&referrercate=680719,https://photo.yupoo.com/minkang/030b5cc3f7/square.jpg,15
Premier League,Sheffield Wednesday 2001 Away Retro Jersey S-4XL8,https://minkang.x.yupoo.com/albums/245506130?uid=1&isSubCate=false&referrercate=680719,https://photo.yupoo.com/minkang/4b72c01945/square.jpg,16
Premier League,Sheffield Wednesday 1997 Away Retro Jersey S-XXL8,https://minkang.x.yupoo.com/albums/245506187?uid=1&isSubCate=false&referrercate=680719,https://photo.yupoo.com/minkang/947fd1cae7/large.jpg,1
Premier League,Sheffield Wednesday 1997 Away Retro Jersey S-XXL8,https://minkang.x.yupoo.com/albums/245506187?uid=1&isSubCate=false&referrercate=680719,https://photo.yupoo.com/minkang/cd90119b9a/large.jpg,2
Premier League,Sheffield Wednesday 1997 Away Retro Jersey S-XXL8,https://minkang.x.yupoo.com/albums/245506187?uid=1&isSubCate=false&referrercate=680719,https://photo.yupoo.com/minkang/9813b9af9e/large.jpg,3
Premier League,Sheffield Wednesday 1997 Away Retro Jersey S-XXL8,https://minkang.x.yupoo.com/albums/245506187?uid=1&isSubCate=false&referrercate=680719,https://photo.yupoo.com/minkang/5079cc5e7c/large.jpg,4
Premier League,Sheffield Wednesday 1997 Away Retro Jersey S-XXL8,https://minkang.x.yupoo.com/albums/245506187?uid=1&isSubCate=false&referrercate=680719,https://photo.yupoo.com/minkang/0db91f8f60/large.jpg,5
Premier League,Sheffield Wednesday 1997 Away Retro Jersey S-XXL8,https://minkang.x.yupoo.com/albums/245506187?uid=1&isSubCate=false&referrercate=680719,https://photo.yupoo.com/minkang/da1e7770f8/large.jpg,6
Premier League,Sheffield Wednesday 1997 Away Retro Jersey S-XXL8,https://minkang.x.yupoo.com/albums/245506187?uid=1&isSubCate=false&referrercate=680719,https://photo.yupoo.com/minkang/05916a66d7/large.jpg,7
Premier League,Sheffield Wednesday 1997 Away Retro Jersey S-XXL8,https://minkang.x.yupoo.com/albums/245506187?uid=1&isSubCate=false&referrercate=680719,https://photo.yupoo.com/minkang/fd596d8caf/large.jpg,8
Premier League,Sheffield Wednesday 1997 Away Retro Jersey S-XXL8,https://minkang.x.yupoo.com/albums/245506187?uid=1&isSubCate=false&referrercate=680719,https://photo.yupoo.com/minkang/cd90119b9a/square.jpg,9
Premier League,Sheffield Wednesday 1997 Away Retro Jersey S-XXL8,https://minkang.x.yupoo.com/albums/245506187?uid=1&isSubCate=false&referrercate=680719,https://photo.yupoo.com/minkang/947fd1cae7/square.jpg,10
Premier League,Sheffield Wednesday 1997 Away Retro Jersey S-XXL8,https://minkang.x.yupoo.com/albums/245506187?uid=1&isSubCate=false&referrercate=680719,https://photo.yupoo.com/minkang/9813b9af9e/square.jpg,11
Premier League,Sheffield Wednesday 1997 Away Retro Jersey S-XXL8,https://minkang.x.yupoo.com/albums/245506187?uid=1&isSubCate=false&referrercate=680719,https://photo.yupoo.com/minkang/5079cc5e7c/square.jpg,12
Premier League,Sheffield Wednesday 1997 Away Retro Jersey S-XXL8,https://minkang.x.yupoo.com/albums/245506187?uid=1&isSubCate=false&referrercate=680719,https://photo.yupoo.com/minkang/0db91f8f60/square.jpg,13
Premier League,Sheffield Wednesday 1997 Away Retro Jersey S-XXL8,https://minkang.x.yupoo.com/albums/245506187?uid=1&isSubCate=false&referrercate=680719,https://photo.yupoo.com/minkang/da1e7770f8/square.jpg,14
Premier League,Sheffield Wednesday 1997 Away Retro Jersey S-XXL8,https://minkang.x.yupoo.com/albums/245506187?uid=1&isSubCate=false&referrercate=680719,https://photo.yupoo.com/minkang/05916a66d7/square.jpg,15
Premier League,Sheffield Wednesday 1997 Away Retro Jersey S-XXL8,https://minkang.x.yupoo.com/albums/245506187?uid=1&isSubCate=false&referrercate=680719,https://photo.yupoo.com/minkang/fd596d8caf/square.jpg,16
Premier League,Sheffield Wednesday 88/89 Away Retro Jersey S-4XL6,https://minkang.x.yupoo.com/albums/245506100?uid=1&isSubCate=false&referrercate=680719,https://photo.yupoo.com/minkang/2b988abda4/large.jpg,1
Premier League,Sheffield Wednesday 88/89 Away Retro Jersey S-4XL6,https://minkang.x.yupoo.com/albums/245506100?uid=1&isSubCate=false&referrercate=680719,https://photo.yupoo.com/minkang/7392450537/large.jpg,2
Premier League,Sheffield Wednesday 88/89 Away Retro Jersey S-4XL6,https://minkang.x.yupoo.com/albums/245506100?uid=1&isSubCate=false&referrercate=680719,https://photo.yupoo.com/minkang/a90653cd12/large.jpg,3
Premier League,Sheffield Wednesday 88/89 Away Retro Jersey S-4XL6,https://minkang.x.yupoo.com/albums/245506100?uid=1&isSubCate=false&referrercate=680719,https://photo.yupoo.com/minkang/753eb88d54/large.jpg,4
Premier League,Sheffield Wednesday 88/89 Away Retro Jersey S-4XL6,https://minkang.x.yupoo.com/albums/245506100?uid=1&isSubCate=false&referrercate=680719,https://photo.yupoo.com/minkang/88ea81e017/large.jpg,5
Premier League,Sheffield Wednesday 88/89 Away Retro Jersey S-4XL6,https://minkang.x.yupoo.com/albums/245506100?uid=1&isSubCate=false&referrercate=680719,https://photo.yupoo.com/minkang/0394535931/large.jpg,6
Premier League,Sheffield Wednesday 88/89 Away Retro Jersey S-4XL6,https://minkang.x.yupoo.com/albums/245506100?uid=1&isSubCate=false&referrercate=680719,https://photo.yupoo.com/minkang/7392450537/square.jpg,7
Premier League,Sheffield Wednesday 88/89 Away Retro Jersey S-4XL6,https://minkang.x.yupoo.com/albums/245506100?uid=1&isSubCate=false&referrercate=680719,https://photo.yupoo.com/minkang/2b988abda4/square.jpg,8
Premier League,Sheffield Wednesday 88/89 Away Retro Jersey S-4XL6,https://minkang.x.yupoo.com/albums/245506100?uid=1&isSubCate=false&referrercate=680719,https://photo.yupoo.com/minkang/a90653cd12/square.jpg,9
Premier League,Sheffield Wednesday 88/89 Away Retro Jersey S-4XL6,https://minkang.x.yupoo.com/albums/245506100?uid=1&isSubCate=false&referrercate=680719,https://photo.yupoo.com/minkang/753eb88d54/square.jpg,10
Premier League,Sheffield Wednesday 88/89 Away Retro Jersey S-4XL6,https://minkang.x.yupoo.com/albums/245506100?uid=1&isSubCate=false&referrercate=680719,https://photo.yupoo.com/minkang/88ea81e017/square.jpg,11
Premier League,Sheffield Wednesday 88/89 Away Retro Jersey S-4XL6,https://minkang.x.yupoo.com/albums/245506100?uid=1&isSubCate=false&referrercate=680719,https://photo.yupoo.com/minkang/0394535931/square.jpg,12
Premier League,Arsenal CNY Tang Jacket S-XXL9,https://minkang.x.yupoo.com/albums/245506695?uid=1&isSubCate=false&referrercate=680719,https://photo.yupoo.com/minkang/2d9da4a64a/large.jpg,1
Premier League,Arsenal CNY Tang Jacket S-XXL9,https://minkang.x.yupoo.com/albums/245506695?uid=1&isSubCate=false&referrercate=680719,https://photo.yupoo.com/minkang/0fbce65223/large.jpg,2
Premier League,Arsenal CNY Tang Jacket S-XXL9,https://minkang.x.yupoo.com/albums/245506695?uid=1&isSubCate=false&referrercate=680719,https://photo.yupoo.com/minkang/3170824975/large.jpg,3
Premier League,Arsenal CNY Tang Jacket S-XXL9,https://minkang.x.yupoo.com/albums/245506695?uid=1&isSubCate=false&referrercate=680719,https://photo.yupoo.com/minkang/1acdc533c1/large.jpg,4
Premier League,Arsenal CNY Tang Jacket S-XXL9,https://minkang.x.yupoo.com/albums/245506695?uid=1&isSubCate=false&referrercate=680719,https://photo.yupoo.com/minkang/12da0d5171/large.jpg,5
Premier League,Arsenal CNY Tang Jacket S-XXL9,https://minkang.x.yupoo.com/albums/245506695?uid=1&isSubCate=false&referrercate=680719,https://photo.yupoo.com/minkang/69787a0e15/large.jpg,6
Premier League,Arsenal CNY Tang Jacket S-XXL9,https://minkang.x.yupoo.com/albums/245506695?uid=1&isSubCate=false&referrercate=680719,https://photo.yupoo.com/minkang/9e3034da1b/large.jpg,7
Premier League,Arsenal CNY Tang Jacket S-XXL9,https://minkang.x.yupoo.com/albums/245506695?uid=1&isSubCate=false&referrercate=680719,https://photo.yupoo.com/minkang/4d6be9f7bf/large.jpg,8
Premier League,Arsenal CNY Tang Jacket S-XXL9,https://minkang.x.yupoo.com/albums/245506695?uid=1&isSubCate=false&referrercate=680719,https://photo.yupoo.com/minkang/7e87cb810e/large.jpg,9
Premier League,Arsenal CNY Tang Jacket S-XXL9,https://minkang.x.yupoo.com/albums/245506695?uid=1&isSubCate=false&referrercate=680719,https://photo.yupoo.com/minkang/0fbce65223/square.jpg,10
Premier League,Arsenal CNY Tang Jacket S-XXL9,https://minkang.x.yupoo.com/albums/245506695?uid=1&isSubCate=false&referrercate=680719,https://photo.yupoo.com/minkang/2d9da4a64a/square.jpg,11
Premier League,Arsenal CNY Tang Jacket S-XXL9,https://minkang.x.yupoo.com/albums/245506695?uid=1&isSubCate=false&referrercate=680719,https://photo.yupoo.com/minkang/3170824975/square.jpg,12
Premier League,Arsenal CNY Tang Jacket S-XXL9,https://minkang.x.yupoo.com/albums/245506695?uid=1&isSubCate=false&referrercate=680719,https://photo.yupoo.com/minkang/1acdc533c1/square.jpg,13
Premier League,Arsenal CNY Tang Jacket S-XXL9,https://minkang.x.yupoo.com/albums/245506695?uid=1&isSubCate=false&referrercate=680719,https://photo.yupoo.com/minkang/12da0d5171/square.jpg,14
Premier League,Arsenal CNY Tang Jacket S-XXL9,https://minkang.x.yupoo.com/albums/245506695?uid=1&isSubCate=false&referrercate=680719,https://photo.yupoo.com/minkang/69787a0e15/square.jpg,15
Premier League,Arsenal CNY Tang Jacket S-XXL9,https://minkang.x.yupoo.com/albums/245506695?uid=1&isSubCate=false&referrercate=680719,https://photo.yupoo.com/minkang/9e3034da1b/square.jpg,16
Premier League,Arsenal CNY Tang Jacket S-XXL9,https://minkang.x.yupoo.com/albums/245506695?uid=1&isSubCate=false&referrercate=680719,https://photo.yupoo.com/minkang/4d6be9f7bf/square.jpg,17
Premier League,Arsenal CNY Tang Jacket S-XXL9,https://minkang.x.yupoo.com/albums/245506695?uid=1&isSubCate=false&referrercate=680719,https://photo.yupoo.com/minkang/7e87cb810e/square.jpg,18
Premier League,Manchester City 26/27 KING Anthem Jacket Windbreaker S-XXL8,https://minkang.x.yupoo.com/albums/245506861?uid=1&isSubCate=false&referrercate=680719,https://photo.yupoo.com/minkang/8bd5a856b8/large.jpg,1
Premier League,Manchester City 26/27 KING Anthem Jacket Windbreaker S-XXL8,https://minkang.x.yupoo.com/albums/245506861?uid=1&isSubCate=false&referrercate=680719,https://photo.yupoo.com/minkang/d5cfd986d9/large.jpg,2
Premier League,Manchester City 26/27 KING Anthem Jacket Windbreaker S-XXL8,https://minkang.x.yupoo.com/albums/245506861?uid=1&isSubCate=false&referrercate=680719,https://photo.yupoo.com/minkang/a98db80310/large.jpg,3
Premier League,Manchester City 26/27 KING Anthem Jacket Windbreaker S-XXL8,https://minkang.x.yupoo.com/albums/245506861?uid=1&isSubCate=false&referrercate=680719,https://photo.yupoo.com/minkang/1bda15bea4/large.jpg,4
Premier League,Manchester City 26/27 KING Anthem Jacket Windbreaker S-XXL8,https://minkang.x.yupoo.com/albums/245506861?uid=1&isSubCate=false&referrercate=680719,https://photo.yupoo.com/minkang/bb4e88b7c8/large.jpg,5
Premier League,Manchester City 26/27 KING Anthem Jacket Windbreaker S-XXL8,https://minkang.x.yupoo.com/albums/245506861?uid=1&isSubCate=false&referrercate=680719,https://photo.yupoo.com/minkang/2282c99ff6/large.jpg,6
Premier League,Manchester City 26/27 KING Anthem Jacket Windbreaker S-XXL8,https://minkang.x.yupoo.com/albums/245506861?uid=1&isSubCate=false&referrercate=680719,https://photo.yupoo.com/minkang/5f894ecb5b/large.jpg,7
Premier League,Manchester City 26/27 KING Anthem Jacket Windbreaker S-XXL8,https://minkang.x.yupoo.com/albums/245506861?uid=1&isSubCate=false&referrercate=680719,https://photo.yupoo.com/minkang/4a9c4ce5e5/large.jpg,8
Premier League,Manchester City 26/27 KING Anthem Jacket Windbreaker S-XXL8,https://minkang.x.yupoo.com/albums/245506861?uid=1&isSubCate=false&referrercate=680719,https://photo.yupoo.com/minkang/d5cfd986d9/square.jpg,9
Premier League,Manchester City 26/27 KING Anthem Jacket Windbreaker S-XXL8,https://minkang.x.yupoo.com/albums/245506861?uid=1&isSubCate=false&referrercate=680719,https://photo.yupoo.com/minkang/8bd5a856b8/square.jpg,10
Premier League,Manchester City 26/27 KING Anthem Jacket Windbreaker S-XXL8,https://minkang.x.yupoo.com/albums/245506861?uid=1&isSubCate=false&referrercate=680719,https://photo.yupoo.com/minkang/a98db80310/square.jpg,11
Premier League,Manchester City 26/27 KING Anthem Jacket Windbreaker S-XXL8,https://minkang.x.yupoo.com/albums/245506861?uid=1&isSubCate=false&referrercate=680719,https://photo.yupoo.com/minkang/1bda15bea4/square.jpg,12
Premier League,Manchester City 26/27 KING Anthem Jacket Windbreaker S-XXL8,https://minkang.x.yupoo.com/albums/245506861?uid=1&isSubCate=false&referrercate=680719,https://photo.yupoo.com/minkang/bb4e88b7c8/square.jpg,13
Premier League,Manchester City 26/27 KING Anthem Jacket Windbreaker S-XXL8,https://minkang.x.yupoo.com/albums/245506861?uid=1&isSubCate=false&referrercate=680719,https://photo.yupoo.com/minkang/2282c99ff6/square.jpg,14
Premier League,Manchester City 26/27 KING Anthem Jacket Windbreaker S-XXL8,https://minkang.x.yupoo.com/albums/245506861?uid=1&isSubCate=false&referrercate=680719,https://photo.yupoo.com/minkang/5f894ecb5b/square.jpg,15
Premier League,Manchester City 26/27 KING Anthem Jacket Windbreaker S-XXL8,https://minkang.x.yupoo.com/albums/245506861?uid=1&isSubCate=false&referrercate=680719,https://photo.yupoo.com/minkang/4a9c4ce5e5/square.jpg,16
Premier League,Arsenal 26/27 Home Shorts S-XXL8,https://minkang.x.yupoo.com/albums/245505983?uid=1&isSubCate=false&referrercate=680719,https://photo.yupoo.com/minkang/3a8c5f67fa/large.jpg,1
Premier League,Arsenal 26/27 Home Shorts S-XXL8,https://minkang.x.yupoo.com/albums/245505983?uid=1&isSubCate=false&referrercate=680719,https://photo.yupoo.com/minkang/b2e1e0003b/large.jpg,2
Premier League,Arsenal 26/27 Home Shorts S-XXL8,https://minkang.x.yupoo.com/albums/245505983?uid=1&isSubCate=false&referrercate=680719,https://photo.yupoo.com/minkang/cafef4065c/large.jpg,3
Premier League,Arsenal 26/27 Home Shorts S-XXL8,https://minkang.x.yupoo.com/albums/245505983?uid=1&isSubCate=false&referrercate=680719,https://photo.yupoo.com/minkang/a158ca5b3e/large.jpg,4
Premier League,Arsenal 26/27 Home Shorts S-XXL8,https://minkang.x.yupoo.com/albums/245505983?uid=1&isSubCate=false&referrercate=680719,https://photo.yupoo.com/minkang/3b6a6035f8/large.jpg,5
Premier League,Arsenal 26/27 Home Shorts S-XXL8,https://minkang.x.yupoo.com/albums/245505983?uid=1&isSubCate=false&referrercate=680719,https://photo.yupoo.com/minkang/0eafb0322e/large.jpg,6
Premier League,Arsenal 26/27 Home Shorts S-XXL8,https://minkang.x.yupoo.com/albums/245505983?uid=1&isSubCate=false&referrercate=680719,https://photo.yupoo.com/minkang/b389830adc/large.jpg,7
Premier League,Arsenal 26/27 Home Shorts S-XXL8,https://minkang.x.yupoo.com/albums/245505983?uid=1&isSubCate=false&referrercate=680719,https://photo.yupoo.com/minkang/6182fb847a/large.jpg,8
Premier League,Arsenal 26/27 Home Shorts S-XXL8,https://minkang.x.yupoo.com/albums/245505983?uid=1&isSubCate=false&referrercate=680719,https://photo.yupoo.com/minkang/b2e1e0003b/square.jpg,9
Premier League,Arsenal 26/27 Home Shorts S-XXL8,https://minkang.x.yupoo.com/albums/245505983?uid=1&isSubCate=false&referrercate=680719,https://photo.yupoo.com/minkang/3a8c5f67fa/square.jpg,10
Premier League,Arsenal 26/27 Home Shorts S-XXL8,https://minkang.x.yupoo.com/albums/245505983?uid=1&isSubCate=false&referrercate=680719,https://photo.yupoo.com/minkang/cafef4065c/square.jpg,11
Premier League,Arsenal 26/27 Home Shorts S-XXL8,https://minkang.x.yupoo.com/albums/245505983?uid=1&isSubCate=false&referrercate=680719,https://photo.yupoo.com/minkang/a158ca5b3e/square.jpg,12
Premier League,Arsenal 26/27 Home Shorts S-XXL8,https://minkang.x.yupoo.com/albums/245505983?uid=1&isSubCate=false&referrercate=680719,https://photo.yupoo.com/minkang/3b6a6035f8/square.jpg,13
Premier League,Arsenal 26/27 Home Shorts S-XXL8,https://minkang.x.yupoo.com/albums/245505983?uid=1&isSubCate=false&referrercate=680719,https://photo.yupoo.com/minkang/0eafb0322e/square.jpg,14
Premier League,Arsenal 26/27 Home Shorts S-XXL8,https://minkang.x.yupoo.com/albums/245505983?uid=1&isSubCate=false&referrercate=680719,https://photo.yupoo.com/minkang/b389830adc/square.jpg,15
Premier League,Arsenal 26/27 Home Shorts S-XXL8,https://minkang.x.yupoo.com/albums/245505983?uid=1&isSubCate=false&referrercate=680719,https://photo.yupoo.com/minkang/6182fb847a/square.jpg,16
Premier League,M-U 26/27 Home Shorts -White S-XXL8,https://minkang.x.yupoo.com/albums/245505777?uid=1&isSubCate=false&referrercate=680719,https://photo.yupoo.com/minkang/4ff62c03f4/large.jpg,1
Premier League,M-U 26/27 Home Shorts -White S-XXL8,https://minkang.x.yupoo.com/albums/245505777?uid=1&isSubCate=false&referrercate=680719,https://photo.yupoo.com/minkang/7e1fbc947f/large.jpg,2
Premier League,M-U 26/27 Home Shorts -White S-XXL8,https://minkang.x.yupoo.com/albums/245505777?uid=1&isSubCate=false&referrercate=680719,https://photo.yupoo.com/minkang/c611e16d59/large.jpg,3
Premier League,M-U 26/27 Home Shorts -White S-XXL8,https://minkang.x.yupoo.com/albums/245505777?uid=1&isSubCate=false&referrercate=680719,https://photo.yupoo.com/minkang/7cbc77262a/large.jpg,4
Premier League,M-U 26/27 Home Shorts -White S-XXL8,https://minkang.x.yupoo.com/albums/245505777?uid=1&isSubCate=false&referrercate=680719,https://photo.yupoo.com/minkang/ce91caea29/large.jpg,5
Premier League,M-U 26/27 Home Shorts -White S-XXL8,https://minkang.x.yupoo.com/albums/245505777?uid=1&isSubCate=false&referrercate=680719,https://photo.yupoo.com/minkang/bf71bfe1e0/large.jpg,6
Premier League,M-U 26/27 Home Shorts -White S-XXL8,https://minkang.x.yupoo.com/albums/245505777?uid=1&isSubCate=false&referrercate=680719,https://photo.yupoo.com/minkang/d0f128061f/large.jpg,7
Premier League,M-U 26/27 Home Shorts -White S-XXL8,https://minkang.x.yupoo.com/albums/245505777?uid=1&isSubCate=false&referrercate=680719,https://photo.yupoo.com/minkang/8bca2bc785/large.jpg,8
Premier League,M-U 26/27 Home Shorts -White S-XXL8,https://minkang.x.yupoo.com/albums/245505777?uid=1&isSubCate=false&referrercate=680719,https://photo.yupoo.com/minkang/7e1fbc947f/square.jpg,9
Premier League,M-U 26/27 Home Shorts -White S-XXL8,https://minkang.x.yupoo.com/albums/245505777?uid=1&isSubCate=false&referrercate=680719,https://photo.yupoo.com/minkang/4ff62c03f4/square.jpg,10
Premier League,M-U 26/27 Home Shorts -White S-XXL8,https://minkang.x.yupoo.com/albums/245505777?uid=1&isSubCate=false&referrercate=680719,https://photo.yupoo.com/minkang/c611e16d59/square.jpg,11
Premier League,M-U 26/27 Home Shorts -White S-XXL8,https://minkang.x.yupoo.com/albums/245505777?uid=1&isSubCate=false&referrercate=680719,https://photo.yupoo.com/minkang/7cbc77262a/square.jpg,12
Premier League,M-U 26/27 Home Shorts -White S-XXL8,https://minkang.x.yupoo.com/albums/245505777?uid=1&isSubCate=false&referrercate=680719,https://photo.yupoo.com/minkang/ce91caea29/square.jpg,13
Premier League,M-U 26/27 Home Shorts -White S-XXL8,https://minkang.x.yupoo.com/albums/245505777?uid=1&isSubCate=false&referrercate=680719,https://photo.yupoo.com/minkang/bf71bfe1e0/square.jpg,14
Premier League,M-U 26/27 Home Shorts -White S-XXL8,https://minkang.x.yupoo.com/albums/245505777?uid=1&isSubCate=false&referrercate=680719,https://photo.yupoo.com/minkang/d0f128061f/square.jpg,15
Premier League,M-U 26/27 Home Shorts -White S-XXL8,https://minkang.x.yupoo.com/albums/245505777?uid=1&isSubCate=false&referrercate=680719,https://photo.yupoo.com/minkang/8bca2bc785/square.jpg,16
Premier League,Arsenal 26/27 Home Kids Kit Jersey Size：16-2811,https://minkang.x.yupoo.com/albums/245426223?uid=1&isSubCate=false&referrercate=680719,https://photo.yupoo.com/minkang/140a784595/large.jpg,1
Premier League,Arsenal 26/27 Home Kids Kit Jersey Size：16-2811,https://minkang.x.yupoo.com/albums/245426223?uid=1&isSubCate=false&referrercate=680719,https://photo.yupoo.com/minkang/b5610339d0/large.jpg,2
Premier League,Arsenal 26/27 Home Kids Kit Jersey Size：16-2811,https://minkang.x.yupoo.com/albums/245426223?uid=1&isSubCate=false&referrercate=680719,https://photo.yupoo.com/minkang/351b86dd69/large.jpg,3
Premier League,Arsenal 26/27 Home Kids Kit Jersey Size：16-2811,https://minkang.x.yupoo.com/albums/245426223?uid=1&isSubCate=false&referrercate=680719,https://photo.yupoo.com/minkang/94959dd5e5/large.jpg,4
Premier League,Arsenal 26/27 Home Kids Kit Jersey Size：16-2811,https://minkang.x.yupoo.com/albums/245426223?uid=1&isSubCate=false&referrercate=680719,https://photo.yupoo.com/minkang/99065efe60/large.jpg,5
Premier League,Arsenal 26/27 Home Kids Kit Jersey Size：16-2811,https://minkang.x.yupoo.com/albums/245426223?uid=1&isSubCate=false&referrercate=680719,https://photo.yupoo.com/minkang/76e5d8e7ad/large.jpg,6
Premier League,Arsenal 26/27 Home Kids Kit Jersey Size：16-2811,https://minkang.x.yupoo.com/albums/245426223?uid=1&isSubCate=false&referrercate=680719,https://photo.yupoo.com/minkang/6ddf4bf8c3/large.jpg,7
Premier League,Arsenal 26/27 Home Kids Kit Jersey Size：16-2811,https://minkang.x.yupoo.com/albums/245426223?uid=1&isSubCate=false&referrercate=680719,https://photo.yupoo.com/minkang/aed7a3ff07/large.jpg,8
Premier League,Arsenal 26/27 Home Kids Kit Jersey Size：16-2811,https://minkang.x.yupoo.com/albums/245426223?uid=1&isSubCate=false&referrercate=680719,https://photo.yupoo.com/minkang/55310a4221/large.jpg,9
Premier League,Arsenal 26/27 Home Kids Kit Jersey Size：16-2811,https://minkang.x.yupoo.com/albums/245426223?uid=1&isSubCate=false&referrercate=680719,https://photo.yupoo.com/minkang/012664d02d/large.jpg,10
Premier League,Arsenal 26/27 Home Kids Kit Jersey Size：16-2811,https://minkang.x.yupoo.com/albums/245426223?uid=1&isSubCate=false&referrercate=680719,https://photo.yupoo.com/minkang/16c15d0be3/large.jpg,11
Premier League,Arsenal 26/27 Home Kids Kit Jersey Size：16-2811,https://minkang.x.yupoo.com/albums/245426223?uid=1&isSubCate=false&referrercate=680719,https://photo.yupoo.com/minkang/b5610339d0/square.jpg,12
Premier League,Arsenal 26/27 Home Kids Kit Jersey Size：16-2811,https://minkang.x.yupoo.com/albums/245426223?uid=1&isSubCate=false&referrercate=680719,https://photo.yupoo.com/minkang/140a784595/square.jpg,13
Premier League,Arsenal 26/27 Home Kids Kit Jersey Size：16-2811,https://minkang.x.yupoo.com/albums/245426223?uid=1&isSubCate=false&referrercate=680719,https://photo.yupoo.com/minkang/351b86dd69/square.jpg,14
Premier League,Arsenal 26/27 Home Kids Kit Jersey Size：16-2811,https://minkang.x.yupoo.com/albums/245426223?uid=1&isSubCate=false&referrercate=680719,https://photo.yupoo.com/minkang/94959dd5e5/square.jpg,15
Premier League,Arsenal 26/27 Home Kids Kit Jersey Size：16-2811,https://minkang.x.yupoo.com/albums/245426223?uid=1&isSubCate=false&referrercate=680719,https://photo.yupoo.com/minkang/99065efe60/square.jpg,16
Premier League,Arsenal 26/27 Home Kids Kit Jersey Size：16-2811,https://minkang.x.yupoo.com/albums/245426223?uid=1&isSubCate=false&referrercate=680719,https://photo.yupoo.com/minkang/76e5d8e7ad/square.jpg,17
Premier League,Arsenal 26/27 Home Kids Kit Jersey Size：16-2811,https://minkang.x.yupoo.com/albums/245426223?uid=1&isSubCate=false&referrercate=680719,https://photo.yupoo.com/minkang/6ddf4bf8c3/square.jpg,18
Premier League,Arsenal 26/27 Home Kids Kit Jersey Size：16-2811,https://minkang.x.yupoo.com/albums/245426223?uid=1&isSubCate=false&referrercate=680719,https://photo.yupoo.com/minkang/aed7a3ff07/square.jpg,19
Premier League,Arsenal 26/27 Home Kids Kit Jersey Size：16-2811,https://minkang.x.yupoo.com/albums/245426223?uid=1&isSubCate=false&referrercate=680719,https://photo.yupoo.com/minkang/55310a4221/square.jpg,20
Premier League,Arsenal 26/27 Home Kids Kit Jersey Size：16-2811,https://minkang.x.yupoo.com/albums/245426223?uid=1&isSubCate=false&referrercate=680719,https://photo.yupoo.com/minkang/012664d02d/square.jpg,21
Premier League,Arsenal 26/27 Home Kids Kit Jersey Size：16-2811,https://minkang.x.yupoo.com/albums/245426223?uid=1&isSubCate=false&referrercate=680719,https://photo.yupoo.com/minkang/16c15d0be3/square.jpg,22
Premier League,Arsenal 26/27 Goalkeeper Kids Kit Jersey Size：16-2811,https://minkang.x.yupoo.com/albums/245426307?uid=1&isSubCate=false&referrercate=680719,https://photo.yupoo.com/minkang/321e2397eb/large.jpg,1
Premier League,Arsenal 26/27 Goalkeeper Kids Kit Jersey Size：16-2811,https://minkang.x.yupoo.com/albums/245426307?uid=1&isSubCate=false&referrercate=680719,https://photo.yupoo.com/minkang/57383c156e/large.jpg,2
Premier League,Arsenal 26/27 Goalkeeper Kids Kit Jersey Size：16-2811,https://minkang.x.yupoo.com/albums/245426307?uid=1&isSubCate=false&referrercate=680719,https://photo.yupoo.com/minkang/8a49e62481/large.jpg,3
Premier League,Arsenal 26/27 Goalkeeper Kids Kit Jersey Size：16-2811,https://minkang.x.yupoo.com/albums/245426307?uid=1&isSubCate=false&referrercate=680719,https://photo.yupoo.com/minkang/531386cee6/large.jpg,4
Premier League,Arsenal 26/27 Goalkeeper Kids Kit Jersey Size：16-2811,https://minkang.x.yupoo.com/albums/245426307?uid=1&isSubCate=false&referrercate=680719,https://photo.yupoo.com/minkang/c95277c4ab/large.jpg,5
Premier League,Arsenal 26/27 Goalkeeper Kids Kit Jersey Size：16-2811,https://minkang.x.yupoo.com/albums/245426307?uid=1&isSubCate=false&referrercate=680719,https://photo.yupoo.com/minkang/f96d2457e9/large.jpg,6
Premier League,Arsenal 26/27 Goalkeeper Kids Kit Jersey Size：16-2811,https://minkang.x.yupoo.com/albums/245426307?uid=1&isSubCate=false&referrercate=680719,https://photo.yupoo.com/minkang/d0584666be/large.jpg,7
Premier League,Arsenal 26/27 Goalkeeper Kids Kit Jersey Size：16-2811,https://minkang.x.yupoo.com/albums/245426307?uid=1&isSubCate=false&referrercate=680719,https://photo.yupoo.com/minkang/41bf1d30c3/large.jpg,8
Premier League,Arsenal 26/27 Goalkeeper Kids Kit Jersey Size：16-2811,https://minkang.x.yupoo.com/albums/245426307?uid=1&isSubCate=false&referrercate=680719,https://photo.yupoo.com/minkang/e0ed7318d0/large.jpg,9
Premier League,Arsenal 26/27 Goalkeeper Kids Kit Jersey Size：16-2811,https://minkang.x.yupoo.com/albums/245426307?uid=1&isSubCate=false&referrercate=680719,https://photo.yupoo.com/minkang/c0c667ab7d/large.jpg,10
Premier League,Arsenal 26/27 Goalkeeper Kids Kit Jersey Size：16-2811,https://minkang.x.yupoo.com/albums/245426307?uid=1&isSubCate=false&referrercate=680719,https://photo.yupoo.com/minkang/efb0b7dd14/large.jpg,11
Premier League,Arsenal 26/27 Goalkeeper Kids Kit Jersey Size：16-2811,https://minkang.x.yupoo.com/albums/245426307?uid=1&isSubCate=false&referrercate=680719,https://photo.yupoo.com/minkang/57383c156e/square.jpg,12
Premier League,Arsenal 26/27 Goalkeeper Kids Kit Jersey Size：16-2811,https://minkang.x.yupoo.com/albums/245426307?uid=1&isSubCate=false&referrercate=680719,https://photo.yupoo.com/minkang/321e2397eb/square.jpg,13
Premier League,Arsenal 26/27 Goalkeeper Kids Kit Jersey Size：16-2811,https://minkang.x.yupoo.com/albums/245426307?uid=1&isSubCate=false&referrercate=680719,https://photo.yupoo.com/minkang/8a49e62481/square.jpg,14
Premier League,Arsenal 26/27 Goalkeeper Kids Kit Jersey Size：16-2811,https://minkang.x.yupoo.com/albums/245426307?uid=1&isSubCate=false&referrercate=680719,https://photo.yupoo.com/minkang/531386cee6/square.jpg,15
Premier League,Arsenal 26/27 Goalkeeper Kids Kit Jersey Size：16-2811,https://minkang.x.yupoo.com/albums/245426307?uid=1&isSubCate=false&referrercate=680719,https://photo.yupoo.com/minkang/c95277c4ab/square.jpg,16
Premier League,Arsenal 26/27 Goalkeeper Kids Kit Jersey Size：16-2811,https://minkang.x.yupoo.com/albums/245426307?uid=1&isSubCate=false&referrercate=680719,https://photo.yupoo.com/minkang/f96d2457e9/square.jpg,17
Premier League,Arsenal 26/27 Goalkeeper Kids Kit Jersey Size：16-2811,https://minkang.x.yupoo.com/albums/245426307?uid=1&isSubCate=false&referrercate=680719,https://photo.yupoo.com/minkang/d0584666be/square.jpg,18
Premier League,Arsenal 26/27 Goalkeeper Kids Kit Jersey Size：16-2811,https://minkang.x.yupoo.com/albums/245426307?uid=1&isSubCate=false&referrercate=680719,https://photo.yupoo.com/minkang/41bf1d30c3/square.jpg,19
Premier League,Arsenal 26/27 Goalkeeper Kids Kit Jersey Size：16-2811,https://minkang.x.yupoo.com/albums/245426307?uid=1&isSubCate=false&referrercate=680719,https://photo.yupoo.com/minkang/e0ed7318d0/square.jpg,20
Premier League,Arsenal 26/27 Goalkeeper Kids Kit Jersey Size：16-2811,https://minkang.x.yupoo.com/albums/245426307?uid=1&isSubCate=false&referrercate=680719,https://photo.yupoo.com/minkang/c0c667ab7d/square.jpg,21
Premier League,Arsenal 26/27 Goalkeeper Kids Kit Jersey Size：16-2811,https://minkang.x.yupoo.com/albums/245426307?uid=1&isSubCate=false&referrercate=680719,https://photo.yupoo.com/minkang/efb0b7dd14/square.jpg,22
Premier League,M-U 26/27 Goalkeeper Kids Kit Jersey Size：16-2812,https://minkang.x.yupoo.com/albums/245426339?uid=1&isSubCate=false&referrercate=680719,https://photo.yupoo.com/minkang/55f9d8434c/large.jpg,1
Premier League,M-U 26/27 Goalkeeper Kids Kit Jersey Size：16-2812,https://minkang.x.yupoo.com/albums/245426339?uid=1&isSubCate=false&referrercate=680719,https://photo.yupoo.com/minkang/46d2b19626/large.jpg,2
Premier League,M-U 26/27 Goalkeeper Kids Kit Jersey Size：16-2812,https://minkang.x.yupoo.com/albums/245426339?uid=1&isSubCate=false&referrercate=680719,https://photo.yupoo.com/minkang/be2bc8f2d2/large.jpg,3
Premier League,M-U 26/27 Goalkeeper Kids Kit Jersey Size：16-2812,https://minkang.x.yupoo.com/albums/245426339?uid=1&isSubCate=false&referrercate=680719,https://photo.yupoo.com/minkang/fb1a86467d/large.jpg,4
Premier League,M-U 26/27 Goalkeeper Kids Kit Jersey Size：16-2812,https://minkang.x.yupoo.com/albums/245426339?uid=1&isSubCate=false&referrercate=680719,https://photo.yupoo.com/minkang/90c262a3d2/large.jpg,5
Premier League,M-U 26/27 Goalkeeper Kids Kit Jersey Size：16-2812,https://minkang.x.yupoo.com/albums/245426339?uid=1&isSubCate=false&referrercate=680719,https://photo.yupoo.com/minkang/255d23a970/large.jpg,6
Premier League,M-U 26/27 Goalkeeper Kids Kit Jersey Size：16-2812,https://minkang.x.yupoo.com/albums/245426339?uid=1&isSubCate=false&referrercate=680719,https://photo.yupoo.com/minkang/c700e25555/large.jpg,7
Premier League,M-U 26/27 Goalkeeper Kids Kit Jersey Size：16-2812,https://minkang.x.yupoo.com/albums/245426339?uid=1&isSubCate=false&referrercate=680719,https://photo.yupoo.com/minkang/9368b08180/large.jpg,8
Premier League,M-U 26/27 Goalkeeper Kids Kit Jersey Size：16-2812,https://minkang.x.yupoo.com/albums/245426339?uid=1&isSubCate=false&referrercate=680719,https://photo.yupoo.com/minkang/3bcf0080cf/large.jpg,9
Premier League,M-U 26/27 Goalkeeper Kids Kit Jersey Size：16-2812,https://minkang.x.yupoo.com/albums/245426339?uid=1&isSubCate=false&referrercate=680719,https://photo.yupoo.com/minkang/5a75fe84fd/large.jpg,10
Premier League,M-U 26/27 Goalkeeper Kids Kit Jersey Size：16-2812,https://minkang.x.yupoo.com/albums/245426339?uid=1&isSubCate=false&referrercate=680719,https://photo.yupoo.com/minkang/4de2bcb923/large.jpg,11
Premier League,M-U 26/27 Goalkeeper Kids Kit Jersey Size：16-2812,https://minkang.x.yupoo.com/albums/245426339?uid=1&isSubCate=false&referrercate=680719,https://photo.yupoo.com/minkang/29bc6ef58c/large.jpg,12
Premier League,M-U 26/27 Goalkeeper Kids Kit Jersey Size：16-2812,https://minkang.x.yupoo.com/albums/245426339?uid=1&isSubCate=false&referrercate=680719,https://photo.yupoo.com/minkang/46d2b19626/square.jpg,13
Premier League,M-U 26/27 Goalkeeper Kids Kit Jersey Size：16-2812,https://minkang.x.yupoo.com/albums/245426339?uid=1&isSubCate=false&referrercate=680719,https://photo.yupoo.com/minkang/55f9d8434c/square.jpg,14
Premier League,M-U 26/27 Goalkeeper Kids Kit Jersey Size：16-2812,https://minkang.x.yupoo.com/albums/245426339?uid=1&isSubCate=false&referrercate=680719,https://photo.yupoo.com/minkang/be2bc8f2d2/square.jpg,15
Premier League,M-U 26/27 Goalkeeper Kids Kit Jersey Size：16-2812,https://minkang.x.yupoo.com/albums/245426339?uid=1&isSubCate=false&referrercate=680719,https://photo.yupoo.com/minkang/fb1a86467d/square.jpg,16
Premier League,M-U 26/27 Goalkeeper Kids Kit Jersey Size：16-2812,https://minkang.x.yupoo.com/albums/245426339?uid=1&isSubCate=false&referrercate=680719,https://photo.yupoo.com/minkang/90c262a3d2/square.jpg,17
Premier League,M-U 26/27 Goalkeeper Kids Kit Jersey Size：16-2812,https://minkang.x.yupoo.com/albums/245426339?uid=1&isSubCate=false&referrercate=680719,https://photo.yupoo.com/minkang/255d23a970/square.jpg,18
Premier League,M-U 26/27 Goalkeeper Kids Kit Jersey Size：16-2812,https://minkang.x.yupoo.com/albums/245426339?uid=1&isSubCate=false&referrercate=680719,https://photo.yupoo.com/minkang/c700e25555/square.jpg,19
Premier League,M-U 26/27 Goalkeeper Kids Kit Jersey Size：16-2812,https://minkang.x.yupoo.com/albums/245426339?uid=1&isSubCate=false&referrercate=680719,https://photo.yupoo.com/minkang/9368b08180/square.jpg,20
Premier League,M-U 26/27 Goalkeeper Kids Kit Jersey Size：16-2812,https://minkang.x.yupoo.com/albums/245426339?uid=1&isSubCate=false&referrercate=680719,https://photo.yupoo.com/minkang/3bcf0080cf/square.jpg,21
Premier League,M-U 26/27 Goalkeeper Kids Kit Jersey Size：16-2812,https://minkang.x.yupoo.com/albums/245426339?uid=1&isSubCate=false&referrercate=680719,https://photo.yupoo.com/minkang/5a75fe84fd/square.jpg,22
Premier League,M-U 26/27 Goalkeeper Kids Kit Jersey Size：16-2812,https://minkang.x.yupoo.com/albums/245426339?uid=1&isSubCate=false&referrercate=680719,https://photo.yupoo.com/minkang/4de2bcb923/square.jpg,23
Premier League,M-U 26/27 Goalkeeper Kids Kit Jersey Size：16-2812,https://minkang.x.yupoo.com/albums/245426339?uid=1&isSubCate=false&referrercate=680719,https://photo.yupoo.com/minkang/29bc6ef58c/square.jpg,24
Premier League,Aston Villa 26/27 Home Kids Kit Jersey Size 16-2810,https://minkang.x.yupoo.com/albums/245428124?uid=1&isSubCate=false&referrercate=680719,https://photo.yupoo.com/minkang/54e2d91c82/large.jpg,1
Premier League,Aston Villa 26/27 Home Kids Kit Jersey Size 16-2810,https://minkang.x.yupoo.com/albums/245428124?uid=1&isSubCate=false&referrercate=680719,https://photo.yupoo.com/minkang/bc7272514d/large.jpg,2
Premier League,Aston Villa 26/27 Home Kids Kit Jersey Size 16-2810,https://minkang.x.yupoo.com/albums/245428124?uid=1&isSubCate=false&referrercate=680719,https://photo.yupoo.com/minkang/be4c1203f4/large.jpg,3
Premier League,Aston Villa 26/27 Home Kids Kit Jersey Size 16-2810,https://minkang.x.yupoo.com/albums/245428124?uid=1&isSubCate=false&referrercate=680719,https://photo.yupoo.com/minkang/9b5204cab8/large.jpg,4
Premier League,Aston Villa 26/27 Home Kids Kit Jersey Size 16-2810,https://minkang.x.yupoo.com/albums/245428124?uid=1&isSubCate=false&referrercate=680719,https://photo.yupoo.com/minkang/3e4ad64aa1/large.jpg,5
Premier League,Aston Villa 26/27 Home Kids Kit Jersey Size 16-2810,https://minkang.x.yupoo.com/albums/245428124?uid=1&isSubCate=false&referrercate=680719,https://photo.yupoo.com/minkang/de9b402b2e/large.jpg,6
Premier League,Aston Villa 26/27 Home Kids Kit Jersey Size 16-2810,https://minkang.x.yupoo.com/albums/245428124?uid=1&isSubCate=false&referrercate=680719,https://photo.yupoo.com/minkang/f4e889bbee/large.jpg,7
Premier League,Aston Villa 26/27 Home Kids Kit Jersey Size 16-2810,https://minkang.x.yupoo.com/albums/245428124?uid=1&isSubCate=false&referrercate=680719,https://photo.yupoo.com/minkang/6b0d992e2d/large.jpg,8
Premier League,Aston Villa 26/27 Home Kids Kit Jersey Size 16-2810,https://minkang.x.yupoo.com/albums/245428124?uid=1&isSubCate=false&referrercate=680719,https://photo.yupoo.com/minkang/b745d357af/large.jpg,9
Premier League,Aston Villa 26/27 Home Kids Kit Jersey Size 16-2810,https://minkang.x.yupoo.com/albums/245428124?uid=1&isSubCate=false&referrercate=680719,https://photo.yupoo.com/minkang/b73c864a96/large.jpg,10
Premier League,Aston Villa 26/27 Home Kids Kit Jersey Size 16-2810,https://minkang.x.yupoo.com/albums/245428124?uid=1&isSubCate=false&referrercate=680719,https://photo.yupoo.com/minkang/bc7272514d/square.jpg,11
Premier League,Aston Villa 26/27 Home Kids Kit Jersey Size 16-2810,https://minkang.x.yupoo.com/albums/245428124?uid=1&isSubCate=false&referrercate=680719,https://photo.yupoo.com/minkang/54e2d91c82/square.jpg,12
Premier League,Aston Villa 26/27 Home Kids Kit Jersey Size 16-2810,https://minkang.x.yupoo.com/albums/245428124?uid=1&isSubCate=false&referrercate=680719,https://photo.yupoo.com/minkang/be4c1203f4/square.jpg,13
Premier League,Aston Villa 26/27 Home Kids Kit Jersey Size 16-2810,https://minkang.x.yupoo.com/albums/245428124?uid=1&isSubCate=false&referrercate=680719,https://photo.yupoo.com/minkang/9b5204cab8/square.jpg,14
Premier League,Aston Villa 26/27 Home Kids Kit Jersey Size 16-2810,https://minkang.x.yupoo.com/albums/245428124?uid=1&isSubCate=false&referrercate=680719,https://photo.yupoo.com/minkang/3e4ad64aa1/square.jpg,15
Premier League,Aston Villa 26/27 Home Kids Kit Jersey Size 16-2810,https://minkang.x.yupoo.com/albums/245428124?uid=1&isSubCate=false&referrercate=680719,https://photo.yupoo.com/minkang/de9b402b2e/square.jpg,16
Premier League,Aston Villa 26/27 Home Kids Kit Jersey Size 16-2810,https://minkang.x.yupoo.com/albums/245428124?uid=1&isSubCate=false&referrercate=680719,https://photo.yupoo.com/minkang/f4e889bbee/square.jpg,17
Premier League,Aston Villa 26/27 Home Kids Kit Jersey Size 16-2810,https://minkang.x.yupoo.com/albums/245428124?uid=1&isSubCate=false&referrercate=680719,https://photo.yupoo.com/minkang/6b0d992e2d/square.jpg,18
Premier League,Aston Villa 26/27 Home Kids Kit Jersey Size 16-2810,https://minkang.x.yupoo.com/albums/245428124?uid=1&isSubCate=false&referrercate=680719,https://photo.yupoo.com/minkang/b745d357af/square.jpg,19
Premier League,Aston Villa 26/27 Home Kids Kit Jersey Size 16-2810,https://minkang.x.yupoo.com/albums/245428124?uid=1&isSubCate=false&referrercate=680719,https://photo.yupoo.com/minkang/b73c864a96/square.jpg,20
Premier League,Arsenal 26/27 Third Away Player Version Long Sleeved Jersey S-3XL9,https://minkang.x.yupoo.com/albums/245424069?uid=1&isSubCate=false&referrercate=680719,https://photo.yupoo.com/minkang/cd8fbe8382/large.jpg,1
Premier League,Arsenal 26/27 Third Away Player Version Long Sleeved Jersey S-3XL9,https://minkang.x.yupoo.com/albums/245424069?uid=1&isSubCate=false&referrercate=680719,https://photo.yupoo.com/minkang/b9de244036/large.jpg,2
Premier League,Arsenal 26/27 Third Away Player Version Long Sleeved Jersey S-3XL9,https://minkang.x.yupoo.com/albums/245424069?uid=1&isSubCate=false&referrercate=680719,https://photo.yupoo.com/minkang/833253e5f7/large.jpg,3
Premier League,Arsenal 26/27 Third Away Player Version Long Sleeved Jersey S-3XL9,https://minkang.x.yupoo.com/albums/245424069?uid=1&isSubCate=false&referrercate=680719,https://photo.yupoo.com/minkang/24338b6291/large.jpg,4
Premier League,Arsenal 26/27 Third Away Player Version Long Sleeved Jersey S-3XL9,https://minkang.x.yupoo.com/albums/245424069?uid=1&isSubCate=false&referrercate=680719,https://photo.yupoo.com/minkang/28b34737ee/large.jpg,5
Premier League,Arsenal 26/27 Third Away Player Version Long Sleeved Jersey S-3XL9,https://minkang.x.yupoo.com/albums/245424069?uid=1&isSubCate=false&referrercate=680719,https://photo.yupoo.com/minkang/b8d1c23cc1/large.jpg,6
Premier League,Arsenal 26/27 Third Away Player Version Long Sleeved Jersey S-3XL9,https://minkang.x.yupoo.com/albums/245424069?uid=1&isSubCate=false&referrercate=680719,https://photo.yupoo.com/minkang/fb23b98c84/large.jpg,7
Premier League,Arsenal 26/27 Third Away Player Version Long Sleeved Jersey S-3XL9,https://minkang.x.yupoo.com/albums/245424069?uid=1&isSubCate=false&referrercate=680719,https://photo.yupoo.com/minkang/9c441e72ae/large.jpg,8
Premier League,Arsenal 26/27 Third Away Player Version Long Sleeved Jersey S-3XL9,https://minkang.x.yupoo.com/albums/245424069?uid=1&isSubCate=false&referrercate=680719,https://photo.yupoo.com/minkang/7c59b0f7fb/large.jpg,9
Premier League,Arsenal 26/27 Third Away Player Version Long Sleeved Jersey S-3XL9,https://minkang.x.yupoo.com/albums/245424069?uid=1&isSubCate=false&referrercate=680719,https://photo.yupoo.com/minkang/b9de244036/square.jpg,10
Premier League,Arsenal 26/27 Third Away Player Version Long Sleeved Jersey S-3XL9,https://minkang.x.yupoo.com/albums/245424069?uid=1&isSubCate=false&referrercate=680719,https://photo.yupoo.com/minkang/cd8fbe8382/square.jpg,11
Premier League,Arsenal 26/27 Third Away Player Version Long Sleeved Jersey S-3XL9,https://minkang.x.yupoo.com/albums/245424069?uid=1&isSubCate=false&referrercate=680719,https://photo.yupoo.com/minkang/833253e5f7/square.jpg,12
Premier League,Arsenal 26/27 Third Away Player Version Long Sleeved Jersey S-3XL9,https://minkang.x.yupoo.com/albums/245424069?uid=1&isSubCate=false&referrercate=680719,https://photo.yupoo.com/minkang/24338b6291/square.jpg,13
Premier League,Arsenal 26/27 Third Away Player Version Long Sleeved Jersey S-3XL9,https://minkang.x.yupoo.com/albums/245424069?uid=1&isSubCate=false&referrercate=680719,https://photo.yupoo.com/minkang/28b34737ee/square.jpg,14
Premier League,Arsenal 26/27 Third Away Player Version Long Sleeved Jersey S-3XL9,https://minkang.x.yupoo.com/albums/245424069?uid=1&isSubCate=false&referrercate=680719,https://photo.yupoo.com/minkang/b8d1c23cc1/square.jpg,15
Premier League,Arsenal 26/27 Third Away Player Version Long Sleeved Jersey S-3XL9,https://minkang.x.yupoo.com/albums/245424069?uid=1&isSubCate=false&referrercate=680719,https://photo.yupoo.com/minkang/fb23b98c84/square.jpg,16
Premier League,Arsenal 26/27 Third Away Player Version Long Sleeved Jersey S-3XL9,https://minkang.x.yupoo.com/albums/245424069?uid=1&isSubCate=false&referrercate=680719,https://photo.yupoo.com/minkang/9c441e72ae/square.jpg,17
Premier League,Arsenal 26/27 Third Away Player Version Long Sleeved Jersey S-3XL9,https://minkang.x.yupoo.com/albums/245424069?uid=1&isSubCate=false&referrercate=680719,https://photo.yupoo.com/minkang/7c59b0f7fb/square.jpg,18
Premier League,Manchester City 26/27 Home Player Version Long Sleeved Jersey S-3XL10,https://minkang.x.yupoo.com/albums/245423868?uid=1&isSubCate=false&referrercate=680719,https://photo.yupoo.com/minkang/9527958312/large.jpg,1
Premier League,Manchester City 26/27 Home Player Version Long Sleeved Jersey S-3XL10,https://minkang.x.yupoo.com/albums/245423868?uid=1&isSubCate=false&referrercate=680719,https://photo.yupoo.com/minkang/533d61e5ad/large.jpg,2
Premier League,Manchester City 26/27 Home Player Version Long Sleeved Jersey S-3XL10,https://minkang.x.yupoo.com/albums/245423868?uid=1&isSubCate=false&referrercate=680719,https://photo.yupoo.com/minkang/eac4cd8bb4/large.jpg,3
Premier League,Manchester City 26/27 Home Player Version Long Sleeved Jersey S-3XL10,https://minkang.x.yupoo.com/albums/245423868?uid=1&isSubCate=false&referrercate=680719,https://photo.yupoo.com/minkang/bb0116c1e5/large.jpg,4
Premier League,Manchester City 26/27 Home Player Version Long Sleeved Jersey S-3XL10,https://minkang.x.yupoo.com/albums/245423868?uid=1&isSubCate=false&referrercate=680719,https://photo.yupoo.com/minkang/1686b2f89c/large.jpg,5
Premier League,Manchester City 26/27 Home Player Version Long Sleeved Jersey S-3XL10,https://minkang.x.yupoo.com/albums/245423868?uid=1&isSubCate=false&referrercate=680719,https://photo.yupoo.com/minkang/635336fffa/large.jpg,6
Premier League,Manchester City 26/27 Home Player Version Long Sleeved Jersey S-3XL10,https://minkang.x.yupoo.com/albums/245423868?uid=1&isSubCate=false&referrercate=680719,https://photo.yupoo.com/minkang/a6c8fd9f54/large.jpg,7
Premier League,Manchester City 26/27 Home Player Version Long Sleeved Jersey S-3XL10,https://minkang.x.yupoo.com/albums/245423868?uid=1&isSubCate=false&referrercate=680719,https://photo.yupoo.com/minkang/162b4ec682/large.jpg,8
Premier League,Manchester City 26/27 Home Player Version Long Sleeved Jersey S-3XL10,https://minkang.x.yupoo.com/albums/245423868?uid=1&isSubCate=false&referrercate=680719,https://photo.yupoo.com/minkang/4aa291792e/large.jpg,9
Premier League,Manchester City 26/27 Home Player Version Long Sleeved Jersey S-3XL10,https://minkang.x.yupoo.com/albums/245423868?uid=1&isSubCate=false&referrercate=680719,https://photo.yupoo.com/minkang/cc7aea5cff/large.jpg,10
Premier League,Manchester City 26/27 Home Player Version Long Sleeved Jersey S-3XL10,https://minkang.x.yupoo.com/albums/245423868?uid=1&isSubCate=false&referrercate=680719,https://photo.yupoo.com/minkang/9527958312/square.jpg,11
Premier League,Manchester City 26/27 Home Player Version Long Sleeved Jersey S-3XL10,https://minkang.x.yupoo.com/albums/245423868?uid=1&isSubCate=false&referrercate=680719,https://photo.yupoo.com/minkang/533d61e5ad/square.jpg,12
Premier League,Manchester City 26/27 Home Player Version Long Sleeved Jersey S-3XL10,https://minkang.x.yupoo.com/albums/245423868?uid=1&isSubCate=false&referrercate=680719,https://photo.yupoo.com/minkang/eac4cd8bb4/square.jpg,13
Premier League,Manchester City 26/27 Home Player Version Long Sleeved Jersey S-3XL10,https://minkang.x.yupoo.com/albums/245423868?uid=1&isSubCate=false&referrercate=680719,https://photo.yupoo.com/minkang/bb0116c1e5/square.jpg,14
Premier League,Manchester City 26/27 Home Player Version Long Sleeved Jersey S-3XL10,https://minkang.x.yupoo.com/albums/245423868?uid=1&isSubCate=false&referrercate=680719,https://photo.yupoo.com/minkang/1686b2f89c/square.jpg,15
Premier League,Manchester City 26/27 Home Player Version Long Sleeved Jersey S-3XL10,https://minkang.x.yupoo.com/albums/245423868?uid=1&isSubCate=false&referrercate=680719,https://photo.yupoo.com/minkang/635336fffa/square.jpg,16
Premier League,Manchester City 26/27 Home Player Version Long Sleeved Jersey S-3XL10,https://minkang.x.yupoo.com/albums/245423868?uid=1&isSubCate=false&referrercate=680719,https://photo.yupoo.com/minkang/a6c8fd9f54/square.jpg,17
Premier League,Manchester City 26/27 Home Player Version Long Sleeved Jersey S-3XL10,https://minkang.x.yupoo.com/albums/245423868?uid=1&isSubCate=false&referrercate=680719,https://photo.yupoo.com/minkang/162b4ec682/square.jpg,18
Premier League,Manchester City 26/27 Home Player Version Long Sleeved Jersey S-3XL10,https://minkang.x.yupoo.com/albums/245423868?uid=1&isSubCate=false&referrercate=680719,https://photo.yupoo.com/minkang/4aa291792e/square.jpg,19
Premier League,Manchester City 26/27 Home Player Version Long Sleeved Jersey S-3XL10,https://minkang.x.yupoo.com/albums/245423868?uid=1&isSubCate=false&referrercate=680719,https://photo.yupoo.com/minkang/cc7aea5cff/square.jpg,20
Premier League,Arsenal 26/27 Home Player Version Long Sleeved Jersey S-3XL9,https://minkang.x.yupoo.com/albums/245423364?uid=1&isSubCate=false&referrercate=680719,https://photo.yupoo.com/minkang/514f307def/large.jpg,1
Premier League,Arsenal 26/27 Home Player Version Long Sleeved Jersey S-3XL9,https://minkang.x.yupoo.com/albums/245423364?uid=1&isSubCate=false&referrercate=680719,https://photo.yupoo.com/minkang/9c5a57302d/large.jpg,2
Premier League,Arsenal 26/27 Home Player Version Long Sleeved Jersey S-3XL9,https://minkang.x.yupoo.com/albums/245423364?uid=1&isSubCate=false&referrercate=680719,https://photo.yupoo.com/minkang/485fc6904a/large.jpg,3
Premier League,Arsenal 26/27 Home Player Version Long Sleeved Jersey S-3XL9,https://minkang.x.yupoo.com/albums/245423364?uid=1&isSubCate=false&referrercate=680719,https://photo.yupoo.com/minkang/1a6f3ddc9a/large.jpg,4
Premier League,Arsenal 26/27 Home Player Version Long Sleeved Jersey S-3XL9,https://minkang.x.yupoo.com/albums/245423364?uid=1&isSubCate=false&referrercate=680719,https://photo.yupoo.com/minkang/68733387f2/large.jpg,5
Premier League,Arsenal 26/27 Home Player Version Long Sleeved Jersey S-3XL9,https://minkang.x.yupoo.com/albums/245423364?uid=1&isSubCate=false&referrercate=680719,https://photo.yupoo.com/minkang/457d90ff90/large.jpg,6
Premier League,Arsenal 26/27 Home Player Version Long Sleeved Jersey S-3XL9,https://minkang.x.yupoo.com/albums/245423364?uid=1&isSubCate=false&referrercate=680719,https://photo.yupoo.com/minkang/742e0bb8aa/large.jpg,7
Premier League,Arsenal 26/27 Home Player Version Long Sleeved Jersey S-3XL9,https://minkang.x.yupoo.com/albums/245423364?uid=1&isSubCate=false&referrercate=680719,https://photo.yupoo.com/minkang/18e21c976b/large.jpg,8
Premier League,Arsenal 26/27 Home Player Version Long Sleeved Jersey S-3XL9,https://minkang.x.yupoo.com/albums/245423364?uid=1&isSubCate=false&referrercate=680719,https://photo.yupoo.com/minkang/4ea8855eaf/large.jpg,9
Premier League,Arsenal 26/27 Home Player Version Long Sleeved Jersey S-3XL9,https://minkang.x.yupoo.com/albums/245423364?uid=1&isSubCate=false&referrercate=680719,https://photo.yupoo.com/minkang/9c5a57302d/square.jpg,10
Premier League,Arsenal 26/27 Home Player Version Long Sleeved Jersey S-3XL9,https://minkang.x.yupoo.com/albums/245423364?uid=1&isSubCate=false&referrercate=680719,https://photo.yupoo.com/minkang/514f307def/square.jpg,11
Premier League,Arsenal 26/27 Home Player Version Long Sleeved Jersey S-3XL9,https://minkang.x.yupoo.com/albums/245423364?uid=1&isSubCate=false&referrercate=680719,https://photo.yupoo.com/minkang/485fc6904a/square.jpg,12
Premier League,Arsenal 26/27 Home Player Version Long Sleeved Jersey S-3XL9,https://minkang.x.yupoo.com/albums/245423364?uid=1&isSubCate=false&referrercate=680719,https://photo.yupoo.com/minkang/1a6f3ddc9a/square.jpg,13
Premier League,Arsenal 26/27 Home Player Version Long Sleeved Jersey S-3XL9,https://minkang.x.yupoo.com/albums/245423364?uid=1&isSubCate=false&referrercate=680719,https://photo.yupoo.com/minkang/68733387f2/square.jpg,14
Premier League,Arsenal 26/27 Home Player Version Long Sleeved Jersey S-3XL9,https://minkang.x.yupoo.com/albums/245423364?uid=1&isSubCate=false&referrercate=680719,https://photo.yupoo.com/minkang/457d90ff90/square.jpg,15
Premier League,Arsenal 26/27 Home Player Version Long Sleeved Jersey S-3XL9,https://minkang.x.yupoo.com/albums/245423364?uid=1&isSubCate=false&referrercate=680719,https://photo.yupoo.com/minkang/742e0bb8aa/square.jpg,16
Premier League,Arsenal 26/27 Home Player Version Long Sleeved Jersey S-3XL9,https://minkang.x.yupoo.com/albums/245423364?uid=1&isSubCate=false&referrercate=680719,https://photo.yupoo.com/minkang/18e21c976b/square.jpg,17
Premier League,Arsenal 26/27 Home Player Version Long Sleeved Jersey S-3XL9,https://minkang.x.yupoo.com/albums/245423364?uid=1&isSubCate=false&referrercate=680719,https://photo.yupoo.com/minkang/4ea8855eaf/square.jpg,18
Premier League,Chelsea 26/27 Third Away Player Version Long Sleeved Jersey S-3XL8,https://minkang.x.yupoo.com/albums/245423302?uid=1&isSubCate=false&referrercate=680719,https://photo.yupoo.com/minkang/1b47bf679a/large.jpg,1
Premier League,Chelsea 26/27 Third Away Player Version Long Sleeved Jersey S-3XL8,https://minkang.x.yupoo.com/albums/245423302?uid=1&isSubCate=false&referrercate=680719,https://photo.yupoo.com/minkang/69e7abf296/large.jpg,2
Premier League,Chelsea 26/27 Third Away Player Version Long Sleeved Jersey S-3XL8,https://minkang.x.yupoo.com/albums/245423302?uid=1&isSubCate=false&referrercate=680719,https://photo.yupoo.com/minkang/dbf6e35901/large.jpg,3
Premier League,Chelsea 26/27 Third Away Player Version Long Sleeved Jersey S-3XL8,https://minkang.x.yupoo.com/albums/245423302?uid=1&isSubCate=false&referrercate=680719,https://photo.yupoo.com/minkang/8069093a91/large.jpg,4
Premier League,Chelsea 26/27 Third Away Player Version Long Sleeved Jersey S-3XL8,https://minkang.x.yupoo.com/albums/245423302?uid=1&isSubCate=false&referrercate=680719,https://photo.yupoo.com/minkang/f34f2b5411/large.jpg,5
Premier League,Chelsea 26/27 Third Away Player Version Long Sleeved Jersey S-3XL8,https://minkang.x.yupoo.com/albums/245423302?uid=1&isSubCate=false&referrercate=680719,https://photo.yupoo.com/minkang/bb83f0845c/large.jpg,6
Premier League,Chelsea 26/27 Third Away Player Version Long Sleeved Jersey S-3XL8,https://minkang.x.yupoo.com/albums/245423302?uid=1&isSubCate=false&referrercate=680719,https://photo.yupoo.com/minkang/6c7c33011a/large.jpg,7
Premier League,Chelsea 26/27 Third Away Player Version Long Sleeved Jersey S-3XL8,https://minkang.x.yupoo.com/albums/245423302?uid=1&isSubCate=false&referrercate=680719,https://photo.yupoo.com/minkang/7fb4414853/large.jpg,8
Premier League,Chelsea 26/27 Third Away Player Version Long Sleeved Jersey S-3XL8,https://minkang.x.yupoo.com/albums/245423302?uid=1&isSubCate=false&referrercate=680719,https://photo.yupoo.com/minkang/69e7abf296/square.jpg,9
Premier League,Chelsea 26/27 Third Away Player Version Long Sleeved Jersey S-3XL8,https://minkang.x.yupoo.com/albums/245423302?uid=1&isSubCate=false&referrercate=680719,https://photo.yupoo.com/minkang/1b47bf679a/square.jpg,10
Premier League,Chelsea 26/27 Third Away Player Version Long Sleeved Jersey S-3XL8,https://minkang.x.yupoo.com/albums/245423302?uid=1&isSubCate=false&referrercate=680719,https://photo.yupoo.com/minkang/dbf6e35901/square.jpg,11
Premier League,Chelsea 26/27 Third Away Player Version Long Sleeved Jersey S-3XL8,https://minkang.x.yupoo.com/albums/245423302?uid=1&isSubCate=false&referrercate=680719,https://photo.yupoo.com/minkang/8069093a91/square.jpg,12
Premier League,Chelsea 26/27 Third Away Player Version Long Sleeved Jersey S-3XL8,https://minkang.x.yupoo.com/albums/245423302?uid=1&isSubCate=false&referrercate=680719,https://photo.yupoo.com/minkang/f34f2b5411/square.jpg,13
Premier League,Chelsea 26/27 Third Away Player Version Long Sleeved Jersey S-3XL8,https://minkang.x.yupoo.com/albums/245423302?uid=1&isSubCate=false&referrercate=680719,https://photo.yupoo.com/minkang/bb83f0845c/square.jpg,14
Premier League,Chelsea 26/27 Third Away Player Version Long Sleeved Jersey S-3XL8,https://minkang.x.yupoo.com/albums/245423302?uid=1&isSubCate=false&referrercate=680719,https://photo.yupoo.com/minkang/6c7c33011a/square.jpg,15
Premier League,Chelsea 26/27 Third Away Player Version Long Sleeved Jersey S-3XL8,https://minkang.x.yupoo.com/albums/245423302?uid=1&isSubCate=false&referrercate=680719,https://photo.yupoo.com/minkang/7fb4414853/square.jpg,16
Premier League,Tottenham 26/27 Away Match Player Version Jersey S-3XL9,https://minkang.x.yupoo.com/albums/245423005?uid=1&isSubCate=false&referrercate=680719,https://photo.yupoo.com/minkang/0ee4a66a53/large.jpg,1
Premier League,Tottenham 26/27 Away Match Player Version Jersey S-3XL9,https://minkang.x.yupoo.com/albums/245423005?uid=1&isSubCate=false&referrercate=680719,https://photo.yupoo.com/minkang/9249b4024c/large.jpg,2
Premier League,Tottenham 26/27 Away Match Player Version Jersey S-3XL9,https://minkang.x.yupoo.com/albums/245423005?uid=1&isSubCate=false&referrercate=680719,https://photo.yupoo.com/minkang/9712798895/large.jpg,3
Premier League,Tottenham 26/27 Away Match Player Version Jersey S-3XL9,https://minkang.x.yupoo.com/albums/245423005?uid=1&isSubCate=false&referrercate=680719,https://photo.yupoo.com/minkang/8d59ecc9cd/large.jpg,4
Premier League,Tottenham 26/27 Away Match Player Version Jersey S-3XL9,https://minkang.x.yupoo.com/albums/245423005?uid=1&isSubCate=false&referrercate=680719,https://photo.yupoo.com/minkang/690f485fd2/large.jpg,5
Premier League,Tottenham 26/27 Away Match Player Version Jersey S-3XL9,https://minkang.x.yupoo.com/albums/245423005?uid=1&isSubCate=false&referrercate=680719,https://photo.yupoo.com/minkang/e7dfa57e57/large.jpg,6
Premier League,Tottenham 26/27 Away Match Player Version Jersey S-3XL9,https://minkang.x.yupoo.com/albums/245423005?uid=1&isSubCate=false&referrercate=680719,https://photo.yupoo.com/minkang/b3ef005982/large.jpg,7
Premier League,Tottenham 26/27 Away Match Player Version Jersey S-3XL9,https://minkang.x.yupoo.com/albums/245423005?uid=1&isSubCate=false&referrercate=680719,https://photo.yupoo.com/minkang/5b71e847af/large.jpg,8
Premier League,Tottenham 26/27 Away Match Player Version Jersey S-3XL9,https://minkang.x.yupoo.com/albums/245423005?uid=1&isSubCate=false&referrercate=680719,https://photo.yupoo.com/minkang/5a5e90c0a7/large.jpg,9
Premier League,Tottenham 26/27 Away Match Player Version Jersey S-3XL9,https://minkang.x.yupoo.com/albums/245423005?uid=1&isSubCate=false&referrercate=680719,https://photo.yupoo.com/minkang/9249b4024c/square.jpg,10
Premier League,Tottenham 26/27 Away Match Player Version Jersey S-3XL9,https://minkang.x.yupoo.com/albums/245423005?uid=1&isSubCate=false&referrercate=680719,https://photo.yupoo.com/minkang/0ee4a66a53/square.jpg,11
Premier League,Tottenham 26/27 Away Match Player Version Jersey S-3XL9,https://minkang.x.yupoo.com/albums/245423005?uid=1&isSubCate=false&referrercate=680719,https://photo.yupoo.com/minkang/9712798895/square.jpg,12
Premier League,Tottenham 26/27 Away Match Player Version Jersey S-3XL9,https://minkang.x.yupoo.com/albums/245423005?uid=1&isSubCate=false&referrercate=680719,https://photo.yupoo.com/minkang/8d59ecc9cd/square.jpg,13
Premier League,Tottenham 26/27 Away Match Player Version Jersey S-3XL9,https://minkang.x.yupoo.com/albums/245423005?uid=1&isSubCate=false&referrercate=680719,https://photo.yupoo.com/minkang/690f485fd2/square.jpg,14
Premier League,Tottenham 26/27 Away Match Player Version Jersey S-3XL9,https://minkang.x.yupoo.com/albums/245423005?uid=1&isSubCate=false&referrercate=680719,https://photo.yupoo.com/minkang/e7dfa57e57/square.jpg,15
Premier League,Tottenham 26/27 Away Match Player Version Jersey S-3XL9,https://minkang.x.yupoo.com/albums/245423005?uid=1&isSubCate=false&referrercate=680719,https://photo.yupoo.com/minkang/b3ef005982/square.jpg,16
Premier League,Tottenham 26/27 Away Match Player Version Jersey S-3XL9,https://minkang.x.yupoo.com/albums/245423005?uid=1&isSubCate=false&referrercate=680719,https://photo.yupoo.com/minkang/5b71e847af/square.jpg,17
Premier League,Tottenham 26/27 Away Match Player Version Jersey S-3XL9,https://minkang.x.yupoo.com/albums/245423005?uid=1&isSubCate=false&referrercate=680719,https://photo.yupoo.com/minkang/5a5e90c0a7/square.jpg,18
"Brasileirao Serie A","Flamengo 26/27 Third Player Version Jersey S-4XL","https://minkang.x.yupoo.com/albums/252957689?uid=1&isSubCate=true&referrercate=720314","https://photo.yupoo.com/minkang/200faea255/2443ef33.jpg",1
"Brasileirao Serie A","Flamengo 26/27 Third Player Version Jersey S-4XL","https://minkang.x.yupoo.com/albums/252957689?uid=1&isSubCate=true&referrercate=720314","https://photo.yupoo.com/minkang/245d1526cb/be7807cd.jpg",2
"Brasileirao Serie A","Flamengo 26/27 Originals 2 Trefoil Jersey S-4XL","https://minkang.x.yupoo.com/albums/251868000?uid=1&isSubCate=true&referrercate=720314","https://photo.yupoo.com/minkang/1f95b6144f/30bb3b94.jpg",1
"Brasileirao Serie A","Flamengo 26/27 Originals 2 Trefoil Jersey S-4XL","https://minkang.x.yupoo.com/albums/251868000?uid=1&isSubCate=true&referrercate=720314","https://photo.yupoo.com/minkang/c1b5cadb2e/4fb04b51.jpg",2
"Brasileirao Serie A","Flamengo 26/27 Away Jersey (Version with Sponsor Logos) S-4XL","https://minkang.x.yupoo.com/albums/252314641?uid=1&isSubCate=true&referrercate=720314","https://photo.yupoo.com/minkang/9bb8f9ea18/80b37c80.jpg",1
"Brasileirao Serie A","Flamengo 26/27 Away Jersey (Version with Sponsor Logos) S-4XL","https://minkang.x.yupoo.com/albums/252314641?uid=1&isSubCate=true&referrercate=720314","https://photo.yupoo.com/minkang/86746fe18b/1c486d89.jpg",2
"Brasileirao Serie A","Flamengo 26/27 Third Away Match Jersey S-4XL","https://minkang.x.yupoo.com/albums/252342950?uid=1&isSubCate=true&referrercate=720314","https://photo.yupoo.com/minkang/266d5ae70c/cd7507e7.jpg",1
"Brasileirao Serie A","Flamengo 26/27 Third Away Match Jersey S-4XL","https://minkang.x.yupoo.com/albums/252342950?uid=1&isSubCate=true&referrercate=720314","https://photo.yupoo.com/minkang/fd5bf6d961/e5c5b074.jpg",2
"Brasileirao Serie A","Flamengo 26/27 Third Away Match Jersey S-4XL","https://minkang.x.yupoo.com/albums/252342950?uid=1&isSubCate=true&referrercate=720314","https://photo.yupoo.com/minkang/88b303cb01/c0a0b9dd.jpg",3
"Brasileirao Serie A","Flamengo 26/27 Third Away Match Jersey S-4XL","https://minkang.x.yupoo.com/albums/252342950?uid=1&isSubCate=true&referrercate=720314","https://photo.yupoo.com/minkang/625c889051/b09e949e.jpg",4
"Brasileirao Serie A","Flamengo 26/27 Third Away Match Jersey S-4XL","https://minkang.x.yupoo.com/albums/252342950?uid=1&isSubCate=true&referrercate=720314","https://photo.yupoo.com/minkang/aad653ca0c/a7cbc1ec.jpg",5
"Brasileirao Serie A","Flamengo 26/27 Third Away Match Jersey S-4XL","https://minkang.x.yupoo.com/albums/252342950?uid=1&isSubCate=true&referrercate=720314","https://photo.yupoo.com/minkang/33eb418988/a9e87af7.jpg",6
"Brasileirao Serie A","Flamengo 26/27 Third Womens Jersey S-XXL","https://minkang.x.yupoo.com/albums/252344157?uid=1&isSubCate=true&referrercate=720314","https://photo.yupoo.com/minkang/c702553bdf/5a08d135.jpg",1
"Brasileirao Serie A","Flamengo 26/27 Third Womens Jersey S-XXL","https://minkang.x.yupoo.com/albums/252344157?uid=1&isSubCate=true&referrercate=720314","https://photo.yupoo.com/minkang/3fa0618466/dee5fda7.jpg",2
"Brasileirao Serie A","Flamengo 26/27 Third Womens Jersey S-XXL","https://minkang.x.yupoo.com/albums/252344157?uid=1&isSubCate=true&referrercate=720314","https://photo.yupoo.com/minkang/86aa11bd01/474e250b.jpg",3
"Brasileirao Serie A","Flamengo 26/27 Third Womens Jersey S-XXL","https://minkang.x.yupoo.com/albums/252344157?uid=1&isSubCate=true&referrercate=720314","https://photo.yupoo.com/minkang/f82ca9b6e8/4853d87a.jpg",4
"Brasileirao Serie A","Flamengo 26/27 Third Womens Jersey S-XXL","https://minkang.x.yupoo.com/albums/252344157?uid=1&isSubCate=true&referrercate=720314","https://photo.yupoo.com/minkang/d3011c6f0d/ccdda9db.jpg",5
"Brasileirao Serie A","Flamengo 26/27 Third Womens Jersey S-XXL","https://minkang.x.yupoo.com/albums/252344157?uid=1&isSubCate=true&referrercate=720314","https://photo.yupoo.com/minkang/463af955e2/b6e70085.jpg",6
"Brasileirao Serie A","Flamengo 26/27 Goalkeeper Orange Jersey S-2XL","https://minkang.x.yupoo.com/albums/252347792?uid=1&isSubCate=true&referrercate=720314","https://photo.yupoo.com/minkang/ab3de3d124/1b71b0c5.jpg",1
"Brasileirao Serie A","Flamengo 26/27 Goalkeeper Orange Jersey S-2XL","https://minkang.x.yupoo.com/albums/252347792?uid=1&isSubCate=true&referrercate=720314","https://photo.yupoo.com/minkang/851c5228b6/b0049be3.jpg",2
"Brasileirao Serie A","Flamengo 26/27 US Pack Full-Button Baseball Jersey S-4XL","https://minkang.x.yupoo.com/albums/251866809?uid=1&isSubCate=true&referrercate=720314","https://photo.yupoo.com/minkang/ae91cf5e84/38352ef2.jpg",1
"Brasileirao Serie A","Flamengo 26/27 US Pack Full-Button Baseball Jersey S-4XL","https://minkang.x.yupoo.com/albums/251866809?uid=1&isSubCate=true&referrercate=720314","https://photo.yupoo.com/minkang/9a04f35148/a6fd11cf.jpg",2
"Brasileirao Serie A","Flamengo 26/27 Third Away Women's Jersey Sizes S-4XL","https://minkang.x.yupoo.com/albums/251849746?uid=1&isSubCate=true&referrercate=720314","https://photo.yupoo.com/minkang/baf961c203/6511742d.jpg",1
